prospect_id,data_year,name,position,fangraphs_id,target,target_label,fangraphs_fv,hit_future,game_power_future,raw_power_future,speed_future,fielding_future,versatility_future,pitch_sel_future,bat_ctrl_future,hard_hit_pct,hit_upside,power_upside,speed_upside,fielding_upside,frame_grade,athleticism_grade,arm_grade,levers_encoded,total_pa,total_ab,total_hr,total_sb,avg_obp,avg_slg,batting_avg,isolated_power,bb_k_ratio,k_rate,bb_rate,power_speed_number,played_aaa,played_aa,played_a_plus,highest_level,avg_age,fv_change_1yr,hit_change,power_change,speed_change
8390,2022,Termarr Johnson,2B,sa3020214,2,MLB Regular+,55,60.0,55.0,60.0,40.0,45.0,,,,,35.0,30.0,-10.0,15.0,-1.0,2.0,50.0,1,,,,,,,,,,,,0.0,0,0,0,1,17.0,0,0.0,0.0,0.0
8835,2022,Cristian Hernandez,SS,sa3015696,2,MLB Regular+,50,40.0,55.0,60.0,55.0,50.0,,,,,20.0,30.0,0.0,10.0,1.0,1.0,60.0,3,191.0,158.0,5.0,21.0,0.3922722513089005,0.3470314136125654,0.2848101265822785,0.1392405063291139,0.7692307692307693,0.2041884816753926,0.1570680628272251,8.076923076923077,0,0,0,1,17.0,0,0.0,0.0,0.0
8629,2022,Drew Romo,C,27763,2,MLB Regular+,50,50.0,45.0,60.0,30.0,60.0,,,,,20.0,15.0,0.0,15.0,2.0,1.0,70.0,2,339.0,312.0,6.0,23.0,0.3320088495575221,0.4527610619469026,0.3141025641025641,0.125,0.38,0.1474926253687315,0.0560471976401179,9.517241379310343,0,0,0,2,19.0,0,0.0,0.0,0.0
9011,2022,George Valera,RF,22541,2,MLB Regular+,50,40.0,60.0,60.0,50.0,55.0,,,,,10.0,15.0,0.0,5.0,-1.0,,60.0,2,363.0,285.0,19.0,11.0,0.3748484848484848,0.4316666666666666,0.2596491228070175,0.2456140350877192,0.75,0.2424242424242424,0.1818181818181818,13.933333333333334,0,1,1,4,20.0,0,0.0,0.0,0.0
9154,2022,Greg Jones,CF,25448,2,MLB Regular+,50,45.0,50.0,55.0,70.0,45.0,,,,,15.0,20.0,0.0,5.0,1.0,2.0,55.0,2,,,,,,,,,,,,0.0,0,0,0,1,,0,0.0,0.0,0.0
8355,2022,James Triantos,2B,sa3017295,2,MLB Regular+,50,70.0,55.0,50.0,50.0,45.0,,,,,45.0,35.0,0.0,5.0,-1.0,,40.0,2,109.0,101.0,6.0,3.0,0.3057155963302752,0.3882752293577981,0.3267326732673267,0.2673267326732673,0.3888888888888889,0.1651376146788991,0.0642201834862385,4.0,0,0,0,1,18.0,0,0.0,0.0,0.0
9189,2022,Jose Salas,2B,sa3014690,2,MLB Regular+,50,60.0,50.0,55.0,50.0,45.0,,,,,35.0,30.0,-5.0,10.0,2.0,,50.0,2,230.0,200.0,2.0,14.0,0.4160130434782608,0.4319347826086956,0.305,0.1,0.4313725490196078,0.2217391304347826,0.0956521739130434,3.5,0,0,0,2,18.0,0,0.0,0.0,0.0
8213,2022,Kevin Alcántara,CF,25971,2,MLB Regular+,50,40.0,60.0,70.0,50.0,50.0,,,,,10.0,40.0,-5.0,10.0,2.0,2.0,55.0,3,138.0,119.0,5.0,5.0,0.4310289855072463,0.5414782608695652,0.3445378151260504,0.2436974789915966,0.4722222222222222,0.2608695652173913,0.1231884057971014,5.0,0,0,0,1,18.0,0,0.0,0.0,0.0
8719,2022,Miguel Bleis,CF,sa3016834,2,MLB Regular+,50,50.0,60.0,60.0,50.0,50.0,,,,,30.0,35.0,0.0,20.0,1.0,1.0,55.0,3,136.0,119.0,4.0,7.0,0.3873088235294117,0.4865735294117647,0.2521008403361344,0.1680672268907563,0.48,0.1838235294117647,0.088235294117647,5.090909090909091,0,0,0,1,17.0,0,0.0,0.0,0.0
8364,2022,Nick Yorke,2B,27504,2,MLB Regular+,50,60.0,50.0,45.0,45.0,40.0,,,,,25.0,20.0,-5.0,10.0,-1.0,-1.0,30.0,2,442.0,378.0,14.0,13.0,0.3644615384615384,0.4115271493212669,0.3253968253968254,0.1904761904761904,0.7536231884057971,0.1561085972850678,0.1176470588235294,13.48148148148148,0,0,1,3,19.0,0,0.0,0.0,0.0
8374,2022,Orelvis Martinez,3B,25967,2,MLB Regular+,50,45.0,60.0,60.0,40.0,45.0,,,,,15.0,25.0,-5.0,15.0,1.0,1.0,55.0,2,451.0,395.0,28.0,4.0,0.3078514412416851,0.4565210643015521,0.2607594936708861,0.2886075949367088,0.3805309734513274,0.2505543237250554,0.0953436807095343,7.0,0,0,1,3,19.0,0,0.0,0.0,0.0
8307,2022,Owen Caissie,RF,27496,2,MLB Regular+,50,40.0,60.0,65.0,30.0,50.0,,,,,10.0,35.0,-10.0,20.0,2.0,,60.0,3,226.0,182.0,7.0,1.0,0.4591327433628318,0.4879911504424778,0.3021978021978022,0.1868131868131868,0.6268656716417911,0.2964601769911504,0.1858407079646017,1.75,0,0,0,2,18.0,0,0.0,0.0,0.0
8559,2022,Zac Veen,RF,27770,2,MLB Regular+,50,45.0,60.0,70.0,55.0,55.0,,,,,15.0,25.0,-5.0,25.0,2.0,1.0,55.0,3,479.0,399.0,15.0,36.0,0.3828016701461377,0.4024926931106471,0.3007518796992481,0.200501253132832,0.5079365079365079,0.2630480167014614,0.1336116910229645,21.176470588235293,0,0,0,2,19.0,0,0.0,0.0,0.0
9257,2022,Aeverson Arteaga,SS,sa3014707,1,Part-Time,45,40.0,45.0,45.0,60.0,60.0,,,,,20.0,20.0,0.0,15.0,1.0,2.0,60.0,2,229.0,200.0,9.0,8.0,0.4157336244541484,0.6141397379912663,0.29,0.205,0.3285714285714285,0.3056768558951965,0.1004366812227074,8.470588235294118,0,0,0,2,18.0,0,0.0,0.0,0.0
8977,2022,Antonio Gomez,C,sa3008746,1,Part-Time,45,45.0,40.0,50.0,30.0,60.0,,,,,15.0,10.0,-10.0,15.0,,1.0,80.0,1,184.0,156.0,4.0,5.0,0.3111847826086956,0.3487880434782608,0.2628205128205128,0.1538461538461538,0.5306122448979592,0.266304347826087,0.1413043478260869,4.444444444444445,0,0,0,2,19.0,0,0.0,0.0,0.0
9283,2022,Benny Montgomery,CF,sa3017169,1,Part-Time,45,50.0,40.0,60.0,70.0,55.0,,,,,30.0,20.0,0.0,15.0,1.0,1.0,60.0,3,52.0,47.0,0.0,5.0,0.3251153846153846,0.3478653846153846,0.3404255319148936,0.0425531914893617,0.5555555555555556,0.173076923076923,0.0961538461538461,0.0,0,0,0,1,18.0,0,0.0,0.0,0.0
8336,2022,Cam Collier,3B,sa3020131,1,Part-Time,45,50.0,55.0,60.0,40.0,60.0,,,,,30.0,35.0,0.0,15.0,-1.0,,70.0,2,,,,,,,,,,,,0.0,0,0,0,1,16.0,0,0.0,0.0,0.0
8183,2022,Carson Williams,SS,30038,1,Part-Time,45,50.0,50.0,50.0,55.0,55.0,,,,,20.0,20.0,5.0,0.0,1.0,1.0,70.0,3,47.0,39.0,0.0,2.0,0.5847446808510638,0.8182340425531914,0.282051282051282,0.1538461538461538,0.4615384615384615,0.2765957446808511,0.1276595744680851,0.0,0,0,0,1,18.0,0,0.0,0.0,0.0
8694,2022,Cristhian Vaquero,CF,sa3018403,1,Part-Time,45,50.0,60.0,60.0,55.0,50.0,,,,,30.0,35.0,-5.0,20.0,2.0,2.0,60.0,3,,,,,,,,,,,,0.0,0,0,0,1,16.0,0,0.0,0.0,0.0
8875,2022,Daniel Susac,C,sa3019997,1,Part-Time,45,40.0,55.0,70.0,30.0,45.0,,,,,10.0,20.0,-5.0,15.0,,-1.0,45.0,3,,,,,,,,,,,,0.0,0,0,0,1,20.0,0,0.0,0.0,0.0
8828,2022,Deyvison De Los Santos,DH,sa3015168,1,Part-Time,45,40.0,60.0,70.0,30.0,40.0,,,,,20.0,35.0,-10.0,20.0,-1.0,,55.0,2,255.0,227.0,8.0,3.0,0.3653215686274509,0.4105803921568627,0.2951541850220264,0.1938325991189427,0.3880597014925373,0.2627450980392157,0.1019607843137254,4.363636363636363,0,0,0,2,18.0,0,0.0,0.0,0.0
8332,2022,Drew Gilbert,CF,31545,1,Part-Time,45,60.0,40.0,45.0,60.0,60.0,,,,,25.0,10.0,0.0,15.0,1.0,1.0,55.0,1,,,,,,,,,,,,0.0,0,0,0,1,20.0,0,0.0,0.0,0.0
8338,2022,Dylan Beavers,CF,31695,1,Part-Time,45,40.0,60.0,70.0,55.0,50.0,,,,,10.0,30.0,0.0,20.0,1.0,,60.0,3,,,,,,,,,,,,0.0,0,0,0,1,19.0,0,0.0,0.0,0.0
8212,2022,Harry Ford,C,29958,1,Part-Time,45,50.0,55.0,60.0,60.0,50.0,,,,,25.0,30.0,0.0,20.0,,1.0,50.0,1,65.0,55.0,3.0,3.0,0.383476923076923,0.3989230769230769,0.2909090909090909,0.2909090909090909,0.6428571428571429,0.2153846153846154,0.1384615384615384,3.0,0,0,0,1,18.0,0,0.0,0.0,0.0
8258,2022,Jeferson Quero,C,sa3015407,1,Part-Time,45,50.0,55.0,60.0,20.0,60.0,,,,,25.0,35.0,-10.0,20.0,2.0,1.0,60.0,3,83.0,68.0,2.0,4.0,0.4515542168674698,0.5743734939759036,0.3088235294117647,0.1911764705882352,1.2,0.1204819277108433,0.144578313253012,2.6666666666666665,0,0,0,1,18.0,0,0.0,0.0,0.0
8238,2022,Jett Williams,CF,sa3020134,1,Part-Time,45,60.0,45.0,45.0,70.0,55.0,,,,,35.0,25.0,0.0,15.0,,2.0,45.0,1,,,,,,,,,,,,0.0,0,0,0,1,17.0,0,0.0,0.0,0.0
8864,2022,Jorbit Vivas,2B,23917,1,Part-Time,45,60.0,40.0,40.0,45.0,50.0,,,,,25.0,10.0,0.0,10.0,-1.0,1.0,40.0,1,477.0,413.0,14.0,8.0,0.369062893081761,0.4426331236897274,0.3123486682808716,0.1840193704600484,0.7272727272727273,0.1153039832285115,0.0838574423480083,10.181818181818182,0,0,1,3,20.0,0,0.0,0.0,0.0
8401,2022,Josh Kasevich,SS,sa3020203,1,Part-Time,45,70.0,35.0,40.0,40.0,55.0,,,,,35.0,5.0,0.0,20.0,-2.0,-1.0,45.0,2,,,,,,,,,,,,0.0,0,0,0,1,20.0,0,0.0,0.0,0.0
8810,2022,Jud Fabian,CF,sa3019942,1,Part-Time,45,35.0,55.0,60.0,60.0,60.0,,,,,5.0,25.0,0.0,15.0,,1.0,60.0,2,,,,,,,,,,,,0.0,0,0,0,1,20.0,0,0.0,0.0,0.0
8287,2022,Justin Crawford,CF,sa3020240,1,Part-Time,45,55.0,45.0,55.0,70.0,55.0,,,,,30.0,25.0,0.0,15.0,2.0,2.0,45.0,3,,,,,,,,,,,,0.0,0,0,0,1,17.0,0,0.0,0.0,0.0
8642,2022,Justin Foscue,1B,27501,1,Part-Time,45,45.0,50.0,60.0,30.0,30.0,,,,,5.0,10.0,0.0,0.0,1.0,-1.0,30.0,1,267.0,229.0,17.0,2.0,0.3289737827715355,0.4605393258426966,0.2751091703056768,0.314410480349345,0.3472222222222222,0.2696629213483146,0.0936329588014981,3.5789473684210527,0,1,1,4,22.0,0,0.0,0.0,0.0
8467,2022,Mikey Romero,3B,sa3020216,1,Part-Time,45,60.0,45.0,50.0,45.0,40.0,,,,,35.0,25.0,-5.0,10.0,1.0,,50.0,2,,,,,,,,,,,,0.0,0,0,0,1,17.0,0,0.0,0.0,0.0
8825,2022,Noah Miller,SS,sa3017512,1,Part-Time,45,60.0,45.0,45.0,40.0,45.0,,,,,35.0,25.0,0.0,15.0,,1.0,50.0,2,96.0,84.0,2.0,1.0,0.3361458333333333,0.3676666666666666,0.238095238095238,0.1309523809523809,0.3461538461538461,0.2708333333333333,0.09375,1.3333333333333333,0,0,0,1,18.0,0,0.0,0.0,0.0
8853,2022,Petey Halpin,CF,27931,1,Part-Time,45,60.0,40.0,45.0,60.0,55.0,,,,,25.0,10.0,0.0,10.0,,1.0,60.0,2,246.0,221.0,1.0,11.0,0.2780162601626016,0.3593658536585365,0.2941176470588235,0.1312217194570135,0.42,0.2032520325203252,0.0853658536585365,1.8333333333333333,0,0,0,2,19.0,0,0.0,0.0,0.0
8925,2022,Robert Moore,SS,sa3019928,1,Part-Time,45,55.0,45.0,45.0,60.0,60.0,,,,,20.0,15.0,0.0,15.0,-1.0,1.0,45.0,1,,,,,,,,,,,,0.0,0,0,0,1,19.0,0,0.0,0.0,0.0
8894,2022,Roderick Arias,SS,sa3019674,1,Part-Time,45,60.0,50.0,50.0,50.0,60.0,,,,,35.0,30.0,-5.0,15.0,1.0,2.0,60.0,3,,,,,,,,,,,,0.0,0,0,0,1,16.0,0,0.0,0.0,0.0
8268,2022,Spencer Jones,CF,sa3019969,1,Part-Time,45,40.0,70.0,80.0,40.0,50.0,,,,,10.0,35.0,0.0,20.0,2.0,1.0,50.0,3,,,,,,,,,,,,0.0,0,0,0,1,20.0,0,0.0,0.0,0.0
9015,2022,Tyler Black,1B,29949,1,Part-Time,45,60.0,45.0,50.0,45.0,45.0,,,,,25.0,5.0,0.0,0.0,,,45.0,1,115.0,87.0,1.0,5.0,0.4435043478260869,0.2805739130434782,0.2413793103448276,0.0804597701149425,0.8387096774193549,0.2695652173913043,0.2260869565217391,1.6666666666666667,0,0,0,2,20.0,0,0.0,0.0,0.0
8893,2022,Tyler Callihan,2B,27497,1,Part-Time,45,55.0,50.0,55.0,30.0,35.0,,,,,20.0,20.0,0.0,5.0,-1.0,-1.0,50.0,2,99.0,87.0,2.0,5.0,0.3817070707070707,0.383060606060606,0.2988505747126437,0.1379310344827586,0.6153846153846154,0.1313131313131313,0.0808080808080808,2.857142857142857,0,0,0,2,21.0,0,0.0,0.0,0.0
9433,2022,Yiddi Cappe,LF,sa3015515,1,Part-Time,45,50.0,50.0,60.0,55.0,50.0,,,,,25.0,30.0,0.0,10.0,2.0,1.0,60.0,3,216.0,189.0,2.0,9.0,0.3219305555555555,0.4516388888888888,0.2698412698412698,0.1322751322751322,0.5428571428571428,0.162037037037037,0.0879629629629629,3.272727272727273,0,0,0,1,18.0,0,0.0,0.0,0.0
8634,2022,Abdias De La Cruz,RF,sa3019401,0,Bench/Reserve,40,45.0,50.0,55.0,60.0,50.0,,,,,25.0,30.0,0.0,10.0,,,45.0,3,,,,,,,,,,,,0.0,0,0,0,1,16.0,0,0.0,0.0,0.0
8193,2022,Angel Genao,SS,sa3015706,0,Bench/Reserve,40,50.0,45.0,45.0,50.0,45.0,,,,,30.0,25.0,0.0,10.0,1.0,1.0,45.0,2,192.0,151.0,1.0,16.0,0.4215833333333333,0.3968541666666666,0.2649006622516556,0.0993377483443708,1.3448275862068966,0.1510416666666666,0.203125,1.8823529411764703,0,0,0,1,17.0,0,0.0,0.0,0.0
8769,2022,Blaze Jordan,1B,sa3014537,0,Bench/Reserve,40,55.0,55.0,60.0,30.0,55.0,,,,,30.0,25.0,-5.0,25.0,-2.0,-1.0,50.0,2,114.0,105.0,6.0,1.0,0.3262543859649122,0.4975614035087719,0.3238095238095238,0.2666666666666666,0.3809523809523809,0.1842105263157894,0.0701754385964912,1.7142857142857142,0,0,0,2,18.0,0,0.0,0.0,0.0
8720,2022,Brandon Valenzuela,C,sa3005729,0,Bench/Reserve,40,45.0,40.0,45.0,30.0,50.0,,,,,15.0,10.0,0.0,10.0,1.0,1.0,60.0,2,443.0,378.0,7.0,4.0,0.4070496613995485,0.4477629796839729,0.2989417989417989,0.1296296296296296,0.59,0.2257336343115124,0.1331828442437923,5.090909090909091,0,0,1,3,20.0,0,0.0,0.0,0.0
9218,2022,Brett Auerbach,2B,sa3014941,0,Bench/Reserve,40,55.0,35.0,40.0,55.0,45.0,,,,,20.0,5.0,0.0,5.0,-1.0,1.0,45.0,1,,,,,,,,,,,,0.0,0,0,0,1,,0,0.0,0.0,0.0
8852,2022,Carlos D. Rodriguez,CF,sa3005478,0,Bench/Reserve,40,60.0,30.0,40.0,70.0,60.0,,,,,15.0,10.0,0.0,5.0,-1.0,1.0,50.0,1,,,,,,,,,,,,0.0,0,0,0,1,20.0,0,0.0,0.0,0.0
8211,2022,Carter Jensen,C,29478,0,Bench/Reserve,40,40.0,50.0,50.0,30.0,45.0,,,,,20.0,25.0,0.0,15.0,-1.0,-1.0,50.0,2,67.0,57.0,1.0,4.0,0.5120597014925373,0.6907462686567164,0.2807017543859649,0.1228070175438596,0.5,0.2985074626865671,0.1492537313432835,1.6,0,0,0,1,17.0,0,0.0,0.0,0.0
8962,2022,César Prieto,2B,30163,0,Bench/Reserve,40,60.0,40.0,40.0,50.0,45.0,,,,,10.0,10.0,0.0,15.0,-1.0,,40.0,1,,,,,,,,,,,,0.0,0,0,0,1,22.0,0,0.0,0.0,0.0
8331,2022,Christian Franklin,CF,sa3017510,0,Bench/Reserve,40,40.0,45.0,50.0,50.0,50.0,,,,,10.0,10.0,0.0,10.0,,,45.0,2,101.0,76.0,1.0,4.0,0.3958811881188118,0.193069306930693,0.2368421052631578,0.0789473684210526,0.8,0.2475247524752475,0.198019801980198,1.6,0,0,0,2,21.0,0,0.0,0.0,0.0
8493,2022,Cooper Kinney,2B,sa3017793,0,Bench/Reserve,40,55.0,50.0,50.0,40.0,45.0,,,,,30.0,30.0,0.0,15.0,1.0,,50.0,2,47.0,35.0,0.0,2.0,0.5053404255319148,0.4112553191489361,0.2857142857142857,0.0857142857142857,1.1111111111111112,0.1914893617021276,0.2127659574468085,0.0,0,0,0,1,18.0,0,0.0,0.0,0.0
8397,2022,Denzer Guzman,SS,28816,0,Bench/Reserve,40,50.0,40.0,50.0,40.0,50.0,,,,,30.0,20.0,-5.0,10.0,1.0,1.0,45.0,2,164.0,141.0,3.0,11.0,0.3164695121951219,0.3117317073170731,0.2127659574468085,0.1489361702127659,0.8333333333333334,0.1463414634146341,0.1219512195121951,4.714285714285714,0,0,0,1,17.0,0,0.0,0.0,0.0
8660,2022,Eddinson Paulino,3B,sa3009538,0,Bench/Reserve,40,45.0,45.0,50.0,50.0,45.0,,,,,15.0,15.0,0.0,15.0,,,60.0,1,133.0,113.0,0.0,5.0,0.4738496240601503,0.5389548872180451,0.336283185840708,0.2123893805309734,0.7142857142857143,0.1578947368421052,0.112781954887218,0.0,0,0,0,1,18.0,0,0.0,0.0,0.0
9270,2022,Eduardo Garcia,SS,sa3008751,0,Bench/Reserve,40,35.0,45.0,55.0,40.0,60.0,,,,,5.0,20.0,0.0,15.0,1.0,2.0,60.0,3,192.0,168.0,4.0,3.0,0.3865625,0.558890625,0.2678571428571428,0.2023809523809523,0.2909090909090909,0.2864583333333333,0.0833333333333333,3.4285714285714284,0,0,0,2,18.0,0,0.0,0.0,0.0
8315,2022,Edwin Arroyo,SS,sa3017626,0,Bench/Reserve,40,40.0,50.0,50.0,50.0,50.0,,,,,20.0,25.0,0.0,10.0,,,50.0,1,86.0,71.0,2.0,4.0,0.324406976744186,0.2331744186046511,0.2112676056338028,0.1126760563380281,0.3846153846153846,0.3023255813953488,0.1162790697674418,2.6666666666666665,0,0,0,1,17.0,0,0.0,0.0,0.0
8216,2022,Emmanuel Rodriguez,CF,sa3014693,0,Bench/Reserve,40,40.0,55.0,55.0,50.0,55.0,,,,,20.0,30.0,0.0,25.0,,,50.0,2,153.0,126.0,10.0,9.0,0.3793398692810457,0.4867450980392156,0.2142857142857142,0.3095238095238095,0.4107142857142857,0.3660130718954248,0.1503267973856209,9.473684210526317,0,0,0,1,18.0,0,0.0,0.0,0.0
8383,2022,Gabriel Gonzalez,RF,sa3015723,0,Bench/Reserve,40,50.0,50.0,55.0,30.0,50.0,,,,,25.0,30.0,-10.0,20.0,-1.0,,50.0,1,221.0,188.0,7.0,9.0,0.399366515837104,0.511366515837104,0.2872340425531915,0.2340425531914893,0.5833333333333334,0.1628959276018099,0.0950226244343891,7.875,0,0,0,1,17.0,0,0.0,0.0,0.0
8689,2022,Gage Workman,3B,27573,0,Bench/Reserve,40,35.0,50.0,55.0,50.0,55.0,,,,,5.0,20.0,0.0,10.0,2.0,1.0,55.0,3,513.0,452.0,12.0,31.0,0.2976666666666666,0.3988615984405458,0.245575221238938,0.1880530973451327,0.3375796178343949,0.3060428849902534,0.1033138401559454,17.302325581395348,0,0,1,3,21.0,0,0.0,0.0,0.0
8455,2022,Hao-Yu Lee,2B,sa3017863,0,Bench/Reserve,40,55.0,50.0,55.0,30.0,40.0,,,,,30.0,25.0,-10.0,10.0,-1.0,,50.0,2,25.0,22.0,1.0,0.0,0.31328,0.44164,0.3636363636363636,0.4090909090909091,0.6,0.2,0.12,0.0,0,0,0,1,18.0,0,0.0,0.0,0.0
9031,2022,Hendry Mendez,LF,sa3015727,0,Bench/Reserve,40,60.0,40.0,50.0,50.0,50.0,,,,,35.0,20.0,0.0,10.0,-1.0,,,2,138.0,117.0,1.0,3.0,0.4313985507246376,0.6037173913043478,0.3162393162393162,0.1538461538461538,1.4166666666666667,0.0869565217391304,0.1231884057971014,1.5,0,0,0,1,17.0,0,0.0,0.0,0.0
8265,2022,Jacob Melton,CF,31661,0,Bench/Reserve,40,40.0,50.0,60.0,60.0,50.0,,,,,10.0,20.0,0.0,10.0,1.0,1.0,40.0,2,,,,,,,,,,,,0.0,0,0,0,1,20.0,0,0.0,0.0,0.0
9129,2022,Jadiel Sanchez,RF,sa3011629,0,Bench/Reserve,40,50.0,40.0,45.0,50.0,55.0,,,,,20.0,10.0,0.0,25.0,1.0,,55.0,1,,,,,,,,,,,,0.0,0,0,0,1,,0,0.0,0.0,0.0
8409,2022,Jaison Chourio,CF,sa3018399,0,Bench/Reserve,40,55.0,45.0,45.0,50.0,50.0,,,,,30.0,25.0,5.0,20.0,1.0,1.0,50.0,3,,,,,,,,,,,,0.0,0,0,0,1,16.0,0,0.0,0.0,0.0
9131,2022,Jay Allen II,CF,sa3017403,0,Bench/Reserve,40,40.0,55.0,60.0,55.0,50.0,,,,,20.0,35.0,0.0,10.0,1.0,1.0,50.0,2,75.0,61.0,3.0,14.0,0.4692,0.6077466666666665,0.3278688524590163,0.2295081967213114,0.6666666666666666,0.16,0.1066666666666666,4.941176470588236,0,0,0,1,18.0,0,0.0,0.0,0.0
8208,2022,Joe Mack,C,sa3017374,0,Bench/Reserve,40,45.0,50.0,60.0,40.0,50.0,,,,,25.0,30.0,-5.0,20.0,1.0,1.0,60.0,2,75.0,53.0,1.0,0.0,0.3674666666666666,0.1394666666666666,0.1320754716981132,0.0754716981132075,0.9090909090909092,0.2933333333333333,0.2666666666666666,0.0,0,0,0,1,18.0,0,0.0,0.0,0.0
8898,2022,Jorge Barrosa,CF,23968,0,Bench/Reserve,40,60.0,30.0,35.0,55.0,45.0,,,,,25.0,10.0,0.0,5.0,-1.0,,45.0,1,435.0,389.0,7.0,29.0,0.3414919540229885,0.4211977011494252,0.2853470437017995,0.1362467866323907,0.3670886075949367,0.1816091954022988,0.0666666666666666,11.27777777777778,0,0,1,3,20.0,0,0.0,0.0,0.0
9398,2022,Jose Fernandez,SS,sa3015204,0,Bench/Reserve,40,35.0,40.0,50.0,60.0,60.0,,,,,15.0,20.0,0.0,15.0,1.0,2.0,60.0,2,126.0,112.0,0.0,4.0,0.3149285714285714,0.3186666666666666,0.25,0.0535714285714285,0.282051282051282,0.3095238095238095,0.0873015873015873,0.0,0,0,0,1,17.0,0,0.0,0.0,0.0
8637,2022,Joshua Baez,RF,sa3017022,0,Bench/Reserve,40,40.0,60.0,70.0,40.0,50.0,,,,,20.0,35.0,-10.0,10.0,2.0,1.0,55.0,3,95.0,76.0,2.0,5.0,0.2769684210526315,0.2907684210526315,0.1578947368421052,0.1447368421052631,0.5,0.2947368421052631,0.1473684210526315,2.857142857142857,0,0,0,1,18.0,0,0.0,0.0,0.0
8435,2022,Juan Brito,2B,sa3009808,0,Bench/Reserve,40,60.0,40.0,45.0,35.0,40.0,,,,,25.0,10.0,0.0,10.0,,,40.0,1,109.0,88.0,3.0,5.0,0.4156238532110091,0.3919724770642201,0.2954545454545454,0.1363636363636363,0.7142857142857143,0.1926605504587156,0.1376146788990825,3.75,0,0,0,1,19.0,0,0.0,0.0,0.0
9289,2022,Juan Corniel,SS,sa3015169,0,Bench/Reserve,40,40.0,40.0,45.0,60.0,55.0,,,,,20.0,20.0,0.0,10.0,1.0,1.0,55.0,2,,,,,,,,,,,,0.0,0,0,0,1,,0,0.0,0.0,0.0
8492,2022,Kahlil Watson,CF,sa3017513,0,Bench/Reserve,40,40.0,60.0,60.0,60.0,45.0,,,,,20.0,35.0,0.0,15.0,,2.0,45.0,1,42.0,33.0,0.0,4.0,0.4628095238095238,0.4199761904761904,0.3939393939393939,0.2121212121212121,1.1428571428571428,0.1666666666666666,0.1904761904761904,0.0,0,0,0,1,18.0,0,0.0,0.0,0.0
9059,2022,Kala'i Rosario,RF,sa3015199,0,Bench/Reserve,40,40.0,55.0,60.0,40.0,50.0,,,,,10.0,30.0,-5.0,20.0,,,55.0,2,208.0,188.0,5.0,4.0,0.3502259615384615,0.4786490384615384,0.2765957446808511,0.175531914893617,0.2878787878787879,0.3173076923076923,0.0913461538461538,4.444444444444445,0,0,0,1,18.0,0,0.0,0.0,0.0
9007,2022,Kevin Made,SS,sa3014679,0,Bench/Reserve,40,40.0,45.0,50.0,55.0,55.0,,,,,20.0,25.0,0.0,10.0,2.0,1.0,55.0,3,243.0,235.0,1.0,2.0,0.2658971193415637,0.2882716049382716,0.2723404255319149,0.0936170212765957,0.1052631578947368,0.2345679012345679,0.0246913580246913,1.3333333333333333,0,0,0,2,18.0,0,0.0,0.0,0.0
8375,2022,Lazaro Montes,RF,sa3018409,0,Bench/Reserve,40,45.0,60.0,70.0,50.0,40.0,,,,,25.0,35.0,10.0,20.0,2.0,1.0,60.0,3,,,,,,,,,,,,0.0,0,0,0,1,16.0,0,0.0,0.0,0.0
9371,2022,Leandro Arias,SS,sa3018433,0,Bench/Reserve,40,60.0,40.0,45.0,60.0,60.0,,,,,35.0,20.0,5.0,15.0,1.0,1.0,55.0,1,,,,,,,,,,,,0.0,0,0,0,1,16.0,0,0.0,0.0,0.0
8209,2022,Leonardo Bernal,C,sa3015773,0,Bench/Reserve,40,50.0,40.0,45.0,40.0,55.0,,,,,30.0,20.0,0.0,25.0,,,55.0,2,178.0,158.0,5.0,3.0,0.2810842696629213,0.417376404494382,0.2088607594936709,0.1645569620253164,0.6071428571428571,0.1573033707865168,0.095505617977528,3.75,0,0,0,1,17.0,0,0.0,0.0,0.0
9103,2022,Matthew Lugo,LF,25980,0,Bench/Reserve,40,45.0,40.0,50.0,55.0,50.0,,,,,15.0,10.0,0.0,5.0,1.0,1.0,55.0,3,469.0,418.0,4.0,15.0,0.2820426439232409,0.3159339019189765,0.2703349282296651,0.0933014354066985,0.4042553191489361,0.2004264392324093,0.0810234541577825,6.315789473684211,0,0,0,2,20.0,0,0.0,0.0,0.0
8911,2022,Maximo Acosta,SS,27963,0,Bench/Reserve,40,55.0,40.0,50.0,45.0,50.0,,,,,30.0,20.0,-5.0,10.0,,1.0,50.0,1,68.0,61.0,1.0,7.0,0.2952794117647058,0.2946764705882352,0.2459016393442623,0.1475409836065573,0.2,0.2205882352941176,0.0441176470588235,1.75,0,0,0,1,18.0,0,0.0,0.0,0.0
9442,2022,Max Wagner,3B,sa3020415,0,Bench/Reserve,40,45.0,50.0,55.0,50.0,55.0,,,,,15.0,15.0,0.0,20.0,,1.0,60.0,2,,,,,,,,,,,,0.0,0,0,0,1,19.0,0,0.0,0.0,0.0
9441,2022,Reed Trimble,CF,sa3017180,0,Bench/Reserve,40,40.0,50.0,55.0,60.0,60.0,,,,,10.0,15.0,0.0,15.0,,2.0,55.0,1,94.0,80.0,0.0,3.0,0.3769042553191489,0.2542872340425531,0.2,0.025,0.48,0.2659574468085106,0.1276595744680851,0.0,0,0,0,2,21.0,0,0.0,0.0,0.0
8831,2022,Roberto Campos,RF,sa3014683,0,Bench/Reserve,40,50.0,55.0,60.0,40.0,50.0,,,,,30.0,30.0,-5.0,10.0,1.0,,50.0,2,155.0,136.0,8.0,3.0,0.2698774193548387,0.454716129032258,0.2279411764705882,0.213235294117647,0.4146341463414634,0.2645161290322581,0.1096774193548387,4.363636363636363,0,0,0,1,18.0,0,0.0,0.0,0.0
9024,2022,Ronald Hernandez,C,sa3015738,0,Bench/Reserve,40,50.0,40.0,45.0,30.0,55.0,,,,,25.0,20.0,0.0,15.0,,,55.0,2,170.0,134.0,3.0,3.0,0.3605235294117647,0.2053117647058823,0.208955223880597,0.1492537313432835,0.96875,0.188235294117647,0.1823529411764705,3.0,0,0,0,1,17.0,0,0.0,0.0,0.0
8385,2022,Ryan Clifford,RF,sa3020126,0,Bench/Reserve,40,55.0,60.0,60.0,30.0,45.0,,,,,30.0,35.0,-10.0,15.0,1.0,,40.0,2,,,,,,,,,,,,0.0,0,0,0,1,17.0,0,0.0,0.0,0.0
8295,2022,Sal Stewart,3B,31505,0,Bench/Reserve,40,55.0,55.0,60.0,30.0,45.0,,,,,30.0,30.0,-10.0,5.0,-2.0,-1.0,55.0,2,,,,,,,,,,,,0.0,0,0,0,1,17.0,0,0.0,0.0,0.0
9314,2022,Sammy Siani,RF,sa3010704,0,Bench/Reserve,40,40.0,45.0,50.0,55.0,50.0,,,,,10.0,15.0,0.0,20.0,-1.0,1.0,40.0,2,258.0,200.0,8.0,9.0,0.355360465116279,0.3991976744186046,0.215,0.175,0.8253968253968254,0.2441860465116279,0.2015503875968992,8.470588235294118,0,0,0,2,20.0,0,0.0,0.0,0.0
8792,2022,Samuel Zavala,CF,sa3015718,0,Bench/Reserve,40,60.0,45.0,50.0,50.0,50.0,,,,,35.0,25.0,0.0,20.0,1.0,1.0,60.0,1,235.0,195.0,3.0,11.0,0.3456553191489361,0.4250893617021276,0.2974358974358974,0.1897435897435897,0.8888888888888888,0.1531914893617021,0.1361702127659574,4.714285714285714,0,0,0,1,16.0,0,0.0,0.0,0.0
8297,2022,Sterlin Thompson,LF,sa3019999,0,Bench/Reserve,40,50.0,55.0,55.0,50.0,40.0,,,,,20.0,25.0,0.0,10.0,1.0,,55.0,2,,,,,,,,,,,,0.0,0,0,0,1,20.0,0,0.0,0.0,0.0
9063,2022,Tanner Murray,2B,sa3016805,0,Bench/Reserve,40,60.0,40.0,40.0,40.0,40.0,,,,,25.0,10.0,-5.0,10.0,,,40.0,2,175.0,155.0,4.0,4.0,0.40628,0.5952571428571428,0.3290322580645161,0.2258064516129032,0.5,0.1485714285714285,0.0742857142857142,4.0,0,0,1,3,21.0,0,0.0,0.0,0.0
8489,2022,Tanner Schobel,SS,sa3020009,0,Bench/Reserve,40,50.0,40.0,45.0,60.0,60.0,,,,,20.0,10.0,0.0,15.0,-1.0,2.0,60.0,1,,,,,,,,,,,,0.0,0,0,0,1,20.0,0,0.0,0.0,0.0
8210,2022,Thayron Liranzo,C,sa3015790,0,Bench/Reserve,40,40.0,50.0,55.0,30.0,40.0,,,,,20.0,30.0,0.0,10.0,1.0,,45.0,2,85.0,68.0,1.0,3.0,0.3418117647058823,0.3907058823529411,0.25,0.1029411764705882,0.7,0.2352941176470588,0.1647058823529411,1.5,0,0,0,1,17.0,0,0.0,0.0,0.0
8615,2022,Tony Blanco Jr.,1B,sa3019722,0,Bench/Reserve,40,40.0,60.0,70.0,30.0,40.0,,,,,20.0,35.0,-10.0,20.0,2.0,1.0,45.0,3,,,,,,,,,,,,0.0,0,0,0,1,16.0,0,0.0,0.0,0.0
9183,2022,Victor Acosta,SS,sa3015705,0,Bench/Reserve,40,45.0,45.0,50.0,60.0,60.0,,,,,25.0,25.0,0.0,15.0,-1.0,1.0,60.0,1,240.0,186.0,5.0,26.0,0.4315666666666666,0.507275,0.2849462365591398,0.1989247311827957,0.8444444444444444,0.1875,0.1583333333333333,8.387096774193548,0,0,0,1,17.0,0,0.0,0.0,0.0
8568,2022,William Bergolla,SS,sa3019777,0,Bench/Reserve,40,60.0,40.0,40.0,60.0,60.0,,,,,35.0,20.0,5.0,15.0,,2.0,55.0,1,,,,,,,,,,,,0.0,0,0,0,1,16.0,0,0.0,0.0,0.0
9352,2022,Yasser Mercedes,RF,sa3019557,0,Bench/Reserve,40,50.0,55.0,60.0,50.0,50.0,,,,,30.0,35.0,-5.0,20.0,1.0,,60.0,2,,,,,,,,,,,,0.0,0,0,0,1,16.0,0,0.0,0.0,0.0
9025,2022,Yerlin Confidan,RF,sa3015176,0,Bench/Reserve,40,35.0,60.0,70.0,40.0,50.0,,,,,15.0,35.0,-10.0,20.0,2.0,1.0,60.0,2,192.0,178.0,11.0,7.0,0.3167239583333333,0.4369635416666666,0.3146067415730337,0.2584269662921348,0.25,0.25,0.0625,8.555555555555555,0,0,0,1,18.0,0,0.0,0.0,0.0
9122,2022,Yohendrick Pinango,LF,sa3009539,0,Bench/Reserve,40,60.0,40.0,55.0,50.0,50.0,,,,,25.0,20.0,-5.0,20.0,-1.0,1.0,55.0,1,456.0,421.0,5.0,8.0,0.3277741228070175,0.369,0.2755344418052256,0.0973871733966745,0.4492753623188406,0.1513157894736842,0.0679824561403508,6.153846153846154,0,0,1,3,19.0,0,0.0,0.0,0.0
8535,2022,Yordany De Los Santos,SS,sa3018408,0,Bench/Reserve,40,45.0,50.0,55.0,45.0,45.0,,,,,25.0,30.0,0.0,15.0,1.0,1.0,50.0,2,,,,,,,,,,,,0.0,0,0,0,1,16.0,0,0.0,0.0,0.0
8223,2022,Alex Freeland,SS,31665,0,Bench/Reserve,35,,,,,,,,,,,,,,,,,2,,,,,,,,,,,,0.0,0,0,0,1,19.0,0,,,
8419,2022,Austin Charles,3B,sa3020497,0,Bench/Reserve,35,,,,,,,,,,,,,,2.0,,,3,,,,,,,,,,,,0.0,0,0,0,1,17.0,0,,,
8511,2022,Cameron Cauley,SS,sa3017167,0,Bench/Reserve,35,45.0,30.0,35.0,60.0,60.0,,,,,20.0,10.0,0.0,15.0,-1.0,1.0,50.0,1,103.0,94.0,0.0,10.0,0.3058640776699029,0.341135922330097,0.2553191489361702,0.1276595744680851,0.2580645161290322,0.3009708737864077,0.0776699029126213,0.0,0,0,0,1,18.0,0,0.0,0.0,0.0
8450,2022,Carlos Jorge,CF,sa3016722,0,Bench/Reserve,35,60.0,30.0,35.0,60.0,50.0,,,,,35.0,10.0,5.0,10.0,-1.0,1.0,40.0,1,188.0,159.0,3.0,27.0,0.4286861702127659,0.5456542553191489,0.3459119496855345,0.2327044025157232,0.75,0.1702127659574468,0.1276595744680851,5.4,0,0,0,1,17.0,0,0.0,0.0,0.0
9297,2022,Chris Campos,SP,sa3020396,0,Bench/Reserve,35,,,,,,,,,,,,,,,,,2,,,,,,,,,,,,0.0,0,0,0,1,20.0,0,,,
8928,2022,Christian Cerda,C,sa3015623,0,Bench/Reserve,35,45.0,40.0,55.0,20.0,45.0,,,,,25.0,20.0,0.0,15.0,-1.0,-1.0,45.0,2,164.0,133.0,1.0,5.0,0.346280487804878,0.2809634146341463,0.2180451127819548,0.1203007518796992,1.0,0.1524390243902439,0.1524390243902439,1.6666666666666667,0,0,0,1,18.0,0,0.0,0.0,0.0
9152,2022,Darren Baker,2B,29912,0,Bench/Reserve,35,55.0,35.0,35.0,55.0,50.0,,,,,20.0,5.0,0.0,10.0,,1.0,40.0,2,,,,,,,,,,,,0.0,0,0,0,1,,0,0.0,0.0,0.0
9205,2022,David McCabe,3B,sa3019964,0,Bench/Reserve,35,,,,,,,,,,,,,,,,,2,,,,,,,,,,,,0.0,0,0,0,1,21.0,0,,,
8520,2022,Dominic Keegan,1B,sa3020194,0,Bench/Reserve,35,,,,,,,,,,,,,,,,,2,,,,,,,,,,,,0.0,0,0,0,1,20.0,0,,,
8371,2022,Héctor  Rodríguez,RF,sa3015828,0,Bench/Reserve,35,60.0,30.0,30.0,45.0,50.0,,,,,35.0,10.0,0.0,20.0,-2.0,,40.0,1,141.0,123.0,3.0,6.0,0.4018368794326241,0.5475673758865248,0.3008130081300813,0.1707317073170731,0.7647058823529411,0.1205673758865248,0.0921985815602836,4.0,0,0,0,1,17.0,0,0.0,0.0,0.0
8975,2022,Henry Bolte,RF,sa3020006,0,Bench/Reserve,35,,,,,,,,,,,,,,,,,2,,,,,,,,,,,,0.0,0,0,0,1,17.0,0,,,
8232,2022,Jacob Reimer,3B,sa3020416,0,Bench/Reserve,35,,,,,,,,,,,,,,,,,2,,,,,,,,,,,,0.0,0,0,0,1,17.0,0,,,
9281,2022,Jake Fox,CF,sa3017734,0,Bench/Reserve,35,55.0,35.0,45.0,45.0,45.0,,,,,30.0,15.0,0.0,15.0,,,45.0,2,49.0,42.0,0.0,7.0,0.5066326530612244,0.4704081632653061,0.4047619047619047,0.0238095238095238,0.6666666666666666,0.1836734693877551,0.1224489795918367,0.0,0,0,0,1,18.0,0,0.0,0.0,0.0
8525,2022,Luis Baez,1B,sa3018482,0,Bench/Reserve,35,50.0,60.0,60.0,40.0,50.0,,,,,30.0,35.0,0.0,20.0,1.0,,55.0,3,,,,,,,,,,,,0.0,0,0,0,1,17.0,0,0.0,0.0,0.0
9303,2022,Matthew Wood,C,sa3019924,0,Bench/Reserve,35,,,,,,,,,,,,,,,,,2,,,,,,,,,,,,0.0,0,0,0,1,20.0,0,,,
8412,2022,Nathan Martorella,1B,sa3019978,0,Bench/Reserve,35,,,,,,,,,,,,,,,,,2,,,,,,,,,,,,0.0,0,0,0,1,20.0,0,,,
8293,2022,Nelson Rada,CF,sa3018421,0,Bench/Reserve,35,,,,,,,,,,,,,,1.0,,,3,,,,,,,,,,,,0.0,0,0,0,1,15.0,0,,,
8805,2022,Spencer Packard,LF,sa3016803,0,Bench/Reserve,35,55.0,45.0,50.0,30.0,40.0,,,,,20.0,15.0,0.0,10.0,,,40.0,2,145.0,124.0,3.0,2.0,0.3685241379310344,0.4283448275862068,0.2580645161290322,0.1209677419354838,0.8,0.1379310344827586,0.1103448275862069,2.4,0,0,0,2,23.0,0,0.0,0.0,0.0
9066,2022,Tsung-Che Cheng,SS,28344,0,Bench/Reserve,35,60.0,20.0,20.0,60.0,50.0,,,,,25.0,0.0,0.0,10.0,-2.0,,55.0,1,157.0,122.0,4.0,16.0,0.3879808917197452,0.4668535031847133,0.3114754098360656,0.180327868852459,2.142857142857143,0.0891719745222929,0.1910828025477707,6.4,0,0,0,1,19.0,0,0.0,0.0,0.0
8286,2022,Xavier Isaac,1B,sa3020498,0,Bench/Reserve,35,,,,,,,,,,,,,,,,,2,,,,,,,,,,,,0.0,0,0,0,1,17.0,0,,,
8183,2023,Carson Williams,SS,30038,2,MLB Regular+,55,35.0,60.0,60.0,55.0,70.0,,,,,5.0,35.0,0.0,10.0,1.0,1.0,70.0,3,,,,,,,,,,,,0.0,0,0,0,1,19.0,10,-15.0,10.0,0.0
8218,2023,Ethan Salas,C,sa3020881,2,MLB Regular+,55,55.0,60.0,60.0,40.0,60.0,,,,,30.0,40.0,-10.0,15.0,2.0,1.0,60.0,2,,,,,,,,,,,,0.0,0,0,0,1,16.0,0,0.0,0.0,0.0
8719,2023,Miguel Bleis,CF,sa3016834,2,MLB Regular+,55,50.0,65.0,70.0,50.0,50.0,,,,,30.0,40.0,0.0,20.0,1.0,1.0,55.0,3,167.0,153.0,5.0,18.0,0.3146946107784431,0.4367604790419161,0.3006535947712418,0.2418300653594771,0.2222222222222222,0.2694610778443114,0.059880239520958,7.826086956521739,0,0,0,1,18.0,5,0.0,5.0,0.0
8390,2023,Termarr Johnson,2B,sa3020214,2,MLB Regular+,55,60.0,55.0,60.0,40.0,45.0,,,,,35.0,30.0,-10.0,15.0,-1.0,2.0,50.0,1,82.0,63.0,1.0,6.0,0.2784878048780487,0.299670731707317,0.2222222222222222,0.1428571428571428,0.7619047619047619,0.2560975609756097,0.1951219512195122,1.7142857142857142,0,0,0,2,18.0,0,0.0,0.0,0.0
8336,2023,Cam Collier,3B,sa3020131,2,MLB Regular+,50,45.0,70.0,70.0,30.0,60.0,,,,,25.0,50.0,-10.0,15.0,-1.0,1.0,70.0,2,35.0,27.0,2.0,0.0,0.4636,0.4134571428571428,0.3703703703703703,0.2592592592592592,1.1666666666666667,0.1714285714285714,0.2,0.0,0,0,0,1,17.0,5,-5.0,15.0,-10.0
8332,2023,Drew Gilbert,CF,31545,2,MLB Regular+,50,50.0,50.0,55.0,60.0,50.0,,,,,5.0,10.0,0.0,5.0,1.0,1.0,60.0,1,39.0,32.0,2.0,6.0,0.3631538461538461,0.6441794871794871,0.3125,0.21875,2.0,0.0512820512820512,0.1025641025641025,3.0,0,0,0,2,21.0,5,-10.0,10.0,0.0
8781,2023,Druw Jones,CF,sa3020676,2,MLB Regular+,50,50.0,70.0,70.0,60.0,60.0,,,,,30.0,50.0,0.0,15.0,2.0,2.0,50.0,3,,,,,,,,,,,,0.0,0,0,0,1,18.0,0,0.0,0.0,0.0
8212,2023,Harry Ford,C,29958,2,MLB Regular+,50,40.0,50.0,60.0,60.0,45.0,,,,,10.0,20.0,0.0,15.0,1.0,1.0,60.0,1,,,,,,,,,,,,0.0,0,0,0,1,19.0,5,-10.0,-5.0,0.0
8355,2023,James Triantos,2B,sa3017295,2,MLB Regular+,50,60.0,50.0,50.0,50.0,40.0,,,,,25.0,20.0,0.0,10.0,-1.0,,40.0,2,504.0,456.0,7.0,20.0,0.3358392857142857,0.3535416666666666,0.2719298245614035,0.1140350877192982,0.4814814814814814,0.1607142857142857,0.0773809523809523,10.37037037037037,0,0,0,2,19.0,0,-10.0,-5.0,0.0
8642,2023,Justin Foscue,1B,27501,2,MLB Regular+,50,70.0,40.0,45.0,30.0,30.0,,,,,0.0,5.0,0.0,0.0,,-1.0,30.0,1,,,,,,,,,,,,0.0,0,0,0,1,23.0,5,25.0,-10.0,0.0
8213,2023,Kevin Alcántara,CF,25971,2,MLB Regular+,50,35.0,60.0,70.0,50.0,50.0,,,,,5.0,40.0,-5.0,10.0,2.0,1.0,55.0,3,,,,,,,,,,,,0.0,0,0,0,1,19.0,0,-5.0,0.0,0.0
8176,2023,Max Clark,CF,sa3022683,2,MLB Regular+,50,70.0,45.0,45.0,70.0,50.0,,,,,45.0,25.0,0.0,10.0,1.0,1.0,40.0,1,,,,,,,,,,,,0.0,0,0,0,1,17.0,0,0.0,0.0,0.0
8364,2023,Nick Yorke,2B,27504,2,MLB Regular+,50,50.0,55.0,55.0,45.0,40.0,,,,,10.0,15.0,0.0,10.0,-1.0,-1.0,40.0,2,,,,,,,,,,,,0.0,0,0,0,1,20.0,0,-10.0,5.0,0.0
8175,2023,Sebastian Walcott,SS,sa3021069,2,MLB Regular+,50,40.0,70.0,70.0,50.0,60.0,,,,,20.0,45.0,-10.0,25.0,2.0,2.0,60.0,3,,,,,,,,,,,,0.0,0,0,0,1,16.0,0,0.0,0.0,0.0
8406,2023,Tommy Troy,SS,sa3022561,2,MLB Regular+,50,60.0,45.0,50.0,80.0,50.0,,,,,25.0,15.0,0.0,10.0,-1.0,1.0,40.0,1,,,,,,,,,,,,0.0,0,0,0,1,20.0,0,0.0,0.0,0.0
8199,2023,Walker Jenkins,LF,sa3022894,2,MLB Regular+,50,55.0,60.0,60.0,40.0,50.0,,,,,30.0,40.0,-5.0,20.0,2.0,1.0,45.0,2,,,,,,,,,,,,0.0,0,0,0,1,17.0,0,0.0,0.0,0.0
9433,2023,Yiddi Cappe,LF,sa3015515,2,MLB Regular+,50,55.0,45.0,55.0,60.0,55.0,,,,,25.0,15.0,5.0,10.0,2.0,1.0,60.0,3,299.0,276.0,9.0,13.0,0.3745451505016722,0.4925618729096989,0.2898550724637681,0.1485507246376811,0.3658536585365853,0.1371237458193979,0.0501672240802675,10.636363636363637,0,0,0,2,19.0,5,5.0,-5.0,5.0
8979,2023,Abimelec  Ortiz,1B,sa3016926,1,Part-Time,45,50.0,60.0,60.0,20.0,50.0,,,,,15.0,25.0,0.0,20.0,-1.0,-1.0,50.0,2,331.0,292.0,11.0,6.0,0.2739667673716012,0.3154803625377643,0.2260273972602739,0.1541095890410959,0.3440860215053763,0.2809667673716012,0.0966767371601208,7.764705882352941,0,0,0,2,20.0,0,0.0,0.0,0.0
9257,2023,Aeverson Arteaga,SS,sa3014707,1,Part-Time,45,40.0,45.0,50.0,55.0,50.0,,,,,10.0,20.0,0.0,10.0,1.0,1.0,60.0,2,565.0,503.0,14.0,11.0,0.3357522123893805,0.4198424778761061,0.2703777335984095,0.1610337972166998,0.3161290322580645,0.2743362831858407,0.0867256637168141,12.32,0,0,0,2,19.0,0,0.0,0.0,-5.0
8180,2023,Aidan Miller,SS,sa3022609,1,Part-Time,45,45.0,60.0,70.0,40.0,50.0,,,,,25.0,35.0,0.0,20.0,2.0,1.0,55.0,3,,,,,,,,,,,,0.0,0,0,0,1,18.0,0,0.0,0.0,0.0
8206,2023,Arjun Nimmala,SS,sa3022892,1,Part-Time,45,40.0,60.0,70.0,40.0,50.0,,,,,20.0,35.0,-5.0,10.0,2.0,1.0,55.0,2,,,,,,,,,,,,0.0,0,0,0,1,16.0,0,0.0,0.0,0.0
8267,2023,Blake Mitchell,C,sa3022756,1,Part-Time,45,40.0,55.0,60.0,40.0,45.0,,,,,20.0,30.0,-5.0,15.0,2.0,1.0,60.0,2,,,,,,,,,,,,0.0,0,0,0,1,17.0,0,0.0,0.0,0.0
8798,2023,Brando Mayea,CF,sa3020679,1,Part-Time,45,55.0,55.0,50.0,60.0,60.0,,,,,30.0,30.0,0.0,15.0,1.0,1.0,60.0,1,,,,,,,,,,,,0.0,0,0,0,1,16.0,0,0.0,0.0,0.0
8301,2023,Brayden Taylor,3B,sa3022921,1,Part-Time,45,40.0,50.0,55.0,50.0,60.0,,,,,10.0,15.0,0.0,25.0,1.0,1.0,60.0,2,,,,,,,,,,,,0.0,0,0,0,1,20.0,0,0.0,0.0,0.0
8279,2023,Brice Matthews,2B,33280,1,Part-Time,45,35.0,50.0,60.0,60.0,45.0,,,,,5.0,15.0,0.0,15.0,1.0,1.0,60.0,2,,,,,,,,,,,,0.0,0,0,0,1,20.0,0,0.0,0.0,0.0
9040,2023,Brock Wilken,3B,sa3022499,1,Part-Time,45,40.0,70.0,80.0,40.0,40.0,,,,,10.0,35.0,0.0,10.0,-1.0,-1.0,60.0,2,,,,,,,,,,,,0.0,0,0,0,1,20.0,0,0.0,0.0,0.0
8185,2023,Bryce Eldridge,1B,33390,1,Part-Time,45,40.0,60.0,70.0,30.0,50.0,,,,,20.0,35.0,-10.0,20.0,2.0,,60.0,3,,,,,,,,,,,,0.0,0,0,0,1,17.0,0,0.0,0.0,0.0
8511,2023,Cameron Cauley,SS,sa3017167,1,Part-Time,45,35.0,50.0,55.0,80.0,70.0,,,,,5.0,15.0,0.0,25.0,-1.0,2.0,50.0,1,331.0,287.0,2.0,38.0,0.2693867069486404,0.2350422960725075,0.2090592334494773,0.0801393728222996,0.4175824175824176,0.2749244712990936,0.1148036253776435,3.8,0,0,0,2,19.0,10,-10.0,20.0,20.0
8211,2023,Carter Jensen,C,29478,1,Part-Time,45,30.0,45.0,55.0,40.0,50.0,,,,,10.0,20.0,-5.0,10.0,1.0,,60.0,2,,,,,,,,,,,,0.0,0,0,0,1,18.0,5,-10.0,-5.0,10.0
8935,2023,Chase Davis,CF,sa3022426,1,Part-Time,45,50.0,55.0,60.0,50.0,50.0,,,,,20.0,20.0,0.0,20.0,1.0,1.0,45.0,2,,,,,,,,,,,,0.0,0,0,0,1,20.0,0,0.0,0.0,0.0
8217,2023,Chase DeLauter,RF,sa3021053,1,Part-Time,45,55.0,55.0,60.0,40.0,55.0,,,,,20.0,20.0,-5.0,20.0,-1.0,-1.0,60.0,2,,,,,,,,,,,,0.0,0,0,0,1,20.0,0,0.0,0.0,0.0
8709,2023,Colin Houck,SS,sa3022964,1,Part-Time,45,40.0,55.0,60.0,55.0,50.0,,,,,20.0,35.0,0.0,20.0,1.0,1.0,60.0,1,,,,,,,,,,,,0.0,0,0,0,1,17.0,0,0.0,0.0,0.0
8177,2023,Colt Emerson,SS,sa3022923,1,Part-Time,45,55.0,45.0,45.0,50.0,50.0,,,,,30.0,25.0,0.0,10.0,,,55.0,2,,,,,,,,,,,,0.0,0,0,0,1,16.0,0,0.0,0.0,0.0
8225,2023,Cooper Pratt,SS,sa3022867,1,Part-Time,45,50.0,55.0,55.0,40.0,55.0,,,,,25.0,35.0,0.0,20.0,1.0,,50.0,2,,,,,,,,,,,,0.0,0,0,0,1,17.0,0,0.0,0.0,0.0
8694,2023,Cristhian Vaquero,CF,sa3018403,1,Part-Time,45,45.0,55.0,60.0,60.0,50.0,,,,,25.0,35.0,0.0,20.0,2.0,2.0,60.0,3,216.0,176.0,1.0,17.0,0.3746527777777777,0.4337592592592592,0.2556818181818182,0.0852272727272727,0.868421052631579,0.1759259259259259,0.1527777777777778,1.8888888888888888,0,0,0,1,17.0,0,-5.0,-5.0,5.0
8835,2023,Cristian Hernandez,SS,sa3015696,1,Part-Time,45,35.0,50.0,60.0,55.0,50.0,,,,,15.0,25.0,0.0,10.0,2.0,1.0,50.0,3,175.0,157.0,3.0,6.0,0.3444685714285714,0.4002114285714285,0.2611464968152866,0.0955414012738853,0.2452830188679245,0.3028571428571429,0.0742857142857142,4.0,0,0,0,1,18.0,-5,-5.0,-5.0,0.0
9139,2023,Cristofer Torin,2B,sa3018938,1,Part-Time,45,70.0,40.0,40.0,40.0,50.0,,,,,45.0,20.0,0.0,10.0,,1.0,45.0,1,202.0,159.0,0.0,21.0,0.4443514851485148,0.4026386138613861,0.3333333333333333,0.10062893081761,1.85,0.099009900990099,0.1831683168316831,0.0,0,0,0,1,17.0,0,0.0,0.0,0.0
8875,2023,Daniel Susac,C,sa3019997,1,Part-Time,45,40.0,55.0,70.0,30.0,45.0,,,,,10.0,20.0,-5.0,15.0,,-1.0,45.0,3,113.0,104.0,1.0,0.0,0.3255663716814159,0.388,0.2980769230769231,0.1057692307692307,0.28,0.2212389380530973,0.0619469026548672,0.0,0,0,0,2,21.0,0,0.0,0.0,0.0
9145,2023,Dillon Head,CF,sa3022753,1,Part-Time,45,50.0,50.0,55.0,60.0,55.0,,,,,30.0,30.0,0.0,15.0,,2.0,50.0,2,,,,,,,,,,,,0.0,0,0,0,1,17.0,0,0.0,0.0,0.0
8338,2023,Dylan Beavers,CF,31695,1,Part-Time,45,40.0,60.0,70.0,55.0,50.0,,,,,10.0,30.0,0.0,20.0,2.0,1.0,60.0,3,89.0,73.0,0.0,6.0,0.5144831460674157,0.4769662921348314,0.3287671232876712,0.1643835616438356,1.0769230769230769,0.146067415730337,0.1573033707865168,0.0,0,0,0,2,20.0,0,0.0,0.0,0.0
8315,2023,Edwin Arroyo,SS,sa3017626,1,Part-Time,45,45.0,55.0,55.0,55.0,50.0,,,,0.29,25.0,30.0,0.0,10.0,,1.0,50.0,1,528.0,467.0,14.0,27.0,0.3775700757575757,0.4769507575757575,0.2933618843683083,0.1862955032119914,0.3739837398373983,0.2329545454545454,0.0871212121212121,18.4390243902439,0,0,0,2,18.0,5,5.0,5.0,5.0
8216,2023,Emmanuel Rodriguez,CF,sa3014693,1,Part-Time,45,35.0,50.0,60.0,50.0,60.0,,,,,5.0,15.0,0.0,15.0,,1.0,55.0,1,199.0,136.0,9.0,11.0,0.4822462311557788,0.5684974874371859,0.2720588235294117,0.2794117647058823,1.0961538461538465,0.2613065326633166,0.2864321608040201,9.9,0,0,0,2,19.0,5,-5.0,-5.0,0.0
8365,2023,Enrique Bradfield Jr.,CF,sa3022917,1,Part-Time,45,60.0,35.0,40.0,80.0,60.0,,,,,25.0,5.0,0.0,15.0,,2.0,40.0,3,,,,,,,,,,,,0.0,0,0,0,1,20.0,0,0.0,0.0,0.0
9011,2023,George Valera,RF,22541,1,Part-Time,45,35.0,55.0,60.0,50.0,55.0,,,,0.41,5.0,10.0,0.0,5.0,,,60.0,2,,,,,,,,,,,,0.0,0,0,0,1,21.0,-5,-5.0,-5.0,0.0
8764,2023,Jacob Gonzalez,SS,sa3022498,1,Part-Time,45,40.0,45.0,50.0,40.0,50.0,,,,,10.0,15.0,0.0,5.0,1.0,-1.0,50.0,2,,,,,,,,,,,,0.0,0,0,0,1,20.0,0,0.0,0.0,0.0
8273,2023,Jansel Luis,SS,sa3018508,1,Part-Time,45,55.0,55.0,55.0,50.0,50.0,,,,,30.0,30.0,0.0,10.0,1.0,1.0,50.0,2,193.0,174.0,1.0,9.0,0.3580310880829015,0.3530829015544041,0.3448275862068966,0.0689655172413793,0.5217391304347826,0.1191709844559585,0.0621761658031088,1.8,0,0,0,1,17.0,0,0.0,0.0,0.0
8706,2023,Javier Vaz,2B,sa3019906,1,Part-Time,45,70.0,30.0,30.0,60.0,50.0,,,,,35.0,0.0,0.0,10.0,-1.0,,40.0,1,131.0,108.0,1.0,5.0,0.3571908396946564,0.4135725190839694,0.2592592592592592,0.1111111111111111,1.2352941176470589,0.1297709923664122,0.1603053435114503,1.6666666666666667,0,0,0,2,21.0,0,0.0,0.0,0.0
8258,2023,Jeferson Quero,C,sa3015407,1,Part-Time,45,50.0,50.0,55.0,20.0,60.0,,,,0.29,15.0,20.0,-10.0,15.0,2.0,1.0,60.0,3,,,,,,,,,,,,0.0,0,0,0,1,19.0,0,0.0,-5.0,0.0
8224,2023,Jefferson Rojas,SS,sa3018571,1,Part-Time,45,50.0,50.0,50.0,45.0,45.0,,,,,25.0,30.0,0.0,15.0,,,55.0,2,169.0,145.0,1.0,15.0,0.4262485207100591,0.4251479289940828,0.3034482758620689,0.1034482758620689,0.8888888888888888,0.1065088757396449,0.0946745562130177,1.875,0,0,0,1,17.0,0,0.0,0.0,0.0
8238,2023,Jett Williams,CF,sa3020134,1,Part-Time,45,60.0,45.0,50.0,70.0,55.0,,,,,35.0,25.0,0.0,15.0,,2.0,45.0,1,41.0,32.0,1.0,6.0,0.3863170731707317,0.3749024390243902,0.25,0.1875,0.6666666666666666,0.1463414634146341,0.0975609756097561,1.7142857142857142,0,0,0,1,18.0,0,0.0,0.0,0.0
8462,2023,Joendry Vargas,SS,sa3021067,1,Part-Time,45,55.0,55.0,60.0,35.0,45.0,,,,,30.0,35.0,-10.0,15.0,2.0,,60.0,3,,,,,,,,,,,,0.0,0,0,0,1,16.0,0,0.0,0.0,0.0
8864,2023,Jorbit Vivas,2B,23917,1,Part-Time,45,60.0,35.0,35.0,45.0,50.0,,,,0.26,10.0,5.0,0.0,10.0,,1.0,40.0,1,,,,,,,,,,,,0.0,0,0,0,1,21.0,0,0.0,-5.0,0.0
8898,2023,Jorge Barrosa,CF,23968,1,Part-Time,45,60.0,30.0,35.0,55.0,60.0,,,,,25.0,10.0,0.0,5.0,-1.0,,50.0,1,,,,,,,,,,,,0.0,0,0,0,1,21.0,5,0.0,0.0,0.0
9189,2023,Jose Salas,2B,sa3014690,1,Part-Time,45,50.0,45.0,50.0,40.0,45.0,,,,,20.0,15.0,0.0,15.0,2.0,,55.0,2,474.0,412.0,9.0,33.0,0.3268333333333333,0.3590400843881856,0.25,0.1334951456310679,0.4526315789473684,0.20042194092827,0.090717299578059,14.142857142857142,0,0,1,3,19.0,-5,-10.0,-5.0,-10.0
8401,2023,Josh Kasevich,SS,sa3020203,1,Part-Time,45,70.0,35.0,40.0,40.0,55.0,,,,,35.0,5.0,0.0,20.0,-2.0,-1.0,45.0,2,122.0,107.0,0.0,0.0,0.3479180327868852,0.3286311475409836,0.2616822429906542,0.0747663551401869,1.2222222222222223,0.0737704918032786,0.0901639344262295,0.0,0,0,0,2,21.0,0,0.0,0.0,0.0
8186,2023,Josue De Paula,RF,sa3018591,1,Part-Time,45,55.0,60.0,65.0,30.0,40.0,,,,0.16,30.0,35.0,-10.0,20.0,1.0,-1.0,40.0,2,223.0,186.0,5.0,16.0,0.4171479820627802,0.4363991031390134,0.3494623655913978,0.1720430107526881,1.032258064516129,0.1390134529147982,0.1434977578475336,7.619047619047619,0,0,0,1,17.0,0,0.0,0.0,0.0
8435,2023,Juan Brito,2B,sa3009808,1,Part-Time,45,60.0,40.0,45.0,35.0,40.0,,,,0.23,25.0,10.0,0.0,10.0,-1.0,-1.0,40.0,1,497.0,402.0,11.0,17.0,0.3933923541247484,0.4669295774647887,0.2860696517412935,0.1840796019900497,1.0985915492957747,0.1428571428571428,0.1569416498993963,13.357142857142858,0,0,0,2,20.0,5,0.0,0.0,0.0
8810,2023,Jud Fabian,CF,sa3019942,1,Part-Time,45,35.0,55.0,60.0,60.0,60.0,,,,,5.0,25.0,0.0,15.0,,1.0,60.0,2,99.0,78.0,3.0,1.0,0.4524343434343434,0.6571818181818181,0.3333333333333333,0.282051282051282,0.9047619047619048,0.2121212121212121,0.1919191919191919,1.5,0,0,1,3,21.0,0,0.0,0.0,0.0
8287,2023,Justin Crawford,CF,sa3020240,1,Part-Time,45,55.0,45.0,55.0,70.0,50.0,,,,,30.0,25.0,0.0,10.0,2.0,2.0,45.0,3,66.0,58.0,0.0,10.0,0.3744848484848484,0.2796515151515151,0.2413793103448276,0.0344827586206896,0.4666666666666667,0.2272727272727272,0.106060606060606,0.0,0,0,0,2,18.0,0,0.0,0.0,0.0
8492,2023,Kahlil Watson,CF,sa3017513,1,Part-Time,45,40.0,55.0,60.0,60.0,45.0,,,,,10.0,20.0,0.0,15.0,,2.0,50.0,1,376.0,335.0,10.0,16.0,0.3124787234042553,0.5025744680851063,0.2328358208955223,0.1731343283582089,0.2424242424242424,0.351063829787234,0.0851063829787234,12.307692307692308,0,0,0,2,19.0,5,0.0,-5.0,0.0
8172,2023,Kevin McGonigle,2B,sa3022895,1,Part-Time,45,60.0,40.0,45.0,55.0,60.0,,,,,35.0,20.0,0.0,15.0,-1.0,1.0,60.0,1,,,,,,,,,,,,0.0,0,0,0,1,17.0,0,0.0,0.0,0.0
9107,2023,Luis Guanipa,CF,sa3020884,1,Part-Time,45,55.0,55.0,55.0,70.0,60.0,,,,,30.0,35.0,0.0,15.0,1.0,2.0,40.0,1,,,,,,,,,,,,0.0,0,0,0,1,16.0,0,0.0,0.0,0.0
8290,2023,LuJames Groover,3B,sa3022887,1,Part-Time,45,50.0,60.0,60.0,55.0,45.0,,,,,20.0,25.0,0.0,15.0,1.0,2.0,50.0,1,,,,,,,,,,,,0.0,0,0,0,1,20.0,0,0.0,0.0,0.0
9157,2023,Marco Vargas,SS,sa3018632,1,Part-Time,45,60.0,40.0,40.0,40.0,45.0,,,,,35.0,20.0,0.0,15.0,-1.0,,45.0,1,221.0,182.0,2.0,14.0,0.4546244343891402,0.4832171945701357,0.3186813186813186,0.1373626373626373,1.09375,0.1447963800904977,0.1583710407239819,3.5,0,0,0,1,17.0,0,0.0,0.0,0.0
8945,2023,Marvin Alcantara,SS,sa3018558,1,Part-Time,45,55.0,45.0,45.0,55.0,55.0,,,,,30.0,25.0,0.0,10.0,1.0,1.0,55.0,2,224.0,189.0,1.0,14.0,0.4477366071428571,0.4394241071428571,0.3015873015873015,0.0952380952380952,0.8787878787878788,0.1473214285714285,0.1294642857142857,1.8666666666666667,0,0,0,1,17.0,0,0.0,0.0,0.0
8467,2023,Mikey Romero,3B,sa3020216,1,Part-Time,45,60.0,45.0,50.0,45.0,40.0,,,,,35.0,25.0,-5.0,10.0,1.0,,50.0,2,87.0,79.0,1.0,2.0,0.3243333333333333,0.391735632183908,0.3037974683544304,0.2025316455696202,0.5333333333333333,0.1724137931034483,0.0919540229885057,1.3333333333333333,0,0,0,2,18.0,0,0.0,0.0,0.0
8289,2023,Moisés Ballesteros,C,28820,1,Part-Time,45,50.0,55.0,60.0,20.0,40.0,,,,,25.0,30.0,0.0,10.0,-2.0,-1.0,40.0,1,110.0,97.0,7.0,0.0,0.3904545454545454,0.5885,0.268041237113402,0.268041237113402,0.6842105263157895,0.1727272727272727,0.1181818181818181,0.0,0,0,0,1,18.0,0,0.0,0.0,0.0
8412,2023,Nathan Martorella,1B,sa3019978,1,Part-Time,45,50.0,55.0,60.0,30.0,40.0,,,,,15.0,20.0,0.0,10.0,-1.0,1.0,40.0,1,107.0,90.0,3.0,0.0,0.4162242990654205,0.3702523364485981,0.3222222222222222,0.1888888888888888,0.7619047619047619,0.1962616822429906,0.1495327102803738,0.0,0,0,0,2,21.0,10,0.0,0.0,0.0
8293,2023,Nelson Rada,CF,sa3018421,1,Part-Time,45,50.0,45.0,45.0,60.0,60.0,,,,,25.0,25.0,0.0,15.0,1.0,1.0,30.0,2,206.0,164.0,1.0,27.0,0.4601650485436893,0.4817233009708737,0.3109756097560975,0.1280487804878048,1.0,0.1262135922330097,0.1262135922330097,1.9285714285714288,0,0,0,1,16.0,10,0.0,0.0,0.0
8374,2023,Orelvis Martinez,3B,25967,1,Part-Time,45,40.0,60.0,60.0,40.0,45.0,,,,,10.0,25.0,-5.0,15.0,1.0,1.0,55.0,2,,,,,,,,,,,,0.0,0,0,0,1,20.0,-5,-5.0,0.0,0.0
8307,2023,Owen Caissie,RF,27496,1,Part-Time,45,30.0,65.0,80.0,30.0,50.0,,,,,0.0,10.0,-10.0,20.0,2.0,-1.0,60.0,3,,,,,,,,,,,,0.0,0,0,0,1,19.0,-5,-10.0,5.0,0.0
8705,2023,Rayner Arias,CF,sa3021076,1,Part-Time,45,50.0,55.0,60.0,50.0,55.0,,,,,25.0,30.0,0.0,25.0,1.0,1.0,60.0,2,,,,,,,,,,,,0.0,0,0,0,1,16.0,0,0.0,0.0,0.0
8385,2023,Ryan Clifford,RF,sa3020126,1,Part-Time,45,40.0,60.0,65.0,30.0,50.0,,,,,10.0,25.0,-10.0,20.0,1.0,,60.0,2,101.0,77.0,2.0,2.0,0.4623366336633663,0.3847722772277227,0.2467532467532467,0.1428571428571428,0.7096774193548387,0.3069306930693069,0.2178217821782178,2.0,0,0,0,2,18.0,5,-15.0,0.0,0.0
8268,2023,Spencer Jones,CF,sa3019969,1,Part-Time,45,35.0,60.0,70.0,40.0,50.0,,,,,5.0,25.0,0.0,20.0,2.0,1.0,50.0,3,106.0,93.0,4.0,12.0,0.3966792452830188,0.5261415094339622,0.3440860215053763,0.1935483870967742,0.55,0.1886792452830188,0.1037735849056603,6.0,0,0,0,2,21.0,0,-5.0,-10.0,0.0
8297,2023,Sterlin Thompson,LF,sa3019999,1,Part-Time,45,55.0,50.0,50.0,50.0,20.0,,,,,20.0,20.0,0.0,0.0,1.0,,55.0,2,111.0,101.0,2.0,3.0,0.36809009009009,0.4267567567567567,0.3069306930693069,0.1287128712871287,0.1785714285714285,0.2522522522522522,0.045045045045045,2.4,0,0,0,2,21.0,5,5.0,-5.0,0.0
8430,2023,Tai Peete,CF,sa3022966,1,Part-Time,45,40.0,55.0,70.0,45.0,55.0,,,,,20.0,30.0,0.0,20.0,2.0,1.0,60.0,3,,,,,,,,,,,,0.0,0,0,0,1,16.0,0,0.0,0.0,0.0
8959,2023,Wade Meckler,CF,31490,1,Part-Time,45,60.0,35.0,45.0,50.0,55.0,,,,,10.0,5.0,0.0,5.0,-1.0,,50.0,1,100.0,79.0,1.0,2.0,0.55639,0.60398,0.3670886075949367,0.1772151898734177,1.25,0.16,0.2,1.3333333333333333,0,0,0,2,22.0,0,0.0,0.0,0.0
8578,2023,Welbyn Francisca,2B,sa3021087,1,Part-Time,45,70.0,45.0,45.0,50.0,50.0,,,,,45.0,25.0,-5.0,20.0,-1.0,1.0,40.0,1,,,,,,,,,,,,0.0,0,0,0,1,16.0,0,0.0,0.0,0.0
9217,2023,Yohandy Morales,1B,sa3022672,1,Part-Time,45,40.0,60.0,65.0,40.0,55.0,,,,,10.0,25.0,-5.0,20.0,2.0,1.0,60.0,3,,,,,,,,,,,,0.0,0,0,0,1,20.0,0,0.0,0.0,0.0
8535,2023,Yordany De Los Santos,SS,sa3018408,1,Part-Time,45,45.0,60.0,60.0,45.0,45.0,,,,,25.0,35.0,0.0,15.0,1.0,1.0,50.0,2,234.0,190.0,1.0,14.0,0.326034188034188,0.3316752136752136,0.2578947368421053,0.1052631578947368,0.7111111111111111,0.1923076923076923,0.1367521367521367,1.8666666666666667,0,0,0,1,17.0,5,0.0,10.0,0.0
8668,2023,Adrian Santana,SS,sa3018876,0,Bench/Reserve,40,40.0,40.0,40.0,60.0,50.0,,,,,20.0,20.0,0.0,10.0,-1.0,1.0,55.0,1,,,,,,,,,,,,0.0,0,0,0,1,16.0,0,0.0,0.0,0.0
8861,2023,Alberto Hernandez,SS,sa3018582,0,Bench/Reserve,40,55.0,45.0,50.0,50.0,50.0,,,,,30.0,25.0,0.0,10.0,1.0,,50.0,2,193.0,166.0,3.0,9.0,0.3027512953367875,0.2908963730569948,0.2349397590361445,0.1144578313253012,0.7407407407407407,0.1398963730569948,0.1036269430051813,4.5,0,0,0,1,18.0,0,0.0,0.0,0.0
8189,2023,Alfredo Duno,C,sa3021066,0,Bench/Reserve,40,40.0,60.0,70.0,30.0,45.0,,,,,20.0,35.0,-10.0,25.0,,1.0,70.0,2,,,,,,,,,,,,0.0,0,0,0,1,16.0,0,0.0,0.0,0.0
8193,2023,Angel Genao,SS,sa3015706,0,Bench/Reserve,40,45.0,50.0,50.0,50.0,55.0,,,,0.24,25.0,30.0,0.0,10.0,,1.0,55.0,2,204.0,177.0,2.0,6.0,0.4032745098039215,0.464392156862745,0.2994350282485876,0.0847457627118644,0.4444444444444444,0.2205882352941176,0.0980392156862745,3.0,0,0,0,2,18.0,0,-5.0,5.0,0.0
8977,2023,Antonio Gomez,C,sa3008746,0,Bench/Reserve,40,35.0,40.0,55.0,30.0,55.0,,,,,5.0,10.0,0.0,10.0,,1.0,70.0,1,370.0,325.0,8.0,1.0,0.3135027027027027,0.3094621621621621,0.2523076923076923,0.1169230769230769,0.35,0.2702702702702703,0.0945945945945946,1.7777777777777777,0,0,0,2,20.0,-5,-10.0,0.0,0.0
8337,2023,Aroon Escobar,2B,sa3018463,0,Bench/Reserve,40,60.0,40.0,50.0,40.0,50.0,,,,,35.0,20.0,0.0,20.0,-1.0,1.0,50.0,1,186.0,143.0,3.0,11.0,0.3871075268817204,0.4932096774193548,0.2377622377622377,0.1048951048951049,0.9230769230769232,0.1397849462365591,0.1290322580645161,4.714285714285714,0,0,0,1,17.0,0,0.0,0.0,0.0
8311,2023,Asbel Gonzalez,CF,sa3021639,0,Bench/Reserve,40,55.0,45.0,45.0,60.0,50.0,,,,,30.0,25.0,0.0,10.0,1.0,1.0,50.0,3,,,,,,,,,,,,0.0,0,0,0,1,16.0,0,0.0,0.0,0.0
8419,2023,Austin Charles,3B,sa3020497,0,Bench/Reserve,40,35.0,50.0,60.0,60.0,60.0,,,,,15.0,30.0,5.0,30.0,2.0,2.0,55.0,3,11.0,11.0,0.0,0.0,0.294090909090909,0.294090909090909,0.2727272727272727,0.0,0.0,0.3636363636363636,0.0,0.0,0,0,0,1,18.0,5,0.0,0.0,0.0
9283,2023,Benny Montgomery,CF,sa3017169,0,Bench/Reserve,40,35.0,40.0,55.0,70.0,45.0,,,,,5.0,20.0,0.0,15.0,1.0,1.0,60.0,3,286.0,255.0,6.0,9.0,0.3452657342657342,0.4441153846153846,0.3098039215686274,0.1843137254901961,0.2727272727272727,0.2692307692307692,0.0734265734265734,7.2,0,0,0,2,19.0,-5,-15.0,0.0,0.0
8769,2023,Blaze Jordan,1B,sa3014537,0,Bench/Reserve,40,50.0,55.0,60.0,30.0,55.0,,,,,15.0,20.0,0.0,25.0,-2.0,-1.0,40.0,2,415.0,370.0,8.0,4.0,0.3261469879518072,0.4208771084337349,0.2864864864864865,0.1594594594594594,0.5522388059701493,0.1614457831325301,0.0891566265060241,5.333333333333333,0,0,0,2,19.0,0,-5.0,0.0,0.0
8379,2023,Brailer Guerrero,RF,sa3021072,0,Bench/Reserve,40,55.0,55.0,55.0,40.0,50.0,,,,,30.0,30.0,-5.0,20.0,,,50.0,2,,,,,,,,,,,,0.0,0,0,0,1,16.0,0,0.0,0.0,0.0
8720,2023,Brandon Valenzuela,C,sa3005729,0,Bench/Reserve,40,40.0,40.0,45.0,30.0,50.0,,,,,10.0,10.0,0.0,10.0,1.0,1.0,60.0,2,413.0,345.0,10.0,0.0,0.3532203389830508,0.3422372881355932,0.208695652173913,0.1391304347826087,0.6631578947368421,0.2300242130750605,0.1525423728813559,0.0,0,0,1,3,21.0,0,-5.0,0.0,0.0
8515,2023,Bryan Rincon,SS,sa3020221,0,Bench/Reserve,40,50.0,30.0,30.0,50.0,60.0,,,,,25.0,10.0,0.0,15.0,-1.0,1.0,55.0,1,42.0,34.0,2.0,4.0,0.3093333333333333,0.3849285714285714,0.1764705882352941,0.2352941176470588,0.8571428571428571,0.1666666666666666,0.1428571428571428,2.6666666666666665,0,0,0,1,18.0,0,0.0,0.0,0.0
9210,2023,Byron Chourio,CF,sa3018644,0,Bench/Reserve,40,55.0,45.0,45.0,50.0,50.0,,,,,30.0,25.0,-5.0,20.0,2.0,1.0,50.0,2,217.0,183.0,1.0,19.0,0.4072718894009216,0.3866405529953917,0.3442622950819672,0.0655737704918032,0.925925925925926,0.1244239631336405,0.1152073732718894,1.9,0,0,0,1,17.0,0,0.0,0.0,0.0
8852,2023,Carlos D. Rodriguez,CF,sa3005478,0,Bench/Reserve,40,50.0,30.0,40.0,70.0,60.0,,,,,20.0,10.0,0.0,15.0,-1.0,1.0,50.0,1,166.0,142.0,3.0,10.0,0.2801506024096385,0.2682168674698795,0.2676056338028169,0.1478873239436619,0.5142857142857142,0.2108433734939759,0.108433734939759,4.615384615384615,0,0,1,3,21.0,0,-10.0,0.0,0.0
8450,2023,Carlos Jorge,CF,sa3016722,0,Bench/Reserve,40,50.0,60.0,55.0,55.0,45.0,,,,,30.0,35.0,0.0,15.0,,1.0,40.0,1,154.0,119.0,7.0,27.0,0.407,0.5634155844155844,0.2605042016806723,0.2689075630252101,0.6097560975609756,0.2662337662337662,0.1623376623376623,11.117647058823527,0,0,0,1,18.0,5,-10.0,30.0,-5.0
8962,2023,César Prieto,2B,30163,0,Bench/Reserve,40,60.0,35.0,40.0,40.0,40.0,,,,0.33,10.0,5.0,0.0,10.0,-1.0,-1.0,40.0,1,,,,,,,,,,,,0.0,0,0,0,1,23.0,0,0.0,-5.0,-10.0
8928,2023,Christian Cerda,C,sa3015623,0,Bench/Reserve,40,40.0,40.0,55.0,30.0,45.0,,,,,20.0,20.0,0.0,15.0,,,45.0,2,112.0,88.0,2.0,5.0,0.455625,0.4550089285714285,0.2727272727272727,0.1590909090909091,1.2105263157894737,0.1696428571428571,0.2053571428571428,2.857142857142857,0,0,0,1,19.0,5,-5.0,0.0,10.0
8331,2023,Christian Franklin,CF,sa3017510,0,Bench/Reserve,40,40.0,45.0,50.0,50.0,50.0,,,,,10.0,10.0,0.0,10.0,,,45.0,2,,,,,,,,,,,,0.0,0,0,0,1,22.0,0,0.0,0.0,0.0
8426,2023,Cole Carrigg,CF,sa3022596,0,Bench/Reserve,40,40.0,35.0,40.0,55.0,55.0,,,,,10.0,5.0,0.0,10.0,1.0,1.0,80.0,2,,,,,,,,,,,,0.0,0,0,0,1,20.0,0,0.0,0.0,0.0
9378,2023,Colton Ledbetter,CF,sa3022897,0,Bench/Reserve,40,55.0,45.0,50.0,50.0,50.0,,,,,20.0,15.0,0.0,20.0,,-1.0,40.0,2,,,,,,,,,,,,0.0,0,0,0,1,20.0,0,0.0,0.0,0.0
8493,2023,Cooper Kinney,2B,sa3017793,0,Bench/Reserve,40,55.0,50.0,50.0,40.0,45.0,,,,,30.0,30.0,0.0,15.0,1.0,,50.0,2,,,,,,,,,,,,0.0,0,0,0,1,19.0,0,0.0,0.0,0.0
8738,2023,Daiverson Gutierrez,C,sa3021086,0,Bench/Reserve,40,40.0,55.0,60.0,30.0,50.0,,,,,20.0,30.0,0.0,10.0,-1.0,,60.0,2,,,,,,,,,,,,0.0,0,0,0,1,16.0,0,0.0,0.0,0.0
9152,2023,Darren Baker,2B,29912,0,Bench/Reserve,40,60.0,35.0,40.0,50.0,50.0,,,,,5.0,15.0,0.0,10.0,1.0,1.0,40.0,2,,,,,,,,,,,,0.0,0,0,0,1,,5,5.0,0.0,-5.0
9149,2023,Dasan Brown,CF,sa3011717,0,Bench/Reserve,40,30.0,40.0,45.0,80.0,70.0,,,,,0.0,10.0,0.0,25.0,2.0,2.0,50.0,3,360.0,307.0,6.0,24.0,0.3577222222222222,0.3569666666666666,0.2833876221498371,0.1368078175895765,0.3235294117647059,0.2833333333333333,0.0916666666666666,9.6,0,0,1,3,20.0,0,0.0,0.0,0.0
8397,2023,Denzer Guzman,SS,28816,0,Bench/Reserve,40,40.0,40.0,45.0,50.0,50.0,,,,,20.0,20.0,0.0,10.0,1.0,1.0,50.0,2,234.0,209.0,3.0,4.0,0.3672222222222222,0.4139102564102564,0.277511961722488,0.124401913875598,0.3888888888888889,0.2307692307692307,0.0897435897435897,3.4285714285714284,0,0,0,2,18.0,0,-10.0,0.0,10.0
9176,2023,Derniche Valdez,SS,sa3021068,0,Bench/Reserve,40,50.0,45.0,45.0,55.0,55.0,,,,,30.0,25.0,0.0,15.0,-1.0,2.0,50.0,1,,,,,,,,,,,,0.0,0,0,0,1,16.0,0,0.0,0.0,0.0
8828,2023,Deyvison De Los Santos,DH,sa3015168,0,Bench/Reserve,40,30.0,60.0,70.0,30.0,20.0,,,,,10.0,35.0,-10.0,0.0,,1.0,45.0,2,560.0,513.0,22.0,5.0,0.3220803571428571,0.4743607142857142,0.3060428849902534,0.1929824561403508,0.2312925170068027,0.2625,0.0607142857142857,8.148148148148149,0,1,1,4,19.0,-5,-10.0,0.0,0.0
8986,2023,Diego Velasquez,SS,sa3016144,0,Bench/Reserve,40,50.0,40.0,45.0,50.0,55.0,,,,,25.0,20.0,0.0,15.0,-1.0,1.0,45.0,2,237.0,203.0,1.0,7.0,0.300295358649789,0.2580042194092827,0.2512315270935961,0.064039408866995,0.6,0.1687763713080168,0.1012658227848101,1.75,0,0,0,2,18.0,0,0.0,0.0,0.0
8629,2023,Drew Romo,C,27763,0,Bench/Reserve,40,55.0,35.0,35.0,45.0,55.0,,,,,10.0,5.0,0.0,10.0,1.0,1.0,50.0,1,,,,,,,,,,,,0.0,0,0,0,1,20.0,-10,5.0,-10.0,15.0
9027,2023,Dylan Campbell,RF,sa3022751,0,Bench/Reserve,40,50.0,45.0,50.0,40.0,60.0,,,,,20.0,15.0,0.0,25.0,-1.0,,55.0,1,,,,,,,,,,,,0.0,0,0,0,1,19.0,0,0.0,0.0,0.0
8660,2023,Eddinson Paulino,3B,sa3009538,0,Bench/Reserve,40,45.0,50.0,55.0,40.0,40.0,,,,,10.0,20.0,0.0,10.0,,,50.0,1,539.0,463.0,13.0,27.0,0.3297755102040816,0.4345398886827458,0.265658747300216,0.203023758099352,0.6095238095238096,0.1948051948051948,0.1187384044526901,17.55,0,0,0,2,19.0,0,0.0,5.0,-10.0
9270,2023,Eduardo Garcia,SS,sa3008751,0,Bench/Reserve,40,35.0,45.0,55.0,40.0,60.0,,,,0.31,5.0,15.0,0.0,15.0,1.0,2.0,60.0,3,480.0,452.0,15.0,15.0,0.3092270833333333,0.4026479166666666,0.2588495575221239,0.1482300884955752,0.1172839506172839,0.3375,0.0395833333333333,15.0,0,0,1,3,19.0,0,0.0,0.0,0.0
9095,2023,Eric Bitonti,1B,sa3022866,0,Bench/Reserve,40,40.0,55.0,70.0,30.0,40.0,,,,,20.0,30.0,-10.0,20.0,1.0,-1.0,55.0,3,,,,,,,,,,,,0.0,0,0,0,1,16.0,0,0.0,0.0,0.0
9118,2023,Esmil Valencia,LF,sa3021082,0,Bench/Reserve,40,60.0,50.0,50.0,45.0,50.0,,,,,35.0,30.0,0.0,20.0,1.0,1.0,40.0,2,,,,,,,,,,,,0.0,0,0,0,1,16.0,0,0.0,0.0,0.0
8589,2023,Estuar Suero,CF,sa3018481,0,Bench/Reserve,40,40.0,50.0,60.0,60.0,50.0,,,,,20.0,30.0,0.0,10.0,2.0,2.0,60.0,3,176.0,152.0,3.0,14.0,0.281465909090909,0.2563693181818181,0.25,0.1447368421052631,0.4038461538461538,0.2954545454545454,0.1193181818181818,4.941176470588236,0,0,0,1,16.0,0,0.0,0.0,0.0
9361,2023,Frederick Bencosme,SS,sa3016779,0,Bench/Reserve,40,70.0,35.0,40.0,50.0,50.0,,,,0.11,35.0,5.0,5.0,20.0,1.0,-1.0,50.0,2,300.0,267.0,3.0,8.0,0.3982666666666666,0.4091566666666666,0.3108614232209737,0.1011235955056179,0.725,0.1333333333333333,0.0966666666666666,4.363636363636363,0,0,1,3,19.0,0,0.0,0.0,0.0
8383,2023,Gabriel Gonzalez,RF,sa3015723,0,Bench/Reserve,40,50.0,50.0,55.0,40.0,60.0,,,,,25.0,30.0,-5.0,25.0,-1.0,1.0,55.0,1,290.0,252.0,7.0,9.0,0.4332793103448275,0.4501827586206896,0.3214285714285714,0.1468253968253968,0.5,0.1448275862068965,0.0724137931034482,7.875,0,0,0,2,18.0,0,0.0,0.0,10.0
8544,2023,Gabriel Rincones Jr.,LF,sa3020758,0,Bench/Reserve,40,45.0,55.0,60.0,40.0,50.0,,,,,15.0,20.0,0.0,20.0,1.0,,40.0,2,,,,,,,,,,,,0.0,0,0,0,1,21.0,0,0.0,0.0,0.0
8689,2023,Gage Workman,3B,27573,0,Bench/Reserve,40,30.0,40.0,55.0,55.0,60.0,,,,,0.0,10.0,0.0,5.0,2.0,1.0,70.0,3,,,,,,,,,,,,0.0,0,0,0,1,22.0,0,-5.0,-10.0,5.0
9256,2023,Gian Zapata,CF,sa3021079,0,Bench/Reserve,40,45.0,55.0,55.0,55.0,50.0,,,,,25.0,35.0,-5.0,10.0,2.0,1.0,60.0,3,,,,,,,,,,,,0.0,0,0,0,1,16.0,0,0.0,0.0,0.0
9154,2023,Greg Jones,CF,25448,0,Bench/Reserve,40,30.0,45.0,55.0,80.0,45.0,,,,0.31,10.0,15.0,0.0,5.0,1.0,2.0,45.0,2,,,,,,,,,,,,0.0,0,0,0,1,,-10,-15.0,-5.0,10.0
8455,2023,Hao-Yu Lee,2B,sa3017863,0,Bench/Reserve,40,45.0,55.0,55.0,30.0,40.0,,,,,10.0,25.0,-10.0,10.0,-1.0,,50.0,2,310.0,264.0,8.0,11.0,0.3912774193548387,0.426858064516129,0.2878787878787879,0.1439393939393939,0.6551724137931034,0.1870967741935484,0.1225806451612903,9.263157894736842,0,0,0,2,19.0,0,-10.0,5.0,0.0
9031,2023,Hendry Mendez,LF,sa3015727,0,Bench/Reserve,40,60.0,40.0,55.0,50.0,50.0,,,,0.24,35.0,20.0,0.0,20.0,-1.0,,55.0,2,446.0,377.0,5.0,7.0,0.3779663677130044,0.3049484304932735,0.2440318302387268,0.0742705570291777,0.8857142857142857,0.1569506726457399,0.1390134529147982,5.833333333333333,0,0,0,2,18.0,0,0.0,0.0,0.0
8975,2023,Henry Bolte,RF,sa3020006,0,Bench/Reserve,40,45.0,55.0,60.0,50.0,50.0,,,,,15.0,15.0,-5.0,10.0,1.0,1.0,45.0,2,39.0,33.0,0.0,0.0,0.3544102564102564,0.2771794871794871,0.2121212121212121,0.0,0.2631578947368421,0.4871794871794871,0.1282051282051282,0.0,0,0,0,1,18.0,5,0.0,0.0,0.0
9394,2023,Jack Hurley,CF,sa3022564,0,Bench/Reserve,40,50.0,50.0,55.0,55.0,50.0,,,,,20.0,20.0,0.0,10.0,,1.0,60.0,2,,,,,,,,,,,,0.0,0,0,0,1,20.0,0,0.0,0.0,0.0
8265,2023,Jacob Melton,CF,31661,0,Bench/Reserve,40,40.0,45.0,55.0,60.0,45.0,,,,,10.0,15.0,0.0,5.0,1.0,1.0,40.0,2,17.0,17.0,0.0,1.0,0.0,0.0,0.0,0.0,0.0,0.3529411764705882,0.0,0.0,0,0,0,1,21.0,0,0.0,-5.0,0.0
8232,2023,Jacob Reimer,3B,sa3020416,0,Bench/Reserve,40,50.0,45.0,45.0,40.0,45.0,,,,,25.0,25.0,0.0,15.0,1.0,-1.0,60.0,2,29.0,23.0,1.0,0.0,0.4274827586206896,0.6723103448275862,0.2608695652173913,0.217391304347826,2.0,0.1034482758620689,0.2068965517241379,0.0,0,0,0,1,18.0,5,0.0,0.0,0.0
8640,2023,Jadher Areinamo,2B,sa3015802,0,Bench/Reserve,40,60.0,40.0,45.0,50.0,50.0,,,,0.07,35.0,20.0,0.0,10.0,2.0,1.0,50.0,2,285.0,250.0,1.0,6.0,0.382119298245614,0.3853157894736842,0.288,0.088,0.6829268292682927,0.143859649122807,0.0982456140350877,1.7142857142857142,0,0,1,3,18.0,0,0.0,0.0,0.0
9129,2023,Jadiel Sanchez,RF,sa3011629,0,Bench/Reserve,40,55.0,40.0,45.0,50.0,55.0,,,,,20.0,10.0,0.0,25.0,1.0,,55.0,1,,,,,,,,,,,,0.0,0,0,0,1,,0,5.0,0.0,0.0
8409,2023,Jaison Chourio,CF,sa3018399,0,Bench/Reserve,40,55.0,55.0,55.0,50.0,50.0,,,,,30.0,35.0,0.0,20.0,1.0,1.0,50.0,3,175.0,132.0,1.0,14.0,0.4544342857142857,0.4055142857142857,0.2803030303030303,0.1212121212121212,1.818181818181818,0.1257142857142857,0.2285714285714285,1.8666666666666667,0,0,0,1,17.0,0,0.0,10.0,0.0
9193,2023,Janero Miller,DH,sa3021077,0,Bench/Reserve,40,40.0,45.0,50.0,60.0,50.0,,,,,20.0,25.0,0.0,10.0,1.0,1.0,60.0,2,,,,,,,,,,,,0.0,0,0,0,1,16.0,0,0.0,0.0,0.0
9131,2023,Jay Allen II,CF,sa3017403,0,Bench/Reserve,40,40.0,45.0,60.0,60.0,50.0,,,,0.25,10.0,15.0,0.0,10.0,1.0,1.0,50.0,2,383.0,315.0,3.0,43.0,0.3635483028720626,0.340597911227154,0.2253968253968254,0.0984126984126984,0.4782608695652174,0.2402088772845953,0.1148825065274151,5.608695652173913,0,0,1,3,19.0,0,0.0,-10.0,5.0
8557,2023,Jesus Baez,3B,sa3018507,0,Bench/Reserve,40,45.0,55.0,60.0,40.0,50.0,,,,,25.0,30.0,0.0,20.0,-1.0,2.0,50.0,1,217.0,186.0,7.0,8.0,0.3617419354838709,0.5494976958525345,0.2419354838709677,0.1612903225806451,0.5652173913043478,0.2119815668202765,0.1198156682027649,7.466666666666667,0,0,0,1,17.0,0,0.0,0.0,0.0
8560,2023,Jhonny Severino,SS,sa3018415,0,Bench/Reserve,40,40.0,50.0,60.0,40.0,55.0,,,,,20.0,25.0,-10.0,20.0,2.0,,60.0,3,198.0,179.0,3.0,10.0,0.3598535353535353,0.3503434343434343,0.2681564245810056,0.1229050279329608,0.2545454545454545,0.2777777777777778,0.0707070707070707,4.615384615384615,0,0,0,1,17.0,0,0.0,0.0,0.0
8208,2023,Joe Mack,C,sa3017374,0,Bench/Reserve,40,30.0,45.0,60.0,40.0,55.0,,,,,10.0,25.0,-5.0,15.0,1.0,1.0,60.0,2,183.0,148.0,5.0,0.0,0.3773497267759562,0.3423825136612021,0.2432432432432432,0.1418918918918918,0.7021276595744681,0.2568306010928962,0.180327868852459,0.0,0,0,0,2,19.0,0,-15.0,-5.0,0.0
9398,2023,Jose Fernandez,SS,sa3015204,0,Bench/Reserve,40,35.0,40.0,50.0,60.0,60.0,,,,,15.0,20.0,0.0,15.0,1.0,1.0,60.0,2,196.0,175.0,1.0,2.0,0.2740255102040816,0.272954081632653,0.2171428571428571,0.0914285714285714,0.2745098039215686,0.2602040816326531,0.0714285714285714,1.3333333333333333,0,0,0,1,18.0,0,0.0,0.0,0.0
9175,2023,Josh Rivera,SS,sa3022590,0,Bench/Reserve,40,35.0,40.0,50.0,50.0,55.0,,,,,5.0,10.0,0.0,10.0,1.0,1.0,70.0,2,,,,,,,,,,,,0.0,0,0,0,1,21.0,0,0.0,0.0,0.0
9289,2023,Juan Corniel,SS,sa3015169,0,Bench/Reserve,40,40.0,40.0,45.0,60.0,60.0,,,,,20.0,20.0,0.0,25.0,1.0,1.0,70.0,2,,,,,,,,,,,,0.0,0,0,0,1,,0,0.0,0.0,0.0
8829,2023,Julio Carreras,SS,sa3005598,0,Bench/Reserve,40,40.0,30.0,30.0,60.0,60.0,,,,,10.0,0.0,0.0,5.0,,1.0,60.0,3,518.0,462.0,11.0,19.0,0.3162007722007722,0.4001988416988416,0.2813852813852814,0.1753246753246753,0.2834645669291338,0.2451737451737451,0.0694980694980695,13.933333333333334,0,1,1,4,22.0,0,0.0,0.0,0.0
9059,2023,Kala'i Rosario,RF,sa3015199,0,Bench/Reserve,40,35.0,55.0,60.0,40.0,50.0,,,,,5.0,20.0,-10.0,20.0,,,55.0,2,419.0,373.0,12.0,7.0,0.2942792362768496,0.4074749403341288,0.2386058981233244,0.1689008042895442,0.25,0.324582338902148,0.081145584725537,8.842105263157896,0,0,0,2,19.0,0,-5.0,0.0,0.0
9013,2023,Kemp Alderman,LF,sa3022562,0,Bench/Reserve,40,40.0,60.0,80.0,30.0,35.0,,,,,10.0,25.0,0.0,5.0,-1.0,,40.0,2,,,,,,,,,,,,0.0,0,0,0,1,19.0,0,0.0,0.0,0.0
8851,2023,Kendall George,CF,sa3022660,0,Bench/Reserve,40,50.0,30.0,40.0,80.0,60.0,,,,,30.0,10.0,0.0,15.0,1.0,1.0,40.0,2,,,,,,,,,,,,0.0,0,0,0,1,17.0,0,0.0,0.0,0.0
8703,2023,Kenedy Corona,CF,26244,0,Bench/Reserve,40,40.0,40.0,45.0,60.0,60.0,,,,,10.0,10.0,0.0,0.0,,2.0,60.0,2,188.0,165.0,9.0,8.0,0.3427127659574468,0.4516063829787234,0.2606060606060606,0.2303030303030303,0.4883720930232558,0.2287234042553191,0.1117021276595744,8.470588235294118,0,0,0,2,22.0,0,0.0,0.0,0.0
9080,2023,Kevin Kilpatrick Jr.,CF,sa3019891,0,Bench/Reserve,40,35.0,40.0,50.0,60.0,60.0,,,,,5.0,10.0,0.0,15.0,1.0,1.0,55.0,2,125.0,112.0,1.0,10.0,0.3944,0.428408,0.2946428571428571,0.125,0.3928571428571428,0.224,0.088,1.818181818181818,0,0,0,2,21.0,0,0.0,0.0,0.0
9007,2023,Kevin Made,SS,sa3014679,0,Bench/Reserve,40,45.0,45.0,50.0,55.0,55.0,,,,,15.0,15.0,0.0,10.0,2.0,1.0,55.0,3,408.0,352.0,10.0,3.0,0.3549681372549019,0.3849656862745098,0.2272727272727272,0.1477272727272727,0.575,0.196078431372549,0.1127450980392156,4.615384615384615,0,0,1,3,19.0,0,5.0,0.0,0.0
8375,2023,Lazaro Montes,RF,sa3018409,0,Bench/Reserve,40,30.0,60.0,70.0,20.0,20.0,,,,,10.0,35.0,-20.0,0.0,,,60.0,3,223.0,176.0,10.0,3.0,0.4386412556053811,0.6530538116591929,0.2840909090909091,0.3011363636363636,0.4729729729729729,0.3318385650224215,0.1569506726457399,4.615384615384615,0,0,0,1,17.0,0,-15.0,0.0,-30.0
9371,2023,Leandro Arias,SS,sa3018433,0,Bench/Reserve,40,60.0,40.0,45.0,60.0,60.0,,,,0.12,35.0,20.0,5.0,15.0,1.0,1.0,55.0,1,,,,,,,,,,,,0.0,0,0,0,1,17.0,0,0.0,0.0,0.0
8209,2023,Leonardo Bernal,C,sa3015773,0,Bench/Reserve,40,50.0,40.0,45.0,40.0,55.0,,,,,30.0,20.0,0.0,25.0,,,55.0,2,171.0,156.0,7.0,1.0,0.2547719298245614,0.3523742690058479,0.2564102564102564,0.1987179487179487,0.375,0.1871345029239766,0.0701754385964912,1.75,0,0,0,2,18.0,0,0.0,0.0,0.0
8525,2023,Luis Baez,1B,sa3018482,0,Bench/Reserve,40,45.0,60.0,60.0,40.0,50.0,,,,,25.0,35.0,0.0,20.0,2.0,1.0,55.0,3,222.0,203.0,9.0,10.0,0.2879369369369369,0.4584774774774774,0.3054187192118227,0.2463054187192118,0.25,0.2522522522522522,0.063063063063063,9.473684210526317,0,0,0,1,18.0,5,-5.0,0.0,0.0
8441,2023,Luis Lara,CF,sa3018514,0,Bench/Reserve,40,60.0,45.0,45.0,50.0,55.0,,,,0.25,35.0,25.0,-5.0,25.0,-1.0,2.0,60.0,1,229.0,200.0,2.0,7.0,0.3863493449781659,0.5005458515283842,0.26,0.125,0.75,0.1222707423580786,0.0917030567685589,3.111111111111111,0,0,0,1,17.0,0,0.0,0.0,0.0
9388,2023,Mac Horvath,CF,sa3022885,0,Bench/Reserve,40,45.0,50.0,50.0,55.0,60.0,,,,,15.0,15.0,0.0,25.0,1.0,1.0,55.0,1,,,,,,,,,,,,0.0,0,0,0,1,20.0,0,0.0,0.0,0.0
8485,2023,Max Anderson,2B,sa3022567,0,Bench/Reserve,40,40.0,50.0,60.0,50.0,50.0,,,,,10.0,20.0,0.0,10.0,,1.0,60.0,2,,,,,,,,,,,,0.0,0,0,0,1,20.0,0,0.0,0.0,0.0
9442,2023,Max Wagner,3B,sa3020415,0,Bench/Reserve,40,45.0,50.0,55.0,50.0,55.0,,,,,15.0,15.0,0.0,20.0,,1.0,60.0,2,85.0,70.0,1.0,2.0,0.3804117647058823,0.3266705882352941,0.2428571428571428,0.1428571428571428,0.5,0.2117647058823529,0.1058823529411764,1.3333333333333333,0,0,1,3,20.0,0,0.0,0.0,0.0
8231,2023,Michael Arroyo,2B,sa3018429,0,Bench/Reserve,40,55.0,45.0,45.0,60.0,55.0,,,,,30.0,25.0,0.0,15.0,-1.0,1.0,50.0,1,199.0,153.0,4.0,4.0,0.4776834170854271,0.5390301507537688,0.3137254901960784,0.1699346405228758,0.8181818181818182,0.1658291457286432,0.135678391959799,4.0,0,0,0,1,17.0,0,0.0,0.0,0.0
8747,2023,Mike Boeve,3B,sa3022658,0,Bench/Reserve,40,50.0,40.0,45.0,40.0,55.0,,,,,15.0,10.0,0.0,20.0,,,55.0,2,,,,,,,,,,,,0.0,0,0,0,1,20.0,0,0.0,0.0,0.0
9220,2023,Myles Naylor,3B,sa3022605,0,Bench/Reserve,40,40.0,50.0,60.0,40.0,55.0,,,,,20.0,30.0,0.0,25.0,1.0,-1.0,70.0,2,,,,,,,,,,,,0.0,0,0,0,1,17.0,0,0.0,0.0,0.0
8825,2023,Noah Miller,SS,sa3017512,0,Bench/Reserve,40,55.0,35.0,40.0,45.0,50.0,,,,,20.0,5.0,0.0,10.0,,1.0,50.0,2,469.0,383.0,2.0,23.0,0.3700959488272921,0.3097356076759061,0.2114882506527415,0.0678851174934725,0.6909090909090909,0.2345415778251599,0.162046908315565,3.68,0,0,0,2,19.0,-5,-5.0,-10.0,5.0
8566,2023,Pablo Aliendo,C,sa3006220,0,Bench/Reserve,40,35.0,45.0,55.0,40.0,45.0,,,,,5.0,15.0,0.0,15.0,1.0,1.0,70.0,2,353.0,318.0,7.0,3.0,0.3242464589235127,0.3121501416430594,0.2672955974842767,0.1226415094339622,0.3376623376623376,0.2181303116147308,0.0736543909348441,4.2,0,0,1,3,21.0,0,0.0,0.0,0.0
8853,2023,Petey Halpin,CF,27931,0,Bench/Reserve,40,55.0,40.0,40.0,60.0,50.0,,,,0.3,20.0,10.0,0.0,10.0,,1.0,60.0,2,,,,,,,,,,,,0.0,0,0,0,1,20.0,-5,-5.0,0.0,0.0
8519,2023,Ralphy Velazquez,1B,sa3023013,0,Bench/Reserve,40,40.0,55.0,60.0,20.0,45.0,,,,,20.0,35.0,-10.0,15.0,-1.0,1.0,40.0,2,,,,,,,,,,,,0.0,0,0,0,1,17.0,0,0.0,0.0,0.0
8925,2023,Robert Moore,SS,sa3019928,0,Bench/Reserve,40,55.0,40.0,45.0,60.0,60.0,,,,,25.0,10.0,0.0,15.0,-1.0,1.0,45.0,1,143.0,125.0,3.0,7.0,0.3158111888111888,0.3544475524475524,0.248,0.144,0.5,0.2097902097902098,0.1048951048951049,4.2,0,0,0,2,20.0,-5,0.0,-5.0,0.0
8831,2023,Roberto Campos,RF,sa3014683,0,Bench/Reserve,40,50.0,55.0,55.0,50.0,55.0,,,,,15.0,20.0,0.0,20.0,1.0,1.0,55.0,2,448.0,403.0,5.0,7.0,0.3195401785714285,0.3771584821428571,0.2580645161290322,0.1265508684863523,0.4123711340206185,0.2165178571428571,0.0892857142857142,5.833333333333333,0,0,0,2,19.0,0,0.0,0.0,10.0
8363,2023,Roc Riggio,2B,sa3022750,0,Bench/Reserve,40,40.0,50.0,55.0,40.0,55.0,,,,,10.0,15.0,0.0,15.0,,1.0,55.0,2,,,,,,,,,,,,0.0,0,0,0,1,20.0,0,0.0,0.0,0.0
8894,2023,Roderick Arias,SS,sa3019674,0,Bench/Reserve,40,45.0,50.0,50.0,50.0,60.0,,,,,25.0,30.0,-5.0,15.0,1.0,2.0,60.0,3,140.0,108.0,3.0,10.0,0.3410142857142857,0.3616214285714285,0.1944444444444444,0.1759259259259259,0.6086956521739131,0.3285714285714285,0.2,4.615384615384615,0,0,0,1,17.0,-5,-15.0,0.0,0.0
9024,2023,Ronald Hernandez,C,sa3015738,0,Bench/Reserve,40,55.0,35.0,45.0,30.0,55.0,,,,,30.0,15.0,0.0,15.0,-1.0,,55.0,2,161.0,140.0,2.0,2.0,0.2702732919254658,0.2527577639751552,0.2357142857142857,0.0857142857142857,0.4375,0.1987577639751552,0.0869565217391304,2.0,0,0,0,1,18.0,0,5.0,-5.0,0.0
8797,2023,Ryan Lasko,CF,sa3022539,0,Bench/Reserve,40,,,,,,,,,,,,,,,,,2,,,,,,,,,,,,0.0,0,0,0,1,20.0,0,,,
8649,2023,Sabin Ceballos,3B,sa3022500,0,Bench/Reserve,40,40.0,45.0,50.0,40.0,60.0,,,,,10.0,15.0,0.0,25.0,1.0,1.0,70.0,2,,,,,,,,,,,,0.0,0,0,0,1,19.0,0,0.0,0.0,0.0
8295,2023,Sal Stewart,3B,31505,0,Bench/Reserve,40,55.0,50.0,60.0,30.0,40.0,,,,,30.0,30.0,-10.0,10.0,-2.0,-1.0,55.0,2,28.0,24.0,0.0,0.0,0.3891428571428571,0.3966071428571428,0.2916666666666667,0.1666666666666666,0.8,0.1785714285714285,0.1428571428571428,0.0,0,0,0,1,18.0,0,0.0,-5.0,0.0
9094,2023,Sammy Stafura,SS,sa3022612,0,Bench/Reserve,40,55.0,40.0,40.0,45.0,45.0,,,,,30.0,20.0,0.0,5.0,-1.0,-1.0,50.0,1,,,,,,,,,,,,0.0,0,0,0,1,17.0,0,0.0,0.0,0.0
8173,2023,Samuel Basallo,C,28824,0,Bench/Reserve,40,40.0,60.0,70.0,20.0,45.0,,,,0.37,20.0,35.0,0.0,25.0,,-1.0,45.0,3,180.0,158.0,6.0,1.0,0.3615,0.4428555555555555,0.2784810126582278,0.1455696202531645,0.4054054054054054,0.2055555555555555,0.0833333333333333,1.7142857142857142,0,0,0,1,17.0,0,0.0,0.0,0.0
9366,2023,Samuel Munoz,LF,sa3018407,0,Bench/Reserve,40,60.0,45.0,50.0,40.0,50.0,,,,0.23,35.0,25.0,0.0,20.0,1.0,-1.0,45.0,3,210.0,173.0,1.0,4.0,0.4505571428571428,0.459647619047619,0.3468208092485549,0.1445086705202312,0.7647058823529411,0.1619047619047619,0.1238095238095238,1.6,0,0,0,1,17.0,0,0.0,0.0,0.0
8792,2023,Samuel Zavala,CF,sa3015718,0,Bench/Reserve,40,40.0,50.0,55.0,50.0,50.0,,,,,20.0,30.0,0.0,20.0,,1.0,60.0,1,176.0,151.0,8.0,5.0,0.353715909090909,0.423125,0.271523178807947,0.2582781456953642,0.4791666666666667,0.2727272727272727,0.1306818181818181,6.153846153846154,0,0,0,2,17.0,0,-20.0,5.0,0.0
8805,2023,Spencer Packard,LF,sa3016803,0,Bench/Reserve,40,55.0,45.0,50.0,30.0,40.0,,,,,20.0,15.0,0.0,10.0,,,40.0,2,320.0,267.0,12.0,5.0,0.37384375,0.507465625,0.2883895131086142,0.2022471910112359,0.8571428571428571,0.153125,0.13125,7.0588235294117645,0,0,1,3,24.0,5,0.0,0.0,0.0
8319,2023,Starlyn Caba,SS,sa3021070,0,Bench/Reserve,40,50.0,40.0,40.0,60.0,70.0,,,,,30.0,20.0,0.0,25.0,-1.0,1.0,50.0,1,,,,,,,,,,,,0.0,0,0,0,1,16.0,0,0.0,0.0,0.0
8489,2023,Tanner Schobel,SS,sa3020009,0,Bench/Reserve,40,50.0,40.0,45.0,60.0,55.0,,,,,20.0,10.0,0.0,10.0,-1.0,2.0,60.0,1,136.0,114.0,1.0,7.0,0.3082279411764705,0.2624705882352941,0.2368421052631578,0.0614035087719298,0.7307692307692307,0.1911764705882352,0.1397058823529411,1.75,0,0,0,2,21.0,0,0.0,0.0,0.0
9350,2023,Tavian Josenberger,CF,sa3022808,0,Bench/Reserve,40,40.0,45.0,50.0,60.0,55.0,,,,,10.0,15.0,0.0,10.0,1.0,1.0,50.0,2,,,,,,,,,,,,0.0,0,0,0,1,20.0,0,0.0,0.0,0.0
8210,2023,Thayron Liranzo,C,sa3015790,0,Bench/Reserve,40,40.0,50.0,55.0,30.0,40.0,,,,,20.0,30.0,0.0,10.0,1.0,,45.0,2,171.0,148.0,8.0,0.0,0.3289473684210526,0.4971754385964912,0.2364864864864864,0.25,0.5,0.2456140350877192,0.1228070175438596,0.0,0,0,0,1,18.0,0,0.0,0.0,0.0
8615,2023,Tony Blanco Jr.,1B,sa3019722,0,Bench/Reserve,40,40.0,60.0,70.0,30.0,40.0,,,,,20.0,35.0,-10.0,20.0,2.0,1.0,45.0,3,19.0,19.0,1.0,0.0,0.3045263157894736,0.7161578947368421,0.2105263157894736,0.1578947368421052,0.0,0.5263157894736842,0.0,0.0,0,0,0,1,17.0,0,0.0,0.0,0.0
9015,2023,Tyler Black,1B,29949,0,Bench/Reserve,40,60.0,35.0,45.0,60.0,45.0,,,,0.25,25.0,5.0,0.0,15.0,,-1.0,40.0,1,,,,,,,,,,,,0.0,0,0,0,1,21.0,-5,0.0,-10.0,15.0
8893,2023,Tyler Callihan,2B,27497,0,Bench/Reserve,40,55.0,45.0,55.0,30.0,30.0,,,,0.31,20.0,15.0,0.0,0.0,-1.0,-1.0,40.0,2,128.0,117.0,3.0,9.0,0.3310703125,0.4243359375,0.282051282051282,0.1367521367521367,0.5263157894736842,0.1484375,0.078125,4.5,0,0,0,2,22.0,-5,0.0,-5.0,0.0
9183,2023,Victor Acosta,SS,sa3015705,0,Bench/Reserve,40,40.0,40.0,45.0,60.0,60.0,,,,0.26,20.0,20.0,0.0,15.0,,1.0,60.0,1,165.0,139.0,2.0,5.0,0.3324242424242424,0.3456181818181818,0.237410071942446,0.1223021582733813,0.5675675675675675,0.2242424242424242,0.1272727272727272,2.857142857142857,0,0,0,1,18.0,0,-5.0,-5.0,0.0
8568,2023,William Bergolla,SS,sa3019777,0,Bench/Reserve,40,60.0,30.0,30.0,60.0,60.0,,,,,35.0,10.0,5.0,15.0,,2.0,55.0,1,83.0,71.0,0.0,2.0,0.426433734939759,0.3864216867469879,0.380281690140845,0.0422535211267605,3.6666666666666665,0.036144578313253,0.1325301204819277,0.0,0,0,0,1,17.0,0,0.0,-10.0,0.0
8286,2023,Xavier Isaac,1B,sa3020498,0,Bench/Reserve,40,55.0,55.0,60.0,20.0,30.0,,,,,30.0,30.0,0.0,10.0,-2.0,-1.0,40.0,3,21.0,19.0,0.0,0.0,0.3068571428571428,0.2732380952380952,0.2105263157894736,0.1578947368421052,0.6666666666666666,0.1428571428571428,0.0952380952380952,0.0,0,0,0,1,18.0,5,0.0,0.0,0.0
9352,2023,Yasser Mercedes,RF,sa3019557,0,Bench/Reserve,40,50.0,55.0,60.0,50.0,60.0,,,,,25.0,35.0,-5.0,30.0,1.0,1.0,60.0,2,176.0,155.0,4.0,30.0,0.3810625,0.4431704545454545,0.3548387096774194,0.2,0.5142857142857142,0.1988636363636363,0.1022727272727272,7.0588235294117645,0,0,0,1,17.0,0,0.0,0.0,0.0
9025,2023,Yerlin Confidan,RF,sa3015176,0,Bench/Reserve,40,35.0,60.0,70.0,40.0,50.0,,,,,5.0,25.0,-10.0,20.0,2.0,1.0,60.0,2,103.0,87.0,2.0,1.0,0.341009708737864,0.3749223300970873,0.2413793103448276,0.1494252873563218,0.5161290322580645,0.3009708737864077,0.1553398058252427,1.3333333333333333,0,0,0,2,19.0,0,0.0,0.0,0.0
8496,2023,Yoeilin Cespedes,2B,sa3021085,0,Bench/Reserve,40,60.0,40.0,40.0,50.0,50.0,,,,,35.0,20.0,0.0,10.0,-1.0,,45.0,1,,,,,,,,,,,,0.0,0,0,0,1,16.0,0,0.0,0.0,0.0
8559,2023,Zac Veen,RF,27770,0,Bench/Reserve,40,40.0,45.0,60.0,70.0,60.0,,,,,10.0,15.0,0.0,10.0,2.0,2.0,55.0,3,,,,,,,,,,,,0.0,0,0,0,1,20.0,-10,-5.0,-15.0,15.0
8697,2023,Aidan Smith,CF,sa3022611,0,Bench/Reserve,35,40.0,45.0,55.0,50.0,50.0,,,,,20.0,25.0,-5.0,10.0,1.0,1.0,60.0,3,,,,,,,,,,,,0.0,0,0,0,1,17.0,0,0.0,0.0,0.0
8359,2023,A.J. Ewing,CF,sa3022963,0,Bench/Reserve,35,40.0,50.0,55.0,50.0,50.0,,,,,20.0,25.0,0.0,10.0,,1.0,45.0,2,,,,,,,,,,,,0.0,0,0,0,1,17.0,0,0.0,0.0,0.0
8223,2023,Alex Freeland,SS,31665,0,Bench/Reserve,35,45.0,45.0,50.0,40.0,55.0,,,,,15.0,15.0,0.0,20.0,,,60.0,2,,,,,,,,,,,,0.0,0,0,0,1,20.0,0,0.0,0.0,0.0
9171,2023,Andrew Pintar,CF,sa3020715,0,Bench/Reserve,35,40.0,45.0,50.0,60.0,50.0,,,,,10.0,15.0,0.0,20.0,,1.0,40.0,2,,,,,,,,,,,,0.0,0,0,0,1,21.0,0,0.0,0.0,0.0
9415,2023,Angel Guzman,LF,sa3021268,0,Bench/Reserve,35,50.0,50.0,50.0,50.0,50.0,,,,,25.0,30.0,0.0,20.0,-1.0,,50.0,2,,,,,,,,,,,,0.0,0,0,0,1,16.0,0,0.0,0.0,0.0
9077,2023,Arnaldo Lantigua,LF,sa3021084,0,Bench/Reserve,35,45.0,55.0,60.0,40.0,50.0,,,,,25.0,35.0,0.0,20.0,2.0,1.0,50.0,3,,,,,,,,,,,,0.0,0,0,0,1,16.0,0,0.0,0.0,0.0
8663,2023,Brandon Winokur,RF,sa3022613,0,Bench/Reserve,35,40.0,50.0,55.0,40.0,50.0,,,,,20.0,25.0,0.0,20.0,1.0,,55.0,3,,,,,,,,,,,,0.0,0,0,0,1,17.0,0,0.0,0.0,0.0
9218,2023,Brett Auerbach,2B,sa3014941,0,Bench/Reserve,35,55.0,35.0,40.0,55.0,45.0,,,,,20.0,5.0,0.0,5.0,-1.0,1.0,45.0,1,,,,,,,,,,,,0.0,0,0,0,1,,-5,0.0,0.0,0.0
8820,2023,Capri Ortiz,SS,sa3018473,0,Bench/Reserve,35,50.0,30.0,30.0,80.0,50.0,,,,,30.0,10.0,10.0,10.0,-1.0,1.0,55.0,2,213.0,191.0,2.0,16.0,0.2544835680751173,0.2944788732394366,0.2408376963350785,0.1204188481675392,0.2692307692307692,0.244131455399061,0.0657276995305164,3.555555555555556,0,0,0,1,17.0,0,0.0,0.0,0.0
9337,2023,Chase Jaworsky,SS,sa3022700,0,Bench/Reserve,35,40.0,50.0,60.0,60.0,40.0,,,,,20.0,25.0,0.0,10.0,2.0,1.0,45.0,3,,,,,,,,,,,,0.0,0,0,0,1,17.0,0,0.0,0.0,0.0
9275,2023,Cole Foster,SS,sa3022673,0,Bench/Reserve,35,40.0,40.0,45.0,40.0,50.0,,,,,10.0,10.0,0.0,10.0,,-1.0,,2,,,,,,,,,,,,0.0,0,0,0,1,20.0,0,0.0,0.0,0.0
9205,2023,David McCabe,3B,sa3019964,0,Bench/Reserve,35,55.0,45.0,45.0,30.0,40.0,,,,,20.0,15.0,0.0,10.0,1.0,-1.0,50.0,3,125.0,106.0,1.0,0.0,0.319208,0.385456,0.2452830188679245,0.0849056603773584,0.5925925925925926,0.216,0.128,0.0,0,0,0,2,22.0,0,0.0,0.0,0.0
8807,2023,Devin Saltiban,CF,sa3022827,0,Bench/Reserve,35,45.0,45.0,50.0,50.0,45.0,,,,,25.0,25.0,0.0,15.0,1.0,1.0,40.0,2,,,,,,,,,,,,0.0,0,0,0,1,17.0,0,0.0,0.0,0.0
8520,2023,Dominic Keegan,1B,sa3020194,0,Bench/Reserve,35,45.0,50.0,55.0,30.0,45.0,,,,,15.0,15.0,0.0,25.0,,,40.0,2,46.0,40.0,2.0,1.0,0.4886086956521739,0.6919565217391304,0.325,0.25,0.5,0.217391304347826,0.108695652173913,1.3333333333333333,0,0,0,2,21.0,0,0.0,0.0,0.0
8978,2023,Erick Brito,SS,sa3011753,0,Bench/Reserve,35,60.0,30.0,30.0,45.0,50.0,,,,,25.0,10.0,0.0,20.0,-1.0,,50.0,1,327.0,289.0,1.0,15.0,0.2884617737003058,0.2716024464831804,0.2283737024221453,0.0726643598615917,0.4821428571428571,0.1712538226299694,0.0825688073394495,1.875,0,0,0,2,20.0,0,0.0,0.0,0.0
8446,2023,George Wolkow,1B,sa3022817,0,Bench/Reserve,35,35.0,55.0,70.0,40.0,50.0,,,,,15.0,30.0,-5.0,20.0,,,,3,,,,,,,,,,,,0.0,0,0,0,1,16.0,0,0.0,0.0,0.0
8371,2023,Héctor  Rodríguez,RF,sa3015828,0,Bench/Reserve,35,60.0,30.0,40.0,45.0,50.0,,,,0.18,35.0,10.0,0.0,20.0,-2.0,,40.0,1,196.0,183.0,3.0,16.0,0.3834795918367346,0.4957295918367346,0.3333333333333333,0.2021857923497267,0.6,0.1020408163265306,0.0612244897959183,5.052631578947368,0,0,0,2,18.0,0,0.0,0.0,0.0
9039,2023,Jack Brannigan,SS,sa3019922,0,Bench/Reserve,35,40.0,40.0,55.0,50.0,60.0,,,,,10.0,10.0,0.0,25.0,-1.0,1.0,70.0,2,112.0,95.0,3.0,6.0,0.3890357142857142,0.5381339285714285,0.2105263157894736,0.1263157894736842,0.5357142857142857,0.25,0.1339285714285714,4.0,0,0,0,2,21.0,0,0.0,0.0,0.0
9281,2023,Jake Fox,CF,sa3017734,0,Bench/Reserve,35,60.0,30.0,30.0,60.0,45.0,,,,0.23,25.0,10.0,0.0,15.0,,1.0,40.0,2,470.0,380.0,5.0,21.0,0.4044,0.3390340425531914,0.2473684210526315,0.1263157894736842,0.8222222222222222,0.1914893617021276,0.1574468085106383,8.076923076923077,0,0,0,2,19.0,0,5.0,-5.0,15.0
9182,2023,Jeremy Rodriguez,SS,sa3021101,0,Bench/Reserve,35,50.0,40.0,40.0,50.0,50.0,,,,,25.0,20.0,0.0,10.0,1.0,1.0,55.0,2,,,,,,,,,,,,0.0,0,0,0,1,15.0,0,0.0,0.0,0.0
8305,2023,Jhostynxon Garcia,CF,28142,0,Bench/Reserve,35,35.0,50.0,60.0,50.0,55.0,,,,,5.0,20.0,-5.0,25.0,1.0,1.0,60.0,2,125.0,101.0,3.0,4.0,0.31532,0.367992,0.1881188118811881,0.1782178217821782,0.4736842105263157,0.304,0.144,3.4285714285714284,0,0,0,1,19.0,0,0.0,0.0,0.0
9382,2023,J.J. D'Orazio,C,sa3008876,0,Bench/Reserve,35,55.0,45.0,50.0,30.0,50.0,,,,,30.0,25.0,-5.0,10.0,1.0,1.0,50.0,3,310.0,263.0,2.0,0.0,0.3158193548387096,0.3215387096774193,0.2205323193916349,0.091254752851711,0.5571428571428572,0.2258064516129032,0.1258064516129032,0.0,0,0,0,2,20.0,0,0.0,0.0,0.0
8573,2023,Leandro Pineda,RF,sa3008905,0,Bench/Reserve,35,40.0,55.0,60.0,45.0,50.0,,,,,10.0,20.0,0.0,20.0,2.0,1.0,60.0,2,299.0,256.0,3.0,5.0,0.2881471571906354,0.3190066889632107,0.21875,0.14453125,0.4102564102564102,0.2608695652173913,0.1070234113712374,3.75,0,0,0,2,20.0,0,0.0,0.0,0.0
8759,2023,Luke Adams,1B,sa3020135,0,Bench/Reserve,35,55.0,50.0,60.0,30.0,40.0,,,,,20.0,20.0,0.0,20.0,1.0,-1.0,50.0,3,41.0,32.0,1.0,9.0,0.4116097560975609,0.4178292682926829,0.375,0.1875,0.875,0.1951219512195122,0.1707317073170731,1.8,0,0,0,1,18.0,0,0.0,0.0,0.0
9303,2023,Matthew Wood,C,sa3019924,0,Bench/Reserve,35,55.0,40.0,40.0,30.0,45.0,,,,,25.0,10.0,0.0,15.0,,,50.0,1,5.0,5.0,0.0,0.0,0.08,0.08,0.2,0.0,,0.0,0.0,0.0,0,0,0,1,21.0,0,0.0,0.0,0.0
8931,2023,Nate Furman,2B,sa3020763,0,Bench/Reserve,35,70.0,30.0,35.0,70.0,,,,,,35.0,10.0,0.0,,-1.0,,40.0,1,,,,,,,,,,,,0.0,0,0,0,1,20.0,0,0.0,0.0,0.0
9441,2023,Reed Trimble,CF,sa3017180,0,Bench/Reserve,35,35.0,45.0,50.0,60.0,55.0,,,,,5.0,10.0,0.0,10.0,,2.0,55.0,1,139.0,123.0,2.0,2.0,0.3283741007194244,0.3410431654676258,0.2764227642276423,0.0975609756097561,0.4333333333333333,0.2158273381294964,0.0935251798561151,2.0,0,0,0,2,22.0,-5,-5.0,-5.0,0.0
9363,2023,Ricardo Olivar,C,sa3015234,0,Bench/Reserve,35,35.0,45.0,55.0,40.0,45.0,,,,,5.0,15.0,-5.0,15.0,,1.0,55.0,1,164.0,138.0,5.0,5.0,0.4014573170731707,0.4767134146341463,0.3405797101449275,0.2391304347826087,0.5277777777777778,0.2195121951219512,0.1158536585365853,5.0,0,0,0,2,20.0,0,0.0,0.0,0.0
8400,2023,Robert Calaz,RF,sa3021078,0,Bench/Reserve,35,40.0,60.0,70.0,20.0,35.0,,,,,20.0,35.0,-10.0,15.0,1.0,-1.0,50.0,3,,,,,,,,,,,,0.0,0,0,0,1,16.0,0,0.0,0.0,0.0
8429,2023,Tirso Ornelas,LF,22566,0,Bench/Reserve,35,50.0,40.0,55.0,45.0,40.0,,,,,0.0,0.0,0.0,0.0,,,50.0,2,,,,,,,,,,,,0.0,0,0,0,1,22.0,0,0.0,0.0,0.0
8770,2023,T.J. Rumfield,1B,sa3017330,0,Bench/Reserve,35,55.0,40.0,55.0,30.0,50.0,,,,,20.0,10.0,0.0,10.0,1.0,,50.0,3,243.0,209.0,4.0,4.0,0.370798353909465,0.4553827160493827,0.2727272727272727,0.1196172248803827,0.6170212765957447,0.1934156378600823,0.1193415637860082,4.0,0,0,1,3,22.0,0,0.0,0.0,0.0
8247,2023,Tre' Morgan,1B,sa3022919,0,Bench/Reserve,35,45.0,40.0,50.0,50.0,70.0,,,,,15.0,10.0,0.0,35.0,,1.0,50.0,2,,,,,,,,,,,,0.0,0,0,0,1,19.0,0,0.0,0.0,0.0
9066,2023,Tsung-Che Cheng,SS,28344,0,Bench/Reserve,35,55.0,35.0,40.0,60.0,50.0,,,,,20.0,15.0,0.0,10.0,-2.0,,55.0,1,458.0,385.0,6.0,33.0,0.3462751091703056,0.396268558951965,0.2701298701298701,0.148051948051948,0.6631578947368421,0.2074235807860262,0.1375545851528384,10.153846153846152,0,0,0,2,20.0,0,-5.0,15.0,0.0
9021,2023,Wilfred Veras,RF,sa3015178,0,Bench/Reserve,35,35.0,50.0,70.0,40.0,45.0,,,,0.42,5.0,15.0,0.0,15.0,1.0,,55.0,2,481.0,439.0,20.0,5.0,0.3328045738045738,0.405058212058212,0.2665148063781321,0.1958997722095672,0.2272727272727272,0.2744282744282744,0.0623700623700623,8.0,0,1,0,4,19.0,0,0.0,0.0,0.0
