prospect_id,data_year,name,position,fangraphs_id,target,target_label,fangraphs_fv,fb_future,sl_future,cb_future,ch_future,cmd_future,fb_upside,cmd_upside,velocity_sits_low,velocity_sits_high,velocity_tops,velocity_avg,plus_pitch_count,frame_grade,athleticism_grade,arm_grade,delivery_grade,has_tj_surgery,total_ip,era,whip,k_per_9,bb_per_9,k_bb_ratio,total_k,total_bb,total_hr_allowed,played_aaa,played_aa,played_a_plus,highest_level,avg_age,fv_change_1yr,fb_change,cmd_change,velo_change
8182,2022,Andrew Painter,SP,sa3017880,3,All-Star,60,60.0,60.0,60.0,50.0,50.0,0.0,10.0,96.0,98.0,100.0,97.0000000000000000,3,2.0,1.0,,1.0,0,6.0,0.0,0.6666666666666666,,0.0,,,0.0,0.0,0,0,0,1,18,0,0.0,0.0,0.0
8357,2022,Cade Cavalli,SP,27473,2,Regular,55,70.0,60.0,60.0,60.0,45.0,0.0,5.0,94.0,98.0,102.0,96.0000000000000000,4,1.0,1.0,,-1.0,0,120.30000000000001,3.4413965087281793,1.2967581047381544,0.0,4.488778054862842,0.0,0.0,60.0,4.0,1,1,1,5,22,0,0.0,0.0,0.0
8547,2022,Mick Abel,SP,27756,2,Regular,55,65.0,,70.0,55.0,50.0,10.0,10.0,95.0,98.0,99.0,96.5000000000000000,3,2.0,1.0,,1.0,0,41.400000000000006,4.782608695652173,1.3043478260869563,,5.869565217391304,,,27.0,5.0,0,0,0,2,19,0,0.0,0.0,0.0
9128,2022,Owen White,SP,22273,2,Regular,50,55.0,60.0,50.0,55.0,60.0,5.0,10.0,92.0,95.0,96.0,93.5000000000000000,3,1.0,1.0,,1.0,0,33.7,3.204747774480712,1.1275964391691393,,3.204747774480712,,,12.0,2.0,0,0,0,2,21,0,0.0,0.0,0.0
8284,2022,Blade Tidwell,SP,31701,1,Part-Time,45,60.0,55.0,,50.0,50.0,5.0,20.0,92.0,96.0,98.0,94.0000000000000000,2,1.0,,,1.0,0,,,,,,,,,,0,0,0,1,20,0,0.0,0.0,0.0
9272,2022,Blake Walston,SP,26270,1,Part-Time,45,45.0,50.0,60.0,55.0,55.0,10.0,20.0,88.0,92.0,94.0,90.0000000000000000,2,1.0,1.0,,2.0,0,93.10000000000001,3.8668098818474754,1.2781954887218043,,3.190118152524167,,,33.0,16.0,0,0,1,3,20,0,0.0,0.0,0.0
8174,2022,Bubba Chandler,SP,29868,1,Part-Time,45,55.0,,55.0,50.0,55.0,20.0,30.0,88.0,91.0,92.0,89.5000000000000000,2,1.0,2.0,,2.0,0,,,,,,,,,,0,0,0,1,18,0,0.0,0.0,0.0
8973,2022,Caleb Kilian,RP,26213,1,Part-Time,45,55.0,45.0,50.0,50.0,70.0,0.0,10.0,92.0,96.0,98.0,94.0000000000000000,1,1.0,1.0,,1.0,0,98.7,2.4620060790273555,0.8915906788247213,0.364741641337386,1.1854103343465046,0.3076923076923077,4.0,13.0,4.0,0,1,1,4,24,0,0.0,0.0,0.0
8253,2022,Carson Whisenhunt,SP,31676,1,Part-Time,45,45.0,,50.0,70.0,60.0,5.0,25.0,89.0,92.0,94.0,90.5000000000000000,1,,1.0,,1.0,0,,,,,,,,,,0,0,0,1,20,0,0.0,0.0,0.0
8789,2022,Clayton Beeter,DH,27494,1,Part-Time,45,60.0,60.0,60.0,,40.0,0.0,10.0,94.0,97.0,98.0,95.5000000000000000,3,,-1.0,,2.0,1,,,,,,,,,,0,0,0,1,22,0,0.0,0.0,0.0
8506,2022,Connor Phillips,RP,27649,1,Part-Time,45,60.0,60.0,55.0,,40.0,10.0,10.0,93.0,95.0,98.0,94.0000000000000000,3,-1.0,,,,0,74.60000000000001,4.70509383378016,1.4745308310991956,,5.549597855227882,,,46.0,2.0,0,0,1,3,20,0,0.0,0.0,0.0
8362,2022,Dax Fulton,SP,sa3014535,1,Part-Time,45,40.0,,60.0,55.0,55.0,0.0,20.0,90.0,94.0,96.0,92.0000000000000000,2,1.0,,,,0,76.0,4.7368421052631575,1.4342105263157894,,4.5,,,38.0,6.0,0,0,1,3,19,0,0.0,0.0,0.0
8688,2022,Gabriel Hughes,SP,sa3020661,1,Part-Time,45,55.0,60.0,,50.0,50.0,5.0,20.0,91.0,94.0,96.0,92.5000000000000000,2,,1.0,,,0,,,,,,,,,,0,0,0,1,19,0,0.0,0.0,0.0
8314,2022,Gunnar Hoglund,SP,31318,1,Part-Time,45,50.0,60.0,,50.0,70.0,0.0,35.0,90.0,94.0,96.0,92.0000000000000000,1,-1.0,,,2.0,1,,,,,,,,,,0,0,0,1,21,0,0.0,0.0,0.0
8815,2022,Jake Eder,SP,27590,1,Part-Time,45,60.0,70.0,,45.0,40.0,5.0,5.0,92.0,95.0,97.0,93.5000000000000000,2,1.0,,,-1.0,1,69.7,1.8077474892395982,1.0043041606886656,,3.486370157819225,,,27.0,3.0,0,1,0,4,22,0,0.0,0.0,0.0
8509,2022,Jordy Vargas,SP,sa3016052,1,Part-Time,45,60.0,,60.0,55.0,55.0,10.0,30.0,92.0,96.0,98.0,94.0000000000000000,3,2.0,2.0,,1.0,0,34.2,1.3157894736842104,0.9941520467836257,,4.2105263157894735,,,16.0,0.0,0,0,0,1,17,0,0.0,0.0,0.0
8350,2022,JR Ritchie,SP,sa3020395,1,Part-Time,45,60.0,,60.0,50.0,50.0,10.0,30.0,91.0,94.0,96.0,92.5000000000000000,2,1.0,1.0,,2.0,0,,,,,,,,,,0,0,0,1,18,0,0.0,0.0,0.0
8590,2022,Marc Church,DH,26353,1,Part-Time,45,70.0,60.0,,,55.0,0.0,20.0,94.0,96.0,97.0,95.0000000000000000,2,1.0,1.0,,1.0,0,26.4,4.431818181818182,1.1363636363636365,,2.7272727272727275,,,8.0,4.0,0,0,0,2,20,0,0.0,0.0,0.0
8275,2022,Owen Murphy,SP,sa3020330,1,Part-Time,45,55.0,60.0,60.0,,55.0,5.0,30.0,91.0,94.0,96.0,92.5000000000000000,3,-1.0,1.0,,2.0,0,,,,,,,,,,0,0,0,1,17,0,0.0,0.0,0.0
8261,2022,Ricky Tiedemann,SP,sa3018096,1,Part-Time,45,50.0,55.0,,55.0,55.0,5.0,35.0,88.0,92.0,94.0,90.0000000000000000,2,1.0,,,,0,,,,,,,,,,0,0,0,1,18,0,0.0,0.0,0.0
9104,2022,Ryan Cusick,DH,sa3017385,1,Part-Time,45,70.0,60.0,,,35.0,0.0,5.0,94.0,97.0,100.0,95.5000000000000000,2,-1.0,,,-1.0,0,,,,,,,,,,0,0,0,1,,0,0.0,0.0,0.0
8630,2022,Ty Madden,SP,30140,1,Part-Time,45,50.0,60.0,45.0,50.0,55.0,5.0,20.0,91.0,95.0,98.0,93.0000000000000000,1,1.0,,,-1.0,0,,,,,,,,,,0,0,0,1,21,0,0.0,0.0,0.0
8736,2022,Wikelman González,RP,26641,1,Part-Time,45,60.0,55.0,,60.0,50.0,5.0,25.0,94.0,96.0,98.0,95.0000000000000000,3,1.0,1.0,,1.0,0,51.5,2.970873786407767,1.1262135922330097,,2.796116504854369,,,16.0,2.0,0,0,0,2,19,0,0.0,0.0,0.0
8486,2022,Adam Macko,RP,sa3011555,0,Bench,40,55.0,55.0,60.0,,45.0,10.0,15.0,90.0,94.0,98.0,92.0000000000000000,3,-1.0,,,,0,32.400000000000006,4.722222222222221,1.5432098765432096,,5.833333333333332,,,21.0,1.0,0,0,0,2,20,0,0.0,0.0,0.0
9399,2022,Alejandro Hidalgo,RP,sa3015151,0,Bench,40,50.0,,60.0,50.0,45.0,10.0,25.0,92.0,94.0,97.0,93.0000000000000000,1,,-1.0,,-1.0,0,26.3,4.7908745247148286,1.3307984790874525,,3.079847908745247,,,9.0,6.0,0,0,0,1,18,0,0.0,0.0,0.0
8664,2022,Andrew Hoffmann,DH,29633,0,Bench,40,50.0,60.0,,50.0,50.0,5.0,20.0,92.0,94.0,95.0,93.0000000000000000,1,2.0,,,,0,29.2,2.7739726027397262,0.9931506849315068,,2.4657534246575343,,,8.0,2.0,0,0,0,2,21,0,0.0,0.0,0.0
8761,2022,Andry Lara,SP,27967,0,Bench,40,55.0,55.0,,50.0,55.0,10.0,30.0,93.0,95.0,97.0,94.0000000000000000,2,-1.0,,,,0,47.4,4.746835443037975,1.3080168776371308,,3.9873417721518987,,,21.0,7.0,0,0,0,2,18,0,0.0,0.0,0.0
8969,2022,Anthony Solometo,SP,sa3018259,0,Bench,40,50.0,60.0,,,60.0,10.0,35.0,87.0,90.0,94.0,88.5000000000000000,1,1.0,1.0,,1.0,0,,,,,,,,,,0,0,0,1,18,0,0.0,0.0,0.0
8823,2022,Austin Love,DH,sa3017609,0,Bench,40,50.0,55.0,,50.0,55.0,0.0,10.0,92.0,95.0,98.0,93.5000000000000000,1,1.0,-1.0,,-1.0,0,8.0,1.125,0.5,,1.125,,,1.0,1.0,0,0,0,2,22,0,0.0,0.0,0.0
9301,2022,Austin Vernon,DH,sa3017138,0,Bench,40,60.0,55.0,50.0,60.0,40.0,0.0,10.0,94.0,96.0,97.0,95.0000000000000000,3,1.0,,,1.0,0,10.399999999999999,0.8653846153846155,0.7692307692307694,,3.461538461538462,,,4.0,0.0,0,0,0,1,22,0,0.0,0.0,0.0
8292,2022,Ben Kudrna,SP,sa3018253,0,Bench,40,55.0,50.0,,60.0,45.0,5.0,25.0,91.0,95.0,96.0,93.0000000000000000,2,1.0,1.0,,,0,,,,,,,,,,0,0,0,1,18,0,0.0,0.0,0.0
8508,2022,Blake Burkhalter,DH,sa3020382,0,Bench,40,,,,,,,,,,,,0,,,,,0,,,,,,,,,,0,0,0,1,20,0,,,
8543,2022,Brock Selvidge,SP,sa3017950,0,Bench,40,60.0,,55.0,,40.0,15.0,20.0,90.0,94.0,95.0,92.0000000000000000,2,1.0,,,-1.0,0,3.2,2.8125,0.9375,,2.8125,,,1.0,0.0,0,0,0,1,18,0,0.0,0.0,0.0
8739,2022,Carlos Duran,DH,24458,0,Bench,40,60.0,70.0,,45.0,40.0,0.0,10.0,94.0,97.0,99.0,95.5000000000000000,2,-1.0,-1.0,,,0,78.89999999999999,5.7034220532319395,1.5335868187579216,,3.422053231939164,,,30.0,9.0,0,0,1,3,19,0,0.0,0.0,0.0
8221,2022,Chase Petty,SP,30170,0,Bench,40,60.0,70.0,,55.0,45.0,0.0,25.0,93.0,96.0,100.0,94.5000000000000000,3,1.0,1.0,,-1.0,0,5.0,5.4,1.4,,1.8,,,1.0,0.0,0,0,0,1,18,0,0.0,0.0,0.0
8896,2022,Chayce McDermott,SP,29866,0,Bench,40,60.0,55.0,55.0,40.0,45.0,5.0,15.0,92.0,95.0,98.0,93.5000000000000000,3,1.0,,,-1.0,0,20.4,3.088235294117647,1.1274509803921569,,4.852941176470589,,,11.0,3.0,0,0,0,2,22,0,0.0,0.0,0.0
8645,2022,Coleman Crow,SP,sa3015142,0,Bench,40,40.0,55.0,55.0,40.0,55.0,0.0,5.0,88.0,92.0,94.0,90.0000000000000000,2,,1.0,,,0,60.00000000000001,4.35,1.6166666666666665,,4.35,,,29.0,7.0,0,0,0,2,20,0,0.0,0.0,0.0
8868,2022,Dahian  Santos,RP,sa3015282,0,Bench,40,55.0,60.0,,45.0,45.0,15.0,25.0,90.0,93.0,96.0,91.5000000000000000,2,1.0,1.0,,-1.0,0,39.400000000000006,5.710659898477156,1.3705583756345177,,3.65482233502538,,,16.0,6.0,0,0,0,2,18,0,0.0,0.0,0.0
8624,2022,Dom Hamel,RP,30153,0,Bench,40,50.0,60.0,55.0,50.0,45.0,0.0,15.0,91.0,95.0,97.0,93.0000000000000000,2,,1.0,,1.0,0,,,,,,,,,,0,0,0,1,,0,0.0,0.0,0.0
9248,2022,Doug Nikhazy,SP,30142,0,Bench,40,45.0,50.0,55.0,40.0,55.0,5.0,20.0,89.0,91.0,95.0,90.0000000000000000,1,-1.0,1.0,,1.0,0,,,,,,,,,,0,0,0,1,21,0,0.0,0.0,0.0
9147,2022,Dylan Smith,DH,30145,0,Bench,40,45.0,55.0,45.0,50.0,60.0,5.0,25.0,88.0,92.0,94.0,90.0000000000000000,1,1.0,,,,0,,,,,,,,,,0,0,0,1,21,0,0.0,0.0,0.0
8561,2022,Emiliano Teodo,DH,sa3015158,0,Bench,40,70.0,,60.0,,35.0,0.0,15.0,97.0,101.0,102.0,99.0000000000000000,2,-1.0,1.0,,-1.0,0,27.700000000000003,3.574007220216606,1.5162454873646207,,5.8483754512635375,,,18.0,0.0,0,0,0,1,20,0,0.0,0.0,0.0
8922,2022,Frank Mozzicato,DH,sa3018242,0,Bench,40,55.0,55.0,60.0,50.0,55.0,25.0,35.0,88.0,92.0,94.0,90.0000000000000000,3,1.0,1.0,,1.0,0,,,,,,,,,,0,0,0,1,18,0,0.0,0.0,0.0
9313,2022,Jacob Miller,SP,sa3020111,0,Bench,40,50.0,60.0,60.0,45.0,50.0,5.0,30.0,92.0,95.0,98.0,93.5000000000000000,2,,,,,0,,,,,,,,,,0,0,0,1,17,0,0.0,0.0,0.0
8192,2022,Jarlin Susana,SP,sa3018808,0,Bench,40,70.0,60.0,,45.0,45.0,5.0,25.0,96.0,99.0,101.0,97.5000000000000000,2,1.0,,,-1.0,0,,,,,,,,,,0,0,0,1,17,0,0.0,0.0,0.0
8814,2022,Joe Elbis,SP,sa3015216,0,Bench,40,45.0,50.0,50.0,55.0,60.0,15.0,35.0,90.0,92.0,94.0,91.0000000000000000,1,1.0,1.0,,,0,51.800000000000004,3.6486486486486482,1.138996138996139,,1.216216216216216,,,7.0,4.0,0,0,0,2,18,0,0.0,0.0,0.0
9050,2022,Joel Díaz,SP,sa3015500,0,Bench,40,45.0,,60.0,50.0,55.0,5.0,30.0,93.0,95.0,96.0,94.0000000000000000,1,1.0,1.0,,,0,50.1,0.5389221556886228,0.7584830339321357,,1.6167664670658681,,,9.0,0.0,0,0,0,1,17,0,0.0,0.0,0.0
8410,2022,Joe Rock,SP,30016,0,Bench,40,50.0,55.0,,55.0,45.0,5.0,15.0,93.0,95.0,96.0,94.0000000000000000,2,2.0,1.0,,-1.0,0,8.0,1.125,0.75,,1.125,,,1.0,0.0,0,0,0,1,20,0,0.0,0.0,0.0
9185,2022,Jorge Juan,DH,sa3005826,0,Bench,40,65.0,60.0,,45.0,50.0,5.0,20.0,95.0,97.0,99.0,96.0000000000000000,2,2.0,,,1.0,0,,,,,,,,,,0,0,0,1,,0,0.0,0.0,0.0
8505,2022,Kenya Huggins,SP,sa3020609,0,Bench,40,50.0,60.0,,,40.0,10.0,20.0,91.0,95.0,97.0,93.0000000000000000,1,-1.0,,,-1.0,0,,,,,,,,,,0,0,0,1,18,0,0.0,0.0,0.0
8707,2022,Ky Bush,SP,29823,0,Bench,40,60.0,60.0,45.0,,40.0,5.0,10.0,92.0,95.0,96.0,93.5000000000000000,2,,,,,0,10.6,5.09433962264151,1.7924528301886793,,4.245283018867925,,,5.0,0.0,0,0,1,3,21,0,0.0,0.0,0.0
9402,2022,Kyle Brnovich,SP,sa3014923,0,Bench,40,40.0,,60.0,50.0,60.0,0.0,5.0,88.0,92.0,94.0,90.0000000000000000,1,,,,,1,,,,,,,,,,0,0,0,1,,0,0.0,0.0,0.0
9244,2022,Luis R. Rodriguez,DH,sa3017275,0,Bench,40,60.0,,60.0,45.0,50.0,10.0,20.0,92.0,95.0,97.0,93.5000000000000000,2,1.0,1.0,,1.0,0,12.1,5.206611570247934,1.4049586776859504,,3.71900826446281,,,5.0,1.0,0,0,0,2,18,0,0.0,0.0,0.0
8577,2022,Marco Raya,RP,sa3014550,0,Bench,40,50.0,50.0,,55.0,55.0,10.0,20.0,92.0,96.0,98.0,94.0000000000000000,1,,2.0,,2.0,0,,,,,,,,,,0,0,0,1,18,0,0.0,0.0,0.0
8844,2022,Mason Black,DH,30171,0,Bench,40,55.0,45.0,,55.0,40.0,5.0,10.0,92.0,96.0,98.0,94.0000000000000000,2,1.0,-1.0,,-1.0,0,,,,,,,,,,0,0,0,1,21,0,0.0,0.0,0.0
8320,2022,McCade Brown,SP,30004,0,Bench,40,55.0,55.0,50.0,45.0,50.0,0.0,15.0,92.0,96.0,97.0,94.0000000000000000,2,,,,,0,8.0,6.75,1.625,,3.375,,,3.0,2.0,0,0,0,1,20,0,0.0,0.0,0.0
8628,2022,Michael Mercado,RP,23223,0,Bench,40,60.0,55.0,50.0,45.0,50.0,0.0,5.0,93.0,97.0,99.0,95.0000000000000000,2,2.0,,,1.0,0,68.80000000000001,5.494186046511627,1.3226744186046508,,3.0087209302325575,,,23.0,16.0,0,0,1,3,22,0,0.0,0.0,0.0
8702,2022,Michael Morales,SP,sa3017783,0,Bench,40,50.0,,55.0,50.0,50.0,20.0,30.0,88.0,92.0,94.0,90.0000000000000000,1,1.0,,,1.0,0,1.0,18.0,3.0,,9.0,,,1.0,0.0,0,0,0,1,18,0,0.0,0.0,0.0
8330,2022,Mitch Bratt,SP,sa3017719,0,Bench,40,50.0,50.0,50.0,55.0,45.0,10.0,25.0,90.0,93.0,94.0,91.5000000000000000,1,,,,,0,6.0,0.0,0.6666666666666666,,0.0,,,0.0,0.0,0,0,0,1,17,0,0.0,0.0,0.0
8533,2022,Nick Frasso,SP,sa3014492,0,Bench,40,55.0,,45.0,50.0,50.0,10.0,20.0,91.0,93.0,95.0,92.0000000000000000,1,1.0,-1.0,,1.0,1,5.0,0.0,1.0,,3.6,,,2.0,0.0,0,0,0,2,22,0,0.0,0.0,0.0
8936,2022,Peter Heubeck,DH,sa3017936,0,Bench,40,60.0,55.0,55.0,50.0,40.0,20.0,20.0,91.0,94.0,96.0,92.5000000000000000,3,1.0,1.0,,1.0,0,4.0,0.0,0.75,,4.5,,,2.0,0.0,0,0,0,1,18,0,0.0,0.0,0.0
9266,2022,Po-Yu Chen,SP,sa3014699,0,Bench,40,40.0,,50.0,,60.0,10.0,25.0,91.0,92.0,93.0,91.5000000000000000,0,,1.0,,,0,41.3,2.6150121065375305,1.089588377723971,,2.6150121065375305,,,12.0,2.0,0,0,0,2,19,0,0.0,0.0,0.0
8581,2022,Reggie Crawford,DH,sa3020457,0,Bench,40,70.0,55.0,,,35.0,0.0,5.0,93.0,99.0,102.0,96.0000000000000000,2,,,,-2.0,1,,,,,,,,,,0,0,0,1,20,0,0.0,0.0,0.0
8394,2022,Robert Gasser,SP,29812,0,Bench,40,40.0,60.0,,50.0,55.0,0.0,20.0,90.0,93.0,96.0,91.5000000000000000,1,,1.0,,1.0,0,15.0,1.2,0.8666666666666667,,1.2,,,2.0,1.0,0,0,0,2,22,0,0.0,0.0,0.0
9376,2022,Ronan Kopp,DH,sa3017751,0,Bench,40,60.0,60.0,,40.0,30.0,0.0,10.0,95.0,97.0,99.0,96.0000000000000000,2,1.0,-1.0,,-1.0,0,2.0,0.0,1.5,,4.5,,,1.0,0.0,0,0,0,1,18,0,0.0,0.0,0.0
8826,2022,Royber Salinas,RP,sa3009243,0,Bench,40,70.0,,60.0,50.0,35.0,0.0,5.0,93.0,95.0,98.0,94.0000000000000000,2,-2.0,-2.0,,-1.0,0,,,,,,,,,,0,0,0,1,,0,0.0,0.0,0.0
8665,2022,Sem Robberse,RP,sa3011735,0,Bench,40,50.0,55.0,55.0,50.0,50.0,5.0,20.0,88.0,81.0,93.0,84.5000000000000000,2,2.0,1.0,,1.0,0,86.1,4.494773519163763,1.4285714285714286,,3.97212543554007,,,38.0,7.0,0,0,1,3,19,0,0.0,0.0,0.0
8603,2022,Seth Johnson,DH,26020,0,Bench,40,60.0,60.0,50.0,45.0,50.0,5.0,20.0,92.0,97.0,99.0,94.5000000000000000,2,,1.0,,1.0,0,90.4,2.986725663716814,1.3163716814159292,,3.285398230088495,,,33.0,7.0,0,0,0,2,22,0,0.0,0.0,0.0
8974,2022,Shane Panzini,DH,sa3018257,0,Bench,40,50.0,50.0,55.0,45.0,50.0,5.0,30.0,91.0,93.0,95.0,92.0000000000000000,1,-1.0,-1.0,,1.0,0,,,,,,,,,,0,0,0,1,19,0,0.0,0.0,0.0
8490,2022,Tekoah Roby,RP,sa3014519,0,Bench,40,50.0,,45.0,55.0,50.0,10.0,20.0,92.0,94.0,95.0,93.0000000000000000,1,1.0,1.0,,1.0,0,21.3,2.5352112676056335,0.9859154929577465,,2.9577464788732395,,,7.0,1.0,0,0,0,2,19,0,0.0,0.0,0.0
8256,2022,Tink Hence,SP,sa3014709,0,Bench,40,60.0,,60.0,50.0,55.0,5.0,20.0,93.0,96.0,98.0,94.5000000000000000,2,1.0,1.0,,2.0,0,7.3,9.863013698630137,1.9178082191780823,,3.6986301369863015,,,3.0,1.0,0,0,0,1,18,0,0.0,0.0,0.0
8503,2022,Walbert Urena,DH,sa3018298,0,Bench,40,70.0,45.0,,60.0,35.0,10.0,15.0,94.0,97.0,100.0,95.5000000000000000,2,,1.0,,-2.0,0,,,,,,,,,,0,0,0,1,17,0,0.0,0.0,0.0
9173,2022,Wilmer Flores,RP,sa3015223,0,Bench,40,70.0,50.0,60.0,,40.0,10.0,10.0,93.0,96.0,98.0,94.5000000000000000,2,1.0,-1.0,,,0,,,,,,,,,,0,0,0,1,,0,0.0,0.0,0.0
8366,2022,Winston Santos,SP,sa3015952,0,Bench,40,50.0,50.0,,55.0,55.0,5.0,20.0,91.0,95.0,97.0,93.0000000000000000,1,,,,,0,32.300000000000004,3.3436532507739933,1.0216718266253868,,2.507739938080495,,,9.0,1.0,0,0,0,1,19,0,0.0,0.0,0.0
9105,2022,Yosver Zulueta,DH,27765,0,Bench,40,70.0,,55.0,,40.0,0.0,0.0,96.0,98.0,99.0,97.0000000000000000,2,1.0,1.0,,1.0,0,0.0,,,,,,,0.0,0.0,0,0,0,2,23,0,0.0,0.0,0.0
8788,2022,Zac Leigh,DH,sa3017873,0,Bench,40,50.0,50.0,,60.0,45.0,5.0,15.0,91.0,95.0,98.0,93.0000000000000000,1,1.0,1.0,,,0,8.2,1.0975609756097562,0.853658536585366,,3.2926829268292686,,,3.0,0.0,0,0,1,3,23,0,0.0,0.0,0.0
8395,2022,AJ Blubaugh,RP,31764,0,Bench,35,,,,,,,,,,,,0,,,,,0,,,,,,,,,,0,0,0,1,20,0,,,
9421,2022,Alexander Alberto,DH,sa3015986,0,Bench,35,50.0,55.0,,,40.0,20.0,10.0,90.0,92.0,95.0,91.0000000000000000,1,2.0,,,,0,23.8,4.53781512605042,1.8487394957983192,,7.184873949579831,,,19.0,0.0,0,0,0,1,19,0,0.0,0.0,0.0
8425,2022,Alex McFarlane,DH,sa3020633,0,Bench,35,50.0,60.0,,,40.0,0.0,10.0,93.0,96.0,98.0,94.5000000000000000,1,2.0,2.0,,-2.0,0,,,,,,,,,,0,0,0,1,20,0,0.0,0.0,0.0
9069,2022,Alex Santos II,DH,sa3014684,0,Bench,35,55.0,50.0,55.0,,50.0,10.0,25.0,89.0,93.0,95.0,91.0000000000000000,2,1.0,,,1.0,0,39.800000000000004,3.618090452261306,1.5326633165829144,,6.783919597989949,,,30.0,2.0,0,0,0,2,19,0,0.0,0.0,0.0
8715,2022,Andrew Baker,DH,sa3017196,0,Bench,35,60.0,,60.0,,35.0,0.0,5.0,94.0,98.0,99.0,96.0000000000000000,2,1.0,1.0,,-1.0,0,11.299999999999999,10.353982300884956,1.9469026548672568,,13.53982300884956,,,17.0,1.0,0,0,0,2,21,0,0.0,0.0,0.0
8545,2022,Andrew Moore,DH,sa3016795,0,Bench,35,60.0,50.0,70.0,,40.0,5.0,10.0,93.0,97.0,98.0,95.0000000000000000,2,1.0,,,-1.0,0,17.7,7.627118644067797,2.0338983050847457,,9.152542372881356,,,18.0,2.0,0,0,0,2,21,0,0.0,0.0,0.0
8407,2022,Andrew Morris,SP,sa3020569,0,Bench,35,,,,,,,,,,,,0,,,,,0,,,,,,,,,,0,0,0,1,19,0,,,
8512,2022,Angel Bastardo,RP,sa3009716,0,Bench,35,55.0,50.0,,50.0,40.0,5.0,10.0,93.0,97.0,98.0,95.0000000000000000,1,,1.0,,-1.0,0,27.8,7.122302158273381,2.050359712230216,,3.884892086330935,,,12.0,1.0,0,0,0,1,19,0,0.0,0.0,0.0
8419,2022,Austin Charles,3B,sa3020497,0,Bench,35,,,,,,,,,,,,0,2.0,,,,0,,,,,,,,,,0,0,0,1,17,0,,,
9186,2022,Austin Smith,DH,sa3017071,0,Bench,35,60.0,,50.0,,40.0,0.0,10.0,94.0,97.0,98.0,95.5000000000000000,1,,,,,0,7.3,4.931506849315069,1.36986301369863,,6.164383561643835,,,5.0,1.0,0,0,0,2,22,0,0.0,0.0,0.0
8339,2022,Carson Palmquist,SP,31612,0,Bench,35,45.0,50.0,,50.0,45.0,0.0,15.0,88.0,92.0,94.0,90.0000000000000000,0,1.0,1.0,,1.0,0,,,,,,,,,,0,0,0,1,20,0,0.0,0.0,0.0
8620,2022,Carson Ragsdale,SP,27508,0,Bench,35,50.0,,60.0,,55.0,5.0,20.0,91.0,95.0,96.0,93.0000000000000000,1,1.0,,,1.0,0,,,,,,,,,,0,0,0,1,,0,0.0,0.0,0.0
9406,2022,Cole Waites,DH,25665,0,Bench,35,70.0,55.0,,,35.0,0.0,15.0,96.0,99.0,100.0,97.5000000000000000,2,2.0,1.0,,-1.0,0,13.1,0.6870229007633588,0.5343511450381679,,4.122137404580153,,,6.0,0.0,0,0,0,2,23,0,0.0,0.0,0.0
8382,2022,Cristian Mena,SP,27974,0,Bench,35,45.0,,60.0,45.0,55.0,15.0,30.0,88.0,92.0,94.0,90.0000000000000000,1,1.0,1.0,,1.0,0,47.4,7.974683544303797,1.89873417721519,,3.9873417721518987,,,21.0,8.0,0,0,0,1,18,0,0.0,0.0,0.0
9237,2022,Dalton Rogers,RP,sa3020479,0,Bench,35,,,,,,,,,,,,0,,,,,0,,,,,,,,,,0,0,0,1,20,0,,,
8865,2022,Daniel Robert,DH,21229,0,Bench,35,55.0,60.0,,,40.0,0.0,5.0,94.0,95.0,96.0,94.5000000000000000,2,,,,,1,20.8,3.0288461538461537,1.0096153846153846,,2.1634615384615383,,,5.0,3.0,0,1,1,4,26,0,0.0,0.0,0.0
9006,2022,Dylan Ray,SP,sa3020392,0,Bench,35,,,,,,,,,,,,0,,,,,0,,,,,,,,,,0,0,0,1,20,0,,,
8281,2022,Elmer Rodriguez-Cruz,SP,sa3019459,0,Bench,35,55.0,,50.0,50.0,45.0,15.0,25.0,89.0,92.0,94.0,90.5000000000000000,1,2.0,1.0,,,0,,,,,,,,,,0,0,0,1,17,0,0.0,0.0,0.0
8874,2022,Eric Adler,DH,sa3020592,0,Bench,35,,,,,,,,,,,,0,,,,,0,,,,,,,,,,0,0,0,1,20,0,,,
8892,2022,Eric Cerantola,DH,sa3017914,0,Bench,35,60.0,60.0,,55.0,40.0,5.0,10.0,92.0,95.0,97.0,93.5000000000000000,3,1.0,1.0,,-2.0,0,4.2,2.142857142857143,1.9047619047619047,,15.0,,,7.0,0.0,0,0,0,1,21,0,0.0,0.0,0.0
9268,2022,Evan Reifert,DH,sa3014860,0,Bench,35,60.0,70.0,,,30.0,5.0,10.0,94.0,97.0,98.0,95.5000000000000000,2,1.0,1.0,,-1.0,0,54.40000000000001,2.3161764705882346,1.3235294117647056,,5.955882352941175,,,36.0,4.0,0,0,1,3,22,0,0.0,0.0,0.0
8762,2022,Gerelmi Maldonado,DH,sa3016018,0,Bench,35,60.0,,55.0,,50.0,10.0,30.0,94.0,96.0,97.0,95.0000000000000000,2,1.0,,,,0,28.4,5.387323943661972,1.4788732394366197,,5.387323943661972,,,17.0,0.0,0,0,0,1,17,0,0.0,0.0,0.0
9039,2022,Jack Brannigan,SS,sa3019922,0,Bench,35,,,,,,,,,,,,0,,,,,0,,,,,,,,,,0,0,0,1,20,0,,,
9113,2022,Jacob Steinmetz,SP,sa3017976,0,Bench,35,50.0,,55.0,45.0,50.0,10.0,30.0,87.0,92.0,94.0,89.5000000000000000,1,1.0,,,-1.0,0,1.1,8.181818181818182,4.545454545454545,,32.72727272727273,,,4.0,0.0,0,0,0,1,17,0,0.0,0.0,0.0
8514,2022,Jairo Iriarte,SP,26907,0,Bench,35,50.0,60.0,,55.0,40.0,5.0,10.0,92.0,94.0,95.0,93.0000000000000000,2,1.0,1.0,,-1.0,0,28.599999999999998,11.958041958041958,1.9580419580419581,,4.090909090909091,,,13.0,6.0,0,0,0,2,19,0,0.0,0.0,0.0
8318,2022,Jean Cabrera,SP,sa3015433,0,Bench,35,60.0,45.0,,50.0,45.0,10.0,15.0,93.0,96.0,97.0,94.5000000000000000,1,2.0,,,1.0,0,52.2,1.5517241379310345,0.842911877394636,,1.7241379310344827,,,10.0,1.0,0,0,0,1,19,0,0.0,0.0,0.0
9409,2022,Josh White,RP,sa3019953,0,Bench,35,55.0,55.0,50.0,40.0,40.0,5.0,10.0,92.0,95.0,97.0,93.5000000000000000,2,,,,-1.0,0,,,,,,,,,,0,0,0,1,20,0,0.0,0.0,0.0
8613,2022,Karson Milbrandt,RP,sa3020659,0,Bench,35,,,,,,,,,,,,0,,,,,0,,,,,,,,,,0,0,0,1,17,0,,,
8460,2022,Kendry Rojas,SP,sa3016746,0,Bench,35,60.0,,55.0,,45.0,15.0,25.0,88.0,92.0,93.0,90.0000000000000000,2,,,,,0,23.2,2.3275862068965516,0.8189655172413793,,1.9396551724137931,,,5.0,1.0,0,0,0,1,18,0,0.0,0.0,0.0
8795,2022,Kevin Abel,RP,sa3017879,0,Bench,35,30.0,,55.0,60.0,55.0,0.0,20.0,87.0,91.0,94.0,89.0000000000000000,2,,,,,1,4.0,9.0,1.25,,6.75,,,3.0,1.0,0,0,0,1,22,0,0.0,0.0,0.0
8666,2022,Kyle Hurt,RP,27514,0,Bench,35,55.0,40.0,,60.0,40.0,0.0,10.0,93.0,96.0,97.0,94.5000000000000000,2,1.0,-1.0,,1.0,0,18.9,6.190476190476191,1.4814814814814816,,4.761904761904762,,,10.0,2.0,0,0,0,2,23,0,0.0,0.0,0.0
8517,2022,Luis Perales,DH,sa3014677,0,Bench,35,60.0,,55.0,45.0,40.0,0.0,20.0,95.0,97.0,98.0,96.0000000000000000,2,,1.0,,1.0,0,2.0,4.5,1.0,,4.5,,,1.0,0.0,0,0,0,1,18,0,0.0,0.0,0.0
9425,2022,Marcus Johnson,SP,sa3020324,0,Bench,35,,,,,,,,,,,,0,,,,,0,,,,,,,,,,0,0,0,1,20,0,,,
8334,2022,Mason Barnett,SP,31741,0,Bench,35,,,,,,,,,,,,0,,,,,0,,,,,,,,,,0,0,0,1,20,0,,,
8469,2022,Miguel Ullola,DH,sa3016504,0,Bench,35,60.0,60.0,,,40.0,5.0,10.0,93.0,96.0,97.0,94.5000000000000000,2,-1.0,1.0,,,0,23.4,4.230769230769231,1.4102564102564104,,8.076923076923077,,,21.0,1.0,0,0,0,1,19,0,0.0,0.0,0.0
8605,2022,Omar Cruz,DH,23875,0,Bench,35,35.0,,45.0,60.0,60.0,5.0,10.0,87.0,91.0,93.0,89.0000000000000000,1,-1.0,,,,0,,,,,,,,,,0,0,0,1,22,0,0.0,0.0,0.0
9315,2022,Raimon Gomez,DH,sa3017645,0,Bench,35,60.0,55.0,,50.0,40.0,0.0,10.0,94.0,97.0,99.0,95.5000000000000000,2,-2.0,1.0,,-1.0,0,11.399999999999999,2.368421052631579,1.4035087719298247,,4.736842105263158,,,6.0,1.0,0,0,0,1,19,0,0.0,0.0,0.0
9355,2022,Randel Clemente,DH,sa3016003,0,Bench,35,60.0,55.0,,,40.0,10.0,10.0,94.0,97.0,98.0,95.5000000000000000,2,2.0,,,,0,30.299999999999997,5.346534653465347,1.9471947194719474,,8.613861386138614,,,29.0,3.0,0,0,0,1,19,0,0.0,0.0,0.0
8257,2022,River Ryan,SP,29514,0,Bench,35,60.0,,60.0,,50.0,10.0,20.0,93.0,95.0,97.0,94.0000000000000000,2,,1.0,,,0,,,,,,,13.0,,,0,0,0,1,22,0,0.0,0.0,0.0
9041,2022,Ryan Jennings,DH,sa3020634,0,Bench,35,,,,,,,,,,,,0,,,,,0,,,,,,,,,,0,0,0,1,22,0,,,
8870,2022,Spencer Giesting,RP,sa3020402,0,Bench,35,50.0,60.0,,40.0,50.0,10.0,20.0,88.0,92.0,95.0,90.0000000000000000,1,2.0,1.0,,-1.0,0,,,,,,,,,,0,0,0,1,19,0,0.0,0.0,0.0
9156,2022,Stevie Emanuels,DH,sa3014698,0,Bench,35,50.0,55.0,,50.0,55.0,10.0,25.0,87.0,92.0,94.0,89.5000000000000000,1,,,,1.0,0,27.4,6.240875912408759,1.5328467153284673,,4.598540145985401,,,14.0,6.0,0,0,1,3,22,0,0.0,0.0,0.0
8333,2022,Tanner McDougal,SP,sa3017471,0,Bench,35,50.0,50.0,,50.0,50.0,10.0,30.0,90.0,92.0,94.0,91.0000000000000000,0,1.0,-1.0,,,1,9.2,9.782608695652174,1.6304347826086958,,4.891304347826087,,,5.0,2.0,0,0,0,1,18,0,0.0,0.0,0.0
9092,2022,Trace Bright,SP,sa3020558,0,Bench,35,,,,,,,,,,,,0,,,,,0,,,,,,,,,,0,0,0,1,20,0,,,
9347,2022,Trevor Martin,SP,sa3020608,0,Bench,35,,,,,,,,,,,,0,,,,,0,,,,,,,,,,0,0,0,1,20,0,,,
8384,2022,Trevor McDonald,SP,26448,0,Bench,35,50.0,50.0,55.0,,50.0,5.0,20.0,90.0,94.0,96.0,92.0000000000000000,1,1.0,1.0,,,0,68.7,4.192139737991266,1.5283842794759825,,4.454148471615721,,,34.0,4.0,0,0,0,2,20,0,0.0,0.0,0.0
8538,2022,Tyler Mattison,DH,sa3018117,0,Bench,35,55.0,,60.0,,40.0,5.0,10.0,92.0,95.0,100.0,93.5000000000000000,2,1.0,1.0,,,0,,,,,,,,,,0,0,0,1,21,0,0.0,0.0,0.0
8843,2022,Tyler Stuart,SP,sa3020264,0,Bench,35,55.0,55.0,,50.0,40.0,0.0,10.0,92.0,96.0,98.0,94.0000000000000000,2,,,,,0,,,,,,,,,,0,0,0,1,21,0,0.0,0.0,0.0
9414,2022,William Kempner,DH,sa3020527,0,Bench,35,,,,,,,,,,,,0,,,,,0,,,,,,,,,,0,0,0,1,20,0,,,
9434,2022,Yaqui Rivera,DH,sa3015504,0,Bench,35,,,,,,,,,,,,0,,,,,0,36.9,3.9024390243902443,1.4092140921409215,,4.390243902439025,,,18.0,2.0,0,0,0,1,17,0,,,
8464,2022,Yoniel Curet,SP,sa3015446,0,Bench,35,50.0,50.0,50.0,50.0,50.0,5.0,30.0,92.0,95.0,96.0,93.5000000000000000,0,1.0,1.0,,1.0,0,49.6,3.810483870967742,1.2903225806451613,,4.899193548387097,,,27.0,0.0,0,0,0,1,18,0,0.0,0.0,0.0
8182,2023,Andrew Painter,SP,sa3017880,3,All-Star,60,70.0,60.0,60.0,50.0,60.0,10.0,10.0,96.0,98.0,100.0,97.0000000000000000,3,2.0,1.0,,1.0,0,102.50000000000001,1.5804878048780486,0.897560975609756,,2.195121951219512,,,25.0,5.0,0,1,1,4,19,0,10.0,10.0,0.0
8839,2023,Dylan Lesko,SP,sa3020677,2,Regular,55,60.0,,70.0,70.0,50.0,5.0,20.0,94.0,96.0,98.0,95.0000000000000000,3,1.0,1.0,,1.0,0,,,,,,,,,,0,0,0,1,18,0,0.0,0.0,0.0
8547,2023,Mick Abel,SP,27756,2,Regular,55,65.0,,70.0,55.0,50.0,10.0,10.0,95.0,97.0,99.0,96.0000000000000000,3,2.0,1.0,,1.0,0,106.69999999999999,3.9643861293345832,1.3495782567947519,,4.217432052483599,,,50.0,11.0,0,1,1,4,20,0,0.0,0.0,-1.0
8261,2023,Ricky Tiedemann,SP,sa3018096,2,Regular,55,70.0,60.0,,60.0,50.0,10.0,15.0,94.0,95.0,98.0,94.5000000000000000,3,1.0,,,,0,77.5,2.206451612903226,0.8774193548387097,,3.367741935483871,,,29.0,3.0,0,1,1,4,19,10,20.0,-5.0,3.0
8357,2023,Cade Cavalli,SP,27473,2,Regular,50,55.0,55.0,70.0,55.0,45.0,0.0,5.0,94.0,98.0,102.0,96.0000000000000000,4,1.0,1.0,,-1.0,0,94.89999999999999,3.7934668071654376,1.201264488935722,,3.6986301369863015,,,39.0,3.0,1,0,0,5,23,-5,-15.0,0.0,0.0
8317,2023,Hurston Waldrep,SP,33527,2,Regular,50,60.0,55.0,55.0,,45.0,5.0,15.0,94.0,97.0,99.0,95.5000000000000000,3,1.0,2.0,,1.0,0,,,,,,,,,,0,0,0,1,20,0,0.0,0.0,0.0
8490,2023,Tekoah Roby,RP,sa3014519,2,Regular,50,60.0,55.0,70.0,55.0,55.0,0.0,5.0,93.0,96.0,97.0,94.5000000000000000,4,1.0,1.0,,1.0,0,,,,,,,,,,0,0,0,1,20,10,10.0,5.0,2.0
8256,2023,Tink Hence,SP,sa3014709,2,Regular,50,70.0,,60.0,55.0,45.0,10.0,15.0,95.0,97.0,100.0,96.0000000000000000,3,,2.0,,2.0,0,50.699999999999996,1.4201183431952664,0.9072978303747535,,2.6627218934911245,,,15.0,1.0,0,0,0,2,19,10,10.0,-10.0,1.0
8630,2023,Ty Madden,SP,30140,2,Regular,50,55.0,60.0,50.0,55.0,55.0,0.0,5.0,93.0,95.0,98.0,94.0000000000000000,3,1.0,1.0,,1.0,0,120.8,3.054635761589404,1.1175496688741722,,2.8311258278145695,,,38.0,16.0,0,1,1,4,22,5,5.0,0.0,0.0
9173,2023,Wilmer Flores,RP,sa3015223,2,Regular,50,55.0,,60.0,,45.0,5.0,5.0,93.0,96.0,98.0,94.5000000000000000,2,1.0,-1.0,,,0,,,,,,,,,,0,0,0,1,,10,-15.0,5.0,0.0
8486,2023,Adam Macko,RP,sa3011555,1,Part-Time,45,55.0,55.0,60.0,60.0,40.0,5.0,10.0,93.0,94.0,96.0,93.5000000000000000,4,-1.0,,,,0,37.4,4.090909090909091,1.4171122994652408,,4.812834224598931,,,20.0,4.0,0,0,1,3,21,5,0.0,-5.0,0.0
8512,2023,Angel Bastardo,RP,sa3009716,1,Part-Time,45,50.0,50.0,55.0,60.0,45.0,5.0,15.0,93.0,97.0,98.0,95.0000000000000000,2,,1.0,,-1.0,0,78.50000000000001,4.700636942675159,1.6178343949044582,,5.159235668789808,,,45.0,4.0,0,0,0,2,20,10,-5.0,5.0,0.0
8969,2023,Anthony Solometo,SP,sa3018259,1,Part-Time,45,35.0,50.0,,50.0,70.0,5.0,35.0,88.0,92.0,94.0,90.0000000000000000,0,1.0,1.0,,1.0,0,47.2,2.669491525423729,1.059322033898305,,3.6228813559322033,,,19.0,0.0,0,0,0,2,19,5,-15.0,10.0,2.0
8539,2023,Brandon Barriera,SP,sa3020683,1,Part-Time,45,60.0,60.0,50.0,55.0,50.0,10.0,30.0,93.0,96.0,98.0,94.5000000000000000,3,1.0,2.0,,1.0,0,,,,,,,,,,0,0,0,1,18,0,0.0,0.0,0.0
8174,2023,Bubba Chandler,SP,29868,1,Part-Time,45,60.0,55.0,,50.0,55.0,5.0,25.0,93.0,96.0,98.0,94.5000000000000000,2,2.0,2.0,,2.0,0,39.7,2.720403022670025,1.2846347607052895,7.934508816120906,6.347607052896725,1.25,35.0,28.0,3.0,0,0,0,2,19,0,5.0,0.0,5.0
8973,2023,Caleb Kilian,RP,26213,1,Part-Time,45,55.0,45.0,50.0,45.0,50.0,0.0,0.0,92.0,96.0,99.0,94.0000000000000000,1,1.0,1.0,,1.0,0,104.1,4.322766570605188,1.6042267050912584,,5.100864553314121,,,59.0,7.0,1,0,0,5,25,0,0.0,-20.0,0.0
8253,2023,Carson Whisenhunt,SP,31676,1,Part-Time,45,45.0,,45.0,70.0,60.0,5.0,10.0,92.0,94.0,96.0,93.0000000000000000,1,,1.0,,1.0,0,7.2,0.0,0.9722222222222222,,1.25,,,1.0,0.0,0,0,0,2,21,0,0.0,0.0,2.0
8221,2023,Chase Petty,SP,30170,1,Part-Time,45,55.0,70.0,,50.0,45.0,0.0,25.0,93.0,96.0,100.0,94.5000000000000000,2,1.0,1.0,,-1.0,0,96.00000000000001,3.5624999999999996,1.1979166666666665,,2.9062499999999996,,,31.0,7.0,0,0,1,3,19,5,-5.0,0.0,0.0
8506,2023,Connor Phillips,RP,27649,1,Part-Time,45,60.0,55.0,60.0,40.0,40.0,0.0,10.0,95.0,97.0,99.0,96.0000000000000000,3,-1.0,-1.0,,,0,106.39999999999999,3.8909774436090228,1.4379699248120301,,5.582706766917294,,,66.0,8.0,0,1,1,4,21,0,0.0,0.0,2.0
8254,2023,Connor Prielipp,SP,sa3020808,1,Part-Time,45,55.0,70.0,,50.0,40.0,5.0,10.0,92.0,94.0,95.0,93.0000000000000000,2,-1.0,-1.0,,-1.0,1,,,,,,,,,,0,0,0,1,21,0,0.0,0.0,0.0
8461,2023,Cooper Hjerpe,SP,sa3020736,1,Part-Time,45,45.0,60.0,,55.0,55.0,0.0,20.0,88.0,92.0,95.0,90.0000000000000000,2,1.0,1.0,,1.0,0,,,,,,,,,,0,0,0,1,21,0,0.0,0.0,0.0
8362,2023,Dax Fulton,SP,sa3014535,1,Part-Time,45,50.0,,60.0,50.0,55.0,0.0,10.0,91.0,95.0,96.0,93.0000000000000000,1,1.0,,,,1,115.3,3.9028620988725065,1.344319167389419,,3.2784041630529055,,,42.0,8.0,0,1,1,4,20,0,10.0,0.0,1.0
8688,2023,Gabriel Hughes,SP,sa3020661,1,Part-Time,45,55.0,60.0,50.0,50.0,50.0,5.0,20.0,91.0,94.0,97.0,92.5000000000000000,2,2.0,1.0,,,0,3.0,0.0,0.6666666666666666,,3.0,,,1.0,0.0,0,0,0,2,20,0,0.0,0.0,0.0
8514,2023,Jairo Iriarte,SP,26907,1,Part-Time,45,60.0,60.0,,60.0,45.0,0.0,15.0,93.0,97.0,100.0,95.0000000000000000,3,1.0,2.0,,,0,88.3,5.300113250283126,1.4156285390713477,,4.280860702151756,,,42.0,13.0,0,0,0,2,20,10,10.0,5.0,3.0
8815,2023,Jake Eder,SP,27590,1,Part-Time,45,60.0,70.0,,45.0,45.0,5.0,5.0,92.0,95.0,97.0,93.5000000000000000,2,1.0,,,-1.0,1,,,,,,,,,,0,0,0,1,23,0,0.0,5.0,0.0
8192,2023,Jarlin Susana,SP,sa3018808,1,Part-Time,45,60.0,70.0,45.0,45.0,45.0,0.0,25.0,96.0,99.0,103.0,97.5000000000000000,2,1.0,,,-1.0,0,43.6,2.477064220183486,1.1009174311926606,,4.128440366972477,,,20.0,2.0,0,0,0,2,18,5,-10.0,0.0,0.0
8418,2023,Joe Whitman,SP,sa3023131,1,Part-Time,45,55.0,60.0,,50.0,55.0,10.0,20.0,90.0,94.0,96.0,92.0000000000000000,2,1.0,1.0,,1.0,0,,,,,,,,,,0,0,0,1,20,0,0.0,0.0,0.0
8509,2023,Jordy Vargas,SP,sa3016052,1,Part-Time,45,60.0,,60.0,55.0,55.0,10.0,30.0,92.0,96.0,98.0,94.0000000000000000,3,2.0,2.0,,1.0,0,50.400000000000006,3.0357142857142856,0.992063492063492,,3.0357142857142856,,,17.0,5.0,0,0,0,2,18,0,0.0,0.0,0.0
8350,2023,JR Ritchie,SP,sa3020395,1,Part-Time,45,60.0,,60.0,50.0,50.0,10.0,30.0,91.0,94.0,96.0,92.5000000000000000,2,1.0,1.0,,2.0,0,14.1,1.9148936170212767,0.9929078014184397,,3.1914893617021276,,,5.0,1.0,0,0,0,2,19,0,0.0,0.0,0.0
8577,2023,Marco Raya,RP,sa3014550,1,Part-Time,45,60.0,55.0,60.0,40.0,55.0,5.0,20.0,94.0,96.0,97.0,95.0000000000000000,3,,2.0,,2.0,0,62.9,3.14785373608903,1.1128775834658189,,3.29093799682035,,,23.0,8.0,0,0,0,2,19,5,10.0,0.0,0.0
8191,2023,Noah Schultz,SP,sa3020949,1,Part-Time,45,55.0,50.0,,45.0,50.0,10.0,30.0,88.0,93.0,95.0,90.5000000000000000,1,2.0,1.0,,,0,,,,,,,,,,0,0,0,1,18,0,0.0,0.0,0.0
8325,2023,Noble Meyer,SP,sa3022945,1,Part-Time,45,60.0,60.0,,60.0,55.0,5.0,35.0,93.0,96.0,100.0,94.5000000000000000,3,1.0,1.0,,-1.0,0,,,,,,,,,,0,0,0,1,17,0,0.0,0.0,0.0
8275,2023,Owen Murphy,SP,sa3020330,1,Part-Time,45,55.0,60.0,60.0,,55.0,5.0,30.0,91.0,94.0,95.0,92.5000000000000000,3,-1.0,1.0,,2.0,0,11.3,4.778761061946902,1.1504424778761062,,4.778761061946902,,,6.0,0.0,0,0,0,2,18,0,0.0,0.0,0.0
9128,2023,Owen White,SP,22273,1,Part-Time,45,45.0,55.0,50.0,50.0,50.0,0.0,0.0,92.0,94.0,96.0,93.0000000000000000,1,,,,,0,78.69999999999999,3.6594663278271926,1.1817026683608642,,2.6302414231257947,,,23.0,8.0,0,1,1,4,22,-5,-10.0,-10.0,-1.0
8201,2023,Parker Messick,SP,31986,1,Part-Time,45,45.0,50.0,40.0,70.0,60.0,5.0,25.0,89.0,92.0,94.0,90.5000000000000000,1,-2.0,,,1.0,0,,,,,,,,,,0,0,0,1,21,0,0.0,0.0,0.0
8257,2023,River Ryan,SP,29514,1,Part-Time,45,60.0,,55.0,50.0,55.0,5.0,25.0,93.0,95.0,97.0,94.0000000000000000,2,1.0,2.0,,1.0,0,45.099999999999994,2.594235033259424,1.3082039911308205,,4.190687361419069,,,21.0,4.0,0,0,1,3,23,10,0.0,5.0,0.0
8394,2023,Robert Gasser,SP,29812,1,Part-Time,45,45.0,60.0,55.0,50.0,60.0,0.0,10.0,90.0,93.0,96.0,91.5000000000000000,2,,1.0,,1.0,0,133.5,4.044943820224719,1.3333333333333333,,3.50561797752809,,,52.0,11.0,1,1,1,5,23,5,5.0,5.0,0.0
8665,2023,Sem Robberse,RP,sa3011735,1,Part-Time,45,45.0,,55.0,60.0,60.0,5.0,25.0,91.0,94.0,95.0,92.5000000000000000,2,,1.0,,1.0,0,109.00000000000001,3.3027522935779814,1.1834862385321099,,2.807339449541284,,,34.0,11.0,0,1,1,4,20,5,-5.0,10.0,13.0
9196,2023,Shane Drohan,RP,sa3014447,1,Part-Time,45,45.0,45.0,45.0,60.0,55.0,0.0,5.0,90.0,92.0,95.0,91.0000000000000000,1,,1.0,,1.0,0,127.79999999999998,3.9436619718309864,1.2754303599374024,,3.5915492957746484,,,51.0,20.0,0,1,1,4,23,0,0.0,0.0,0.0
8340,2023,Thomas Harrington,SP,31989,1,Part-Time,45,45.0,50.0,,60.0,60.0,5.0,25.0,90.0,93.0,96.0,91.5000000000000000,1,,1.0,,-1.0,0,,,,,,,,,,0,0,0,1,20,0,0.0,0.0,0.0
8736,2023,Wikelman González,RP,26641,1,Part-Time,45,60.0,55.0,,60.0,50.0,5.0,25.0,93.0,96.0,98.0,94.5000000000000000,3,1.0,1.0,,1.0,0,96.00000000000001,4.312499999999999,1.3541666666666665,,5.062499999999999,,,54.0,2.0,0,0,1,3,20,0,0.0,0.0,0.0
9105,2023,Yosver Zulueta,DH,27765,1,Part-Time,45,70.0,60.0,55.0,50.0,40.0,0.0,5.0,96.0,98.0,100.0,97.0000000000000000,3,1.0,1.0,,1.0,0,31.8,2.830188679245283,1.2578616352201257,,5.943396226415095,,,21.0,1.0,1,1,1,5,24,5,0.0,0.0,0.0
8854,2023,Adam Mazur,SP,31900,0,Bench,40,50.0,55.0,,50.0,45.0,5.0,15.0,92.0,95.0,97.0,93.5000000000000000,1,,1.0,,1.0,0,,,,,,,,,,0,0,0,1,21,0,0.0,0.0,0.0
9207,2023,Aidan Curry,RP,sa3015334,0,Bench,40,60.0,60.0,,50.0,45.0,10.0,15.0,92.0,94.0,96.0,93.0000000000000000,2,2.0,1.0,,,0,36.7,4.4141689373297,1.6348773841961852,,5.395095367847411,,,22.0,4.0,0,0,0,2,19,0,0.0,0.0,0.0
8425,2023,Alex McFarlane,DH,sa3020633,0,Bench,40,65.0,60.0,,,40.0,5.0,10.0,96.0,98.0,100.0,97.0000000000000000,2,2.0,2.0,,,0,8.0,9.0,1.875,,3.375,,,3.0,1.0,0,0,0,2,21,5,15.0,0.0,2.0
8796,2023,Andre Granillo,DH,29542,0,Bench,40,55.0,60.0,,,50.0,0.0,0.0,94.0,96.0,98.0,95.0000000000000000,2,,-1.0,,,0,47.2,4.576271186440677,1.5677966101694913,,5.720338983050847,,,30.0,5.0,0,1,1,4,22,0,0.0,0.0,0.0
8664,2023,Andrew Hoffmann,DH,29633,0,Bench,40,40.0,60.0,,50.0,55.0,0.0,10.0,91.0,93.0,96.0,92.0000000000000000,1,2.0,,,,0,118.4,3.8006756756756754,1.3006756756756757,,3.116554054054054,,,41.0,14.0,0,1,1,4,22,0,-10.0,5.0,-1.0
8545,2023,Andrew Moore,DH,sa3016795,0,Bench,40,60.0,50.0,70.0,,35.0,5.0,5.0,94.0,97.0,98.0,95.5000000000000000,2,1.0,,,-1.0,0,38.50000000000001,4.675324675324674,1.714285714285714,,6.779220779220778,,,29.0,1.0,0,0,0,2,22,5,0.0,-5.0,0.0
8846,2023,Anthony Maldonado,DH,26034,0,Bench,40,45.0,70.0,,,50.0,0.0,0.0,92.0,95.0,96.0,93.5000000000000000,1,1.0,,,,0,57.90000000000001,3.2642487046632116,1.1398963730569946,,3.10880829015544,,,20.0,9.0,1,1,0,5,24,0,0.0,0.0,0.0
8823,2023,Austin Love,DH,sa3017609,0,Bench,40,50.0,70.0,,50.0,50.0,0.0,10.0,92.0,95.0,98.0,93.5000000000000000,1,,-1.0,,,0,122.40000000000002,5.882352941176469,1.560457516339869,,3.823529411764705,,,52.0,15.0,0,0,1,3,23,0,0.0,-5.0,0.0
9301,2023,Austin Vernon,DH,sa3017138,0,Bench,40,60.0,55.0,50.0,60.0,40.0,0.0,10.0,94.0,96.0,97.0,95.0000000000000000,3,1.0,,,1.0,0,,,,,,,,,,0,0,0,1,23,0,0.0,0.0,0.0
8292,2023,Ben Kudrna,SP,sa3018253,0,Bench,40,50.0,50.0,,60.0,50.0,5.0,20.0,91.0,95.0,96.0,93.0000000000000000,1,1.0,1.0,,,0,70.7,3.5643564356435644,1.386138613861386,,4.073550212164073,,,32.0,4.0,0,0,0,2,19,0,-5.0,5.0,0.0
8845,2023,Ben Peoples,DH,sa3011784,0,Bench,40,50.0,,60.0,,45.0,5.0,15.0,91.0,95.0,96.0,93.0000000000000000,1,1.0,1.0,,,0,,,,,,,,,,0,0,0,1,21,0,0.0,0.0,0.0
8284,2023,Blade Tidwell,SP,31701,0,Bench,40,60.0,60.0,45.0,40.0,40.0,5.0,10.0,92.0,96.0,98.0,94.0000000000000000,2,1.0,,,1.0,0,8.4,2.142857142857143,1.3095238095238095,,7.5,,,7.0,0.0,0,0,0,2,21,-5,0.0,-10.0,0.0
8508,2023,Blake Burkhalter,DH,sa3020382,0,Bench,40,60.0,,,50.0,40.0,0.0,10.0,94.0,96.0,97.0,95.0000000000000000,1,1.0,,,-1.0,0,4.199999999999999,4.2857142857142865,1.1904761904761907,,2.1428571428571432,,,1.0,0.0,0,0,0,2,21,0,0.0,0.0,0.0
9272,2023,Blake Walston,SP,26270,0,Bench,40,30.0,55.0,50.0,55.0,60.0,0.0,15.0,88.0,93.0,96.0,90.5000000000000000,2,1.0,1.0,,1.0,0,120.49999999999997,4.929460580912864,1.443983402489627,,3.4356846473029052,,,46.0,16.0,0,1,1,4,21,-5,-15.0,5.0,1.0
8381,2023,Brandon Birdsell,SP,sa3020797,0,Bench,40,60.0,60.0,50.0,40.0,45.0,0.0,15.0,92.0,97.0,99.0,94.5000000000000000,2,-1.0,-1.0,,-1.0,0,,,,,,,,,,0,0,0,1,22,0,0.0,0.0,0.0
8648,2023,Brody McCullough,SP,sa3020599,0,Bench,40,50.0,45.0,50.0,55.0,55.0,5.0,20.0,91.0,94.0,96.0,92.5000000000000000,1,1.0,1.0,,1.0,0,6.300000000000001,1.4285714285714284,0.9523809523809523,,2.8571428571428568,,,2.0,0.0,0,0,0,2,22,0,0.0,0.0,0.0
8849,2023,Brycen Mautz,SP,sa3020710,0,Bench,40,35.0,60.0,,45.0,60.0,5.0,25.0,90.0,94.0,95.0,92.0000000000000000,1,1.0,,,,0,,,,,,,,,,0,0,0,1,20,0,0.0,0.0,0.0
8876,2023,Camden Minacci,DH,sa3022728,0,Bench,40,60.0,60.0,,,40.0,0.0,10.0,94.0,96.0,99.0,95.0000000000000000,2,,1.0,,-1.0,0,,,,,,,,,,0,0,0,1,20,0,0.0,0.0,0.0
8739,2023,Carlos Duran,DH,24458,0,Bench,40,60.0,70.0,50.0,45.0,40.0,0.0,10.0,95.0,97.0,99.0,96.0000000000000000,2,-1.0,-1.0,,-1.0,1,49.2,4.2073170731707314,1.3617886178861789,,4.390243902439024,,,24.0,6.0,0,0,1,3,20,0,0.0,0.0,0.0
8803,2023,Carlos Rodriguez,SP,30161,0,Bench,40,45.0,60.0,50.0,60.0,45.0,5.0,15.0,90.0,94.0,95.0,92.0000000000000000,2,-1.0,,,,0,105.8,3.062381852551985,1.0775047258979207,,3.402646502835539,,,40.0,7.0,0,0,1,3,20,0,0.0,0.0,0.0
8339,2023,Carson Palmquist,SP,31612,0,Bench,40,45.0,50.0,,50.0,45.0,0.0,15.0,88.0,92.0,94.0,90.0000000000000000,0,1.0,1.0,,1.0,0,1.0,0.0,2.0,,18.0,,,2.0,0.0,0,0,0,1,21,5,0.0,0.0,0.0
8896,2023,Chayce McDermott,SP,29866,0,Bench,40,60.0,55.0,60.0,30.0,40.0,5.0,10.0,93.0,95.0,97.0,94.0000000000000000,3,1.0,,,-1.0,0,99.0,5.818181818181818,1.4242424242424243,,5.818181818181818,,,64.0,17.0,0,1,1,4,23,0,0.0,-5.0,0.0
8789,2023,Clayton Beeter,DH,27494,0,Bench,40,60.0,60.0,60.0,,40.0,0.0,10.0,94.0,97.0,98.0,95.5000000000000000,3,,-1.0,,2.0,1,72.80000000000001,4.82142857142857,1.5109890109890107,,5.686813186813186,,,46.0,11.0,0,1,0,4,23,-5,0.0,0.0,0.0
8645,2023,Coleman Crow,SP,sa3015142,0,Bench,40,40.0,55.0,55.0,40.0,60.0,0.0,10.0,88.0,92.0,94.0,90.0000000000000000,2,,1.0,,,0,123.8,5.016155088852988,1.3570274636510502,,2.544426494345719,,,35.0,20.0,0,1,0,4,21,0,0.0,5.0,0.0
9215,2023,Connor Thomas,RP,25873,0,Bench,40,30.0,55.0,,45.0,70.0,0.0,0.0,86.0,90.0,92.0,88.0000000000000000,1,,1.0,,2.0,0,132.2,5.582450832072618,1.6036308623298035,,2.7231467473524966,,,40.0,16.0,1,0,0,5,24,0,0.0,0.0,0.0
8382,2023,Cristian Mena,SP,27974,0,Bench,40,45.0,,60.0,45.0,55.0,5.0,30.0,88.0,92.0,94.0,90.0000000000000000,1,1.0,1.0,,1.0,0,102.69999999999999,3.85589094449854,1.343719571567673,,3.3300876338851024,,,38.0,7.0,0,1,1,4,19,5,0.0,0.0,0.0
8868,2023,Dahian  Santos,RP,sa3015282,0,Bench,40,55.0,60.0,,45.0,45.0,15.0,25.0,90.0,93.0,96.0,91.5000000000000000,2,1.0,1.0,,-1.0,0,84.60000000000001,4.574468085106383,1.276595744680851,,4.680851063829786,,,44.0,11.0,0,0,1,3,19,0,0.0,0.0,0.0
8617,2023,David Sandlin,DH,sa3020606,0,Bench,40,55.0,55.0,,,50.0,0.0,20.0,93.0,96.0,98.0,94.5000000000000000,2,2.0,1.0,,-1.0,0,2.0,0.0,0.5,,0.0,,,0.0,0.0,0,0,0,1,21,0,0.0,0.0,0.0
8624,2023,Dom Hamel,RP,30153,0,Bench,40,50.0,60.0,55.0,50.0,45.0,0.0,15.0,91.0,95.0,97.0,93.0000000000000000,2,,1.0,,1.0,0,,,,,,,,,,0,0,0,1,,0,0.0,0.0,0.0
9006,2023,Dylan Ray,SP,sa3020392,0,Bench,40,50.0,50.0,55.0,50.0,50.0,5.0,20.0,90.0,94.0,95.0,92.0000000000000000,1,-1.0,-1.0,,1.0,0,12.5,7.2,1.6,,2.88,,,4.0,5.0,0,0,0,2,21,5,0.0,0.0,0.0
9147,2023,Dylan Smith,DH,30145,0,Bench,40,40.0,55.0,45.0,,60.0,0.0,5.0,92.0,93.0,95.0,92.5000000000000000,1,1.0,-1.0,,,0,87.4,3.8100686498855834,1.1670480549199085,,2.1624713958810067,,,21.0,6.0,0,0,1,3,22,0,-5.0,0.0,1.0
8281,2023,Elmer Rodriguez-Cruz,SP,sa3019459,0,Bench,40,55.0,,50.0,50.0,45.0,15.0,25.0,89.0,92.0,94.0,90.5000000000000000,1,2.0,1.0,,,0,38.1,1.889763779527559,1.2073490813648293,,3.543307086614173,,,15.0,0.0,0,0,0,2,18,5,0.0,0.0,0.0
8561,2023,Emiliano Teodo,DH,sa3015158,0,Bench,40,70.0,,60.0,,30.0,0.0,10.0,97.0,100.0,102.0,98.5000000000000000,2,-1.0,1.0,,-1.0,0,81.30000000000001,3.210332103321033,1.168511685116851,,4.870848708487085,,,44.0,7.0,0,0,0,2,21,0,0.0,-5.0,-1.0
9268,2023,Evan Reifert,DH,sa3014860,0,Bench,40,55.0,70.0,,,30.0,0.0,0.0,94.0,97.0,98.0,95.5000000000000000,2,1.0,1.0,,-1.0,0,35.0,4.885714285714286,1.2857142857142858,,5.142857142857143,,,20.0,2.0,0,1,1,4,23,5,-5.0,0.0,0.0
8922,2023,Frank Mozzicato,DH,sa3018242,0,Bench,40,50.0,55.0,60.0,50.0,50.0,20.0,20.0,88.0,92.0,94.0,90.0000000000000000,2,1.0,1.0,,1.0,0,64.80000000000001,4.583333333333332,1.6358024691358022,,7.083333333333332,,,51.0,6.0,0,0,0,2,19,0,-5.0,-5.0,0.0
8314,2023,Gunnar Hoglund,SP,31318,0,Bench,40,40.0,60.0,,45.0,60.0,0.0,25.0,90.0,94.0,96.0,92.0000000000000000,1,-1.0,,,2.0,1,8.0,0.0,1.0,,1.125,,,1.0,0.0,0,0,0,2,22,-5,-10.0,-10.0,0.0
9364,2023,Hayden Wynja,DH,sa3020464,0,Bench,40,45.0,60.0,,45.0,50.0,10.0,20.0,90.0,92.0,95.0,91.0000000000000000,1,2.0,,,,0,3.1,8.709677419354838,1.9354838709677418,,0.0,,,0.0,1.0,0,0,0,1,23,0,0.0,0.0,0.0
8950,2023,Henry Williams,SP,sa3020901,0,Bench,40,45.0,,60.0,50.0,55.0,10.0,25.0,90.0,92.0,95.0,91.0000000000000000,1,2.0,1.0,,2.0,1,,,,,,,,,,0,0,0,1,20,0,0.0,0.0,0.0
8303,2023,Hunter Barco,SP,33174,0,Bench,40,45.0,55.0,,50.0,60.0,5.0,25.0,89.0,93.0,95.0,91.0000000000000000,1,1.0,,,,0,,,,,,,,,,0,0,0,1,21,0,0.0,0.0,0.0
8914,2023,Ismael Agreda,RP,sa3017010,0,Bench,40,60.0,,55.0,50.0,40.0,0.0,20.0,94.0,97.0,98.0,95.5000000000000000,2,-1.0,2.0,,1.0,0,31.400000000000006,6.305732484076432,1.5286624203821653,,4.872611464968152,,,17.0,5.0,0,0,0,1,18,0,0.0,0.0,0.0
8249,2023,Jackson Ferris,SP,sa3020891,0,Bench,40,50.0,50.0,55.0,55.0,50.0,5.0,30.0,92.0,95.0,96.0,93.5000000000000000,2,1.0,-1.0,,-1.0,0,,,,,,,,,,0,0,0,1,18,0,0.0,0.0,0.0
9313,2023,Jacob Miller,SP,sa3020111,0,Bench,40,45.0,55.0,55.0,55.0,50.0,5.0,30.0,90.0,94.0,96.0,92.0000000000000000,3,,1.0,,1.0,0,5.2,5.1923076923076925,1.346153846153846,,3.4615384615384612,,,2.0,1.0,0,0,0,2,18,0,-5.0,0.0,-1.0
8661,2023,Jagger Haynes,RP,sa3020876,0,Bench,40,55.0,,50.0,50.0,50.0,5.0,20.0,93.0,96.0,97.0,94.5000000000000000,1,1.0,1.0,,1.0,0,,,,,,,,,,0,0,0,1,19,0,0.0,0.0,0.0
8380,2023,Jake Bennett,SP,sa3020737,0,Bench,40,45.0,50.0,,60.0,55.0,0.0,20.0,90.0,93.0,96.0,91.5000000000000000,1,1.0,1.0,,,0,,,,,,,,,,0,0,0,1,21,0,0.0,0.0,0.0
8262,2023,Jake Bloss,SP,33168,0,Bench,40,60.0,50.0,55.0,50.0,45.0,10.0,15.0,92.0,94.0,97.0,93.0000000000000000,2,,,,,0,,,,,,,,,,0,0,0,1,21,0,0.0,0.0,0.0
9108,2023,Jaydenn  Estanista,DH,sa3016230,0,Bench,40,70.0,,50.0,,40.0,15.0,10.0,93.0,97.0,98.0,95.0000000000000000,1,,,,,0,31.1,2.02572347266881,0.9646302250803858,,4.630225080385852,,,16.0,3.0,0,0,0,1,20,0,0.0,0.0,0.0
9050,2023,Joel Díaz,SP,sa3015500,0,Bench,40,45.0,,60.0,50.0,55.0,5.0,30.0,93.0,95.0,96.0,94.0000000000000000,1,1.0,1.0,,,1,53.7,6.033519553072625,1.6201117318435754,,4.189944134078212,,,25.0,7.0,0,0,0,2,18,0,0.0,0.0,0.0
8410,2023,Joe Rock,SP,30016,0,Bench,40,50.0,55.0,,55.0,45.0,5.0,15.0,91.0,94.0,96.0,92.5000000000000000,2,2.0,1.0,,-1.0,0,114.5,4.873362445414847,1.275109170305677,,3.930131004366812,,,50.0,12.0,0,1,1,4,21,0,0.0,0.0,-1.0
8775,2023,Joseph Montalvo,SP,sa3018802,0,Bench,40,45.0,55.0,,55.0,55.0,5.0,20.0,90.0,93.0,95.0,91.5000000000000000,2,,1.0,,2.0,0,22.400000000000002,2.4107142857142856,1.1160714285714284,,1.2053571428571428,,,3.0,1.0,0,0,0,1,20,0,0.0,0.0,0.0
8717,2023,Josh Stephan,SP,sa3015286,0,Bench,40,40.0,60.0,,55.0,60.0,0.0,5.0,90.0,92.0,94.0,91.0000000000000000,2,,1.0,,1.0,0,,,,,,,,,,0,0,0,1,20,0,0.0,0.0,0.0
8727,2023,Juan Nuñez,SP,sa3015464,0,Bench,40,50.0,60.0,,50.0,50.0,0.0,20.0,93.0,95.0,96.0,94.0000000000000000,1,,1.0,,1.0,0,49.4,3.6437246963562755,1.3562753036437247,,4.372469635627531,,,24.0,4.0,0,0,0,2,21,0,0.0,0.0,0.0
8613,2023,Karson Milbrandt,RP,sa3020659,0,Bench,40,55.0,,55.0,45.0,45.0,10.0,25.0,91.0,94.0,97.0,92.5000000000000000,2,1.0,,,-1.0,0,2.0,9.0,1.5,,4.5,,,1.0,0.0,0,0,0,2,18,5,0.0,0.0,0.0
9252,2023,Kiefer Lord,DH,sa3023135,0,Bench,40,65.0,,60.0,,45.0,15.0,15.0,93.0,95.0,97.0,94.0000000000000000,2,2.0,1.0,,-1.0,0,,,,,,,,,,0,0,0,1,20,0,0.0,0.0,0.0
8707,2023,Ky Bush,SP,29823,0,Bench,40,40.0,60.0,55.0,50.0,50.0,0.0,20.0,92.0,93.0,96.0,92.5000000000000000,2,1.0,,,1.0,0,100.2,3.772455089820359,1.217564870259481,,2.6047904191616764,,,29.0,14.0,0,1,0,4,22,0,-20.0,10.0,-2.0
9402,2023,Kyle Brnovich,SP,sa3014923,0,Bench,40,40.0,,60.0,50.0,60.0,0.0,5.0,88.0,92.0,94.0,90.0000000000000000,1,,,,,1,,,,,,,,,,0,0,0,1,,0,0.0,0.0,0.0
8790,2023,Liam Simon,DH,sa3020256,0,Bench,40,60.0,60.0,,40.0,40.0,0.0,10.0,95.0,97.0,99.0,96.0000000000000000,2,,,,,0,10.4,2.5961538461538463,1.1538461538461537,,5.1923076923076925,,,6.0,0.0,0,0,0,2,21,0,0.0,0.0,0.0
9336,2023,Logan Workman,SP,sa3017313,0,Bench,40,55.0,,50.0,55.0,50.0,0.0,20.0,93.0,95.0,96.0,94.0000000000000000,2,-1.0,-1.0,,,0,,,,,,,,,,0,0,0,1,23,0,0.0,0.0,0.0
8280,2023,Luinder Avila,SP,24452,0,Bench,40,55.0,,60.0,,50.0,5.0,20.0,92.0,94.0,96.0,93.0000000000000000,2,1.0,1.0,,,0,113.60000000000001,4.595070422535211,1.329225352112676,,3.8820422535211265,,,49.0,10.0,0,0,0,2,20,0,0.0,0.0,0.0
8205,2023,Luis Morales,SP,32227,0,Bench,40,60.0,45.0,55.0,45.0,50.0,5.0,20.0,94.0,98.0,100.0,96.0000000000000000,2,2.0,1.0,,1.0,0,,,,,,,,,,0,0,0,1,19,0,0.0,0.0,0.0
8517,2023,Luis Perales,DH,sa3014677,0,Bench,40,70.0,,55.0,40.0,40.0,10.0,10.0,94.0,96.0,98.0,95.0000000000000000,2,,1.0,,1.0,0,35.2,1.789772727272727,1.1363636363636362,,5.113636363636363,,,20.0,1.0,0,0,0,2,19,5,10.0,0.0,-1.0
9244,2023,Luis R. Rodriguez,DH,sa3017275,0,Bench,40,60.0,,60.0,45.0,50.0,10.0,20.0,92.0,95.0,97.0,93.5000000000000000,2,1.0,1.0,,1.0,0,,,,,,,,,,0,0,0,1,19,0,0.0,0.0,0.0
9002,2023,Luis Serna,SP,sa3016528,0,Bench,40,40.0,50.0,,60.0,60.0,10.0,35.0,90.0,93.0,94.0,91.5000000000000000,1,,,,,0,39.0,2.076923076923077,1.2820512820512822,,3.923076923076923,,,17.0,0.0,0,0,0,1,17,0,0.0,0.0,0.0
8590,2023,Marc Church,DH,26353,0,Bench,40,60.0,,,,40.0,0.0,10.0,94.0,96.0,97.0,95.0000000000000000,1,1.0,,,,0,45.5,4.549450549450549,1.3186813186813187,,2.769230769230769,,,14.0,11.0,0,1,1,4,21,-5,-10.0,-15.0,0.0
8334,2023,Mason Barnett,SP,31741,0,Bench,40,55.0,60.0,50.0,40.0,40.0,0.0,10.0,93.0,96.0,97.0,94.5000000000000000,2,-1.0,,,,0,8.0,0.0,0.125,,1.125,,,1.0,0.0,0,0,0,2,21,5,0.0,0.0,0.0
8844,2023,Mason Black,DH,30171,0,Bench,40,55.0,55.0,,50.0,55.0,5.0,10.0,92.0,95.0,97.0,93.5000000000000000,2,1.0,-1.0,,-1.0,0,109.20000000000002,3.296703296703296,1.1996336996336994,,2.9670329670329667,,,36.0,12.0,0,0,1,3,22,0,0.0,15.0,-1.0
8320,2023,McCade Brown,SP,30004,0,Bench,40,55.0,55.0,60.0,,40.0,0.0,10.0,92.0,96.0,97.0,94.0000000000000000,3,,,,,0,88.50000000000001,5.288135593220338,1.2768361581920902,,2.338983050847457,,,23.0,10.0,0,0,0,2,21,0,0.0,-10.0,0.0
8713,2023,Michael Arias,RP,sa3017036,0,Bench,40,60.0,45.0,,55.0,50.0,0.0,20.0,94.0,97.0,98.0,95.5000000000000000,2,1.0,,,,0,16.299999999999997,4.969325153374234,1.9018404907975464,,12.147239263803684,,,22.0,2.0,0,0,0,2,20,0,0.0,0.0,0.0
9298,2023,Michael Kennedy,SP,sa3021728,0,Bench,40,45.0,50.0,,50.0,55.0,5.0,30.0,88.0,92.0,94.0,90.0000000000000000,0,-1.0,,,1.0,0,,,,,,,,,,0,0,0,1,17,0,0.0,0.0,0.0
8647,2023,Michael Knorr,DH,sa3020872,0,Bench,40,55.0,50.0,45.0,55.0,55.0,5.0,20.0,92.0,95.0,97.0,93.5000000000000000,2,,,,,0,,,,,,,,,,0,0,0,1,22,0,0.0,0.0,0.0
8628,2023,Michael Mercado,RP,23223,0,Bench,40,50.0,50.0,,50.0,50.0,0.0,5.0,93.0,97.0,99.0,95.0000000000000000,0,2.0,,,1.0,0,98.70000000000002,5.106382978723404,1.398176291793313,,3.2826747720364735,,,36.0,17.0,0,1,0,4,23,0,-10.0,0.0,0.0
8702,2023,Michael Morales,SP,sa3017783,0,Bench,40,35.0,,60.0,50.0,55.0,5.0,20.0,88.0,92.0,94.0,90.0000000000000000,1,,-1.0,,1.0,0,115.2,6.171875,1.675347222222222,,3.90625,,,50.0,14.0,0,0,0,2,19,0,-15.0,5.0,0.0
9028,2023,Michael Prosecky,SP,sa3020526,0,Bench,40,50.0,50.0,60.0,45.0,45.0,5.0,15.0,90.0,93.0,95.0,91.5000000000000000,1,1.0,,,1.0,0,1.0,0.0,0.0,,0.0,,,0.0,0.0,0,0,0,1,21,0,0.0,0.0,0.0
8330,2023,Mitch Bratt,SP,sa3017719,0,Bench,40,50.0,55.0,,50.0,55.0,5.0,20.0,89.0,91.0,94.0,90.0000000000000000,1,1.0,1.0,,1.0,0,79.5,2.490566037735849,1.1823899371069182,,3.169811320754717,,,28.0,4.0,0,0,0,2,18,0,0.0,10.0,-2.0
8533,2023,Nick Frasso,SP,sa3014492,0,Bench,40,55.0,50.0,,60.0,50.0,5.0,10.0,94.0,96.0,98.0,95.0000000000000000,2,1.0,,,2.0,1,51.900000000000006,1.9075144508670518,0.9633911368015413,,2.9479768786127165,,,17.0,2.0,0,1,1,4,23,0,0.0,0.0,3.0
9264,2023,Patrick Monteverde,SP,29564,0,Bench,40,40.0,,50.0,55.0,60.0,0.0,5.0,87.0,90.0,92.0,88.5000000000000000,1,,,,2.0,0,107.10000000000001,3.277310924369748,1.2231559290382819,,2.6890756302521006,,,32.0,13.0,0,1,1,4,24,0,0.0,0.0,0.0
8932,2023,Peyton Pallette,DH,sa3020742,0,Bench,40,55.0,60.0,70.0,50.0,45.0,10.0,15.0,93.0,95.0,98.0,94.0000000000000000,3,1.0,2.0,,,1,,,,,,,,,,0,0,0,1,21,0,0.0,0.0,0.0
9266,2023,Po-Yu Chen,SP,sa3014699,0,Bench,40,35.0,45.0,45.0,,60.0,5.0,25.0,91.0,92.0,93.0,91.5000000000000000,0,,1.0,,,0,95.30000000000001,4.721930745015739,1.3011542497376705,,3.3997901364113323,,,36.0,8.0,0,0,0,2,20,0,-5.0,0.0,0.0
9315,2023,Raimon Gomez,DH,sa3017645,0,Bench,40,60.0,55.0,,50.0,40.0,0.0,10.0,94.0,96.0,99.0,95.0000000000000000,2,-2.0,1.0,,-1.0,0,45.10000000000001,3.9911308203991123,1.3968957871396892,,3.9911308203991123,,,20.0,1.0,0,0,0,2,20,5,0.0,0.0,-1.0
8581,2023,Reggie Crawford,DH,sa3020457,0,Bench,40,70.0,60.0,,,40.0,0.0,10.0,95.0,99.0,102.0,97.0000000000000000,2,1.0,2.0,,-2.0,1,,,,,,,9.0,,,0,0,0,1,21,0,0.0,5.0,0.0
9431,2023,Ricardo Yan,SP,sa3016056,0,Bench,40,50.0,60.0,,55.0,50.0,15.0,20.0,88.0,92.0,94.0,90.0000000000000000,2,2.0,1.0,,1.0,0,23.3,3.8626609442060085,1.2446351931330473,,4.63519313304721,,,12.0,1.0,0,0,0,1,19,0,0.0,0.0,0.0
9124,2023,Riley Martin,DH,sa3017601,0,Bench,40,55.0,70.0,,,40.0,0.0,0.0,93.0,94.0,96.0,93.5000000000000000,2,,,,1.0,0,80.1,3.4831460674157304,1.2359550561797754,,4.831460674157304,,,43.0,4.0,0,0,1,3,24,0,0.0,0.0,0.0
8219,2023,Robby Snelling,SP,sa3020707,0,Bench,40,50.0,50.0,,45.0,50.0,5.0,30.0,92.0,94.0,96.0,93.0000000000000000,0,1.0,1.0,,-2.0,0,,,,,,,,,,0,0,0,1,18,0,0.0,0.0,0.0
9376,2023,Ronan Kopp,DH,sa3017751,0,Bench,40,60.0,60.0,,40.0,35.0,0.0,15.0,94.0,97.0,99.0,95.5000000000000000,2,1.0,-1.0,,-1.0,0,59.300000000000004,2.883642495784148,1.3827993254637436,,6.526138279932546,,,43.0,3.0,0,0,1,3,19,0,0.0,5.0,0.0
8826,2023,Royber Salinas,RP,sa3009243,0,Bench,40,70.0,60.0,60.0,50.0,40.0,0.0,10.0,93.0,95.0,98.0,94.0000000000000000,3,-2.0,-2.0,,-1.0,0,,,,,,,,,,0,0,0,1,,0,0.0,5.0,0.0
8549,2023,Santiago Suarez,SP,sa3019386,0,Bench,40,45.0,,55.0,60.0,60.0,5.0,35.0,90.0,94.0,96.0,92.0000000000000000,2,-1.0,1.0,,1.0,0,38.300000000000004,2.3498694516971277,1.0966057441253263,,1.4099216710182767,,,6.0,1.0,0,0,0,1,17,0,0.0,0.0,0.0
8716,2023,Sean Sullivan,RP,sa3018185,0,Bench,40,50.0,55.0,,45.0,55.0,5.0,20.0,87.0,94.0,95.0,90.5000000000000000,1,,,,1.0,0,,,,,,,,,,0,0,0,1,19,0,0.0,0.0,0.0
8603,2023,Seth Johnson,DH,26020,0,Bench,40,60.0,60.0,55.0,45.0,45.0,0.0,15.0,92.0,97.0,99.0,94.5000000000000000,3,,1.0,,1.0,1,,,,,,,,,,0,0,0,1,23,0,0.0,-5.0,0.0
8960,2023,Seth Keener,DH,sa3022949,0,Bench,40,55.0,70.0,,45.0,45.0,10.0,15.0,92.0,95.0,97.0,93.5000000000000000,2,1.0,1.0,,-1.0,0,,,,,,,,,,0,0,0,1,20,0,0.0,0.0,0.0
9392,2023,Spencer Miles,DH,sa3020475,0,Bench,40,60.0,55.0,,50.0,40.0,0.0,10.0,95.0,98.0,99.0,96.5000000000000000,2,2.0,1.0,,1.0,0,7.1,3.802816901408451,1.267605633802817,,3.802816901408451,,,3.0,1.0,0,0,0,2,21,0,0.0,0.0,0.0
8513,2023,Steven Zobac,SP,sa3020875,0,Bench,40,45.0,55.0,,50.0,60.0,0.0,25.0,92.0,94.0,95.0,93.0000000000000000,1,1.0,,,1.0,0,,,,,,,,,,0,0,0,1,21,0,0.0,0.0,0.0
9231,2023,T.J. Nichols,RP,sa3023039,0,Bench,40,55.0,60.0,,45.0,45.0,5.0,15.0,94.0,96.0,99.0,95.0000000000000000,2,1.0,,,-1.0,0,,,,,,,,,,0,0,0,1,20,0,0.0,0.0,0.0
8384,2023,Trevor McDonald,SP,26448,0,Bench,40,45.0,,60.0,45.0,50.0,0.0,20.0,93.0,95.0,96.0,94.0000000000000000,1,1.0,1.0,,,0,99.0,2.3636363636363638,1.2828282828282829,,3.8181818181818183,,,42.0,4.0,0,0,1,3,21,5,-5.0,0.0,1.0
8721,2023,Victor Lizarraga,SP,sa3015220,0,Bench,40,40.0,50.0,50.0,50.0,55.0,10.0,30.0,90.0,93.0,95.0,91.5000000000000000,0,,,,,0,91.3,3.548740416210296,1.3253012048192772,,3.3515881708652793,,,34.0,5.0,0,0,0,2,18,0,0.0,0.0,0.0
8503,2023,Walbert Urena,DH,sa3018298,0,Bench,40,70.0,,55.0,55.0,30.0,10.0,10.0,94.0,97.0,100.0,95.5000000000000000,3,,1.0,,-2.0,0,35.7,4.033613445378151,1.5966386554621848,,8.067226890756302,,,32.0,2.0,0,0,0,1,18,0,0.0,-5.0,0.0
8744,2023,Wen-Hui Pan,DH,sa3020878,0,Bench,40,70.0,,40.0,,40.0,10.0,10.0,94.0,98.0,99.0,96.0000000000000000,1,-1.0,,,-1.0,0,,,,,,,,,,0,0,0,1,19,0,0.0,0.0,0.0
9263,2023,Will Dion,SP,sa3017850,0,Bench,40,45.0,50.0,55.0,50.0,50.0,10.0,20.0,87.0,89.0,91.0,88.0000000000000000,1,,,,2.0,0,123.80000000000001,2.180936995153473,1.0420032310177705,,2.47172859450727,,,34.0,9.0,0,0,1,3,22,0,0.0,0.0,0.0
9414,2023,William Kempner,DH,sa3020527,0,Bench,40,55.0,60.0,,,55.0,0.0,20.0,93.0,96.0,97.0,94.5000000000000000,2,,,,,0,8.3,5.421686746987952,1.9277108433734937,,6.506024096385541,,,6.0,1.0,0,0,0,2,21,5,0.0,0.0,0.0
8366,2023,Winston Santos,SP,sa3015952,0,Bench,40,50.0,50.0,,55.0,55.0,0.0,20.0,93.0,96.0,97.0,94.5000000000000000,1,,,,,0,106.0,3.5660377358490565,1.1226415094339623,,2.547169811320755,,,30.0,8.0,0,0,0,2,20,0,0.0,0.0,1.0
8722,2023,Yilber Díaz,DH,29271,0,Bench,40,65.0,,60.0,,40.0,5.0,10.0,95.0,96.0,97.0,95.5000000000000000,2,,1.0,,,0,75.10000000000001,4.194407456724367,1.251664447403462,,4.55392809587217,,,38.0,5.0,0,0,1,3,21,0,0.0,0.0,0.0
8464,2023,Yoniel Curet,SP,sa3015446,0,Bench,40,60.0,,60.0,40.0,40.0,5.0,10.0,94.0,97.0,98.0,95.5000000000000000,2,1.0,1.0,,1.0,0,40.599999999999994,2.2167487684729066,1.305418719211823,,6.206896551724139,,,28.0,3.0,0,0,0,2,19,5,10.0,-10.0,2.0
8888,2023,Yordanny Monegro,DH,sa3015476,0,Bench,40,50.0,,55.0,50.0,50.0,10.0,20.0,91.0,94.0,95.0,92.5000000000000000,1,2.0,1.0,,1.0,0,25.2,7.5,1.9047619047619049,,5.0,,,14.0,7.0,0,0,0,1,19,0,0.0,0.0,0.0
8842,2023,Yu-Min Lin,SP,sa3019278,0,Bench,40,40.0,40.0,,60.0,60.0,10.0,25.0,87.0,91.0,93.0,89.0000000000000000,1,1.0,1.0,,1.0,0,54.00000000000001,2.833333333333333,1.148148148148148,,3.666666666666666,,,22.0,2.0,0,0,0,2,18,0,0.0,0.0,0.0
8788,2023,Zac Leigh,DH,sa3017873,0,Bench,40,60.0,60.0,,40.0,40.0,0.0,10.0,91.0,95.0,98.0,93.0000000000000000,2,1.0,1.0,,,0,31.4,3.1528662420382165,1.2420382165605095,,4.585987261146497,,,16.0,3.0,0,1,1,4,24,0,10.0,-5.0,0.0
9284,2023,Adrian Rodriguez,DH,sa3015385,0,Bench,35,60.0,60.0,,,30.0,0.0,10.0,96.0,99.0,100.0,97.5000000000000000,2,2.0,-1.0,,-1.0,0,26.799999999999997,3.3582089552238807,1.1567164179104479,,4.365671641791045,,,13.0,1.0,0,0,0,2,21,0,0.0,0.0,0.0
9421,2023,Alexander Alberto,DH,sa3015986,0,Bench,35,55.0,45.0,50.0,,40.0,25.0,10.0,90.0,92.0,95.0,91.0000000000000000,1,2.0,,,,0,34.7,6.7435158501440915,1.6714697406340056,,5.706051873198847,,,22.0,1.0,0,0,0,1,20,0,5.0,0.0,0.0
9216,2023,Alex Hoppe,DH,sa3020836,0,Bench,35,60.0,55.0,,,40.0,0.0,10.0,92.0,95.0,97.0,93.5000000000000000,2,1.0,,,-1.0,0,,,,,,,,,,0,0,0,1,23,0,0.0,0.0,0.0
8442,2023,Alimber Santa,RP,sa3015478,0,Bench,35,60.0,50.0,55.0,40.0,40.0,5.0,10.0,93.0,95.0,97.0,94.0000000000000000,2,,1.0,,-1.0,0,2.0,13.5,3.0,,9.0,,,2.0,0.0,0,0,0,2,19,0,0.0,0.0,0.0
8715,2023,Andrew Baker,DH,sa3017196,0,Bench,35,60.0,,60.0,,35.0,0.0,5.0,97.0,98.0,101.0,97.5000000000000000,2,1.0,1.0,,-1.0,0,52.7,4.098671726755218,1.385199240986717,,4.952561669829222,,,29.0,5.0,0,1,1,4,22,0,0.0,0.0,0.0
8407,2023,Andrew Morris,SP,sa3020569,0,Bench,35,45.0,60.0,50.0,45.0,50.0,5.0,20.0,92.0,94.0,95.0,93.0000000000000000,1,,,,,0,1.0,0.0,0.0,,0.0,,,0.0,0.0,0,0,0,1,20,0,0.0,0.0,0.0
8998,2023,Andrew Taylor,RP,sa3020873,0,Bench,35,60.0,45.0,45.0,45.0,50.0,0.0,20.0,90.0,93.0,94.0,91.5000000000000000,1,,,,,0,,,,,,,,,,0,0,0,1,20,0,0.0,0.0,0.0
8553,2023,Ashton Izzi,SP,sa3022230,0,Bench,35,50.0,,55.0,,50.0,10.0,30.0,90.0,92.0,96.0,91.0000000000000000,1,1.0,1.0,,1.0,0,,,,,,,,,,0,0,0,1,18,0,0.0,0.0,0.0
9186,2023,Austin Smith,DH,sa3017071,0,Bench,35,60.0,,50.0,,40.0,0.0,10.0,94.0,97.0,98.0,95.5000000000000000,1,,,,,0,47.50000000000001,4.7368421052631575,1.1789473684210525,,3.410526315789473,,,18.0,4.0,0,0,1,3,23,0,0.0,0.0,0.0
8370,2023,Barrett Kent,SP,sa3023082,0,Bench,35,50.0,50.0,,50.0,50.0,5.0,30.0,92.0,95.0,97.0,93.5000000000000000,0,1.0,,,1.0,0,,,,,,,,,,0,0,0,1,17,0,0.0,0.0,0.0
8402,2023,Bradgley Rodriguez,DH,29107,0,Bench,35,60.0,50.0,,,40.0,0.0,20.0,96.0,98.0,100.0,97.0000000000000000,1,-1.0,,,,0,,,,,,,,,,0,0,0,1,18,0,0.0,0.0,0.0
8543,2023,Brock Selvidge,SP,sa3017950,0,Bench,35,55.0,,55.0,,40.0,15.0,20.0,90.0,94.0,95.0,92.0000000000000000,2,1.0,,,-1.0,0,40.8,3.088235294117647,1.323529411764706,,3.7500000000000004,,,17.0,2.0,0,0,0,1,19,-5,-5.0,0.0,0.0
8399,2023,Carlos Lagrange,DH,sa3019390,0,Bench,35,60.0,,60.0,,45.0,0.0,25.0,95.0,98.0,99.0,96.5000000000000000,2,1.0,,,-1.0,0,30.900000000000002,3.203883495145631,0.9385113268608414,,5.533980582524271,,,19.0,1.0,0,0,0,1,19,0,0.0,0.0,0.0
8824,2023,Carson Coleman,DH,sa3014857,0,Bench,35,70.0,50.0,,,35.0,0.0,5.0,94.0,97.0,98.0,95.5000000000000000,1,,1.0,,-1.0,0,59.60000000000001,2.265100671140939,0.9395973154362415,,2.8691275167785233,,,19.0,3.0,0,1,1,4,24,0,0.0,0.0,0.0
8316,2023,Chase Hampton,SP,sa3020682,0,Bench,35,60.0,,55.0,40.0,45.0,5.0,15.0,93.0,96.0,97.0,94.5000000000000000,2,,1.0,,1.0,0,,,,,,,,,,0,0,0,1,20,0,0.0,0.0,0.0
9297,2023,Chris Campos,SP,sa3020396,0,Bench,35,55.0,,55.0,45.0,45.0,15.0,15.0,90.0,94.0,95.0,92.0000000000000000,2,,1.0,,,0,7.1,5.070422535211268,0.8450704225352114,,1.267605633802817,,,1.0,1.0,0,0,0,2,21,0,0.0,0.0,0.0
8946,2023,Cole Paplham,DH,sa3020749,0,Bench,35,60.0,60.0,,,30.0,0.0,10.0,96.0,98.0,99.0,97.0000000000000000,2,1.0,,,-1.0,0,,,,,,,,,,0,0,0,1,22,0,0.0,0.0,0.0
9406,2023,Cole Waites,DH,25665,0,Bench,35,70.0,45.0,,,30.0,0.0,0.0,96.0,99.0,100.0,97.5000000000000000,1,2.0,1.0,,-1.0,0,40.5,2.0,1.1604938271604939,,4.888888888888889,,,22.0,1.0,1,1,1,5,24,0,0.0,-5.0,0.0
8927,2023,Connor Cooke,DH,sa3017822,0,Bench,35,50.0,55.0,,50.0,50.0,5.0,20.0,92.0,94.0,97.0,93.0000000000000000,1,,1.0,,1.0,0,54.20000000000001,5.47970479704797,1.2915129151291511,,2.822878228782287,,,17.0,5.0,0,0,1,3,22,0,0.0,0.0,0.0
8595,2023,Connor Noland,SP,sa3020834,0,Bench,35,40.0,60.0,,50.0,50.0,10.0,20.0,89.0,92.0,94.0,90.5000000000000000,1,1.0,1.0,,1.0,0,,,,,,,,,,0,0,0,1,22,0,0.0,0.0,0.0
9237,2023,Dalton Rogers,RP,sa3020479,0,Bench,35,50.0,45.0,45.0,55.0,40.0,0.0,10.0,91.0,94.0,95.0,92.5000000000000000,1,-1.0,,,1.0,0,2.0,9.0,2.0,,9.0,,,2.0,0.0,0,0,0,1,21,0,0.0,0.0,0.0
8865,2023,Daniel Robert,DH,21229,0,Bench,35,50.0,60.0,,,40.0,0.0,0.0,95.0,97.0,99.0,96.0000000000000000,1,1.0,-1.0,,-1.0,1,36.10000000000001,6.73130193905817,1.6620498614958445,,6.73130193905817,,,27.0,3.0,1,0,0,5,27,0,-5.0,0.0,2.0
9112,2023,Darren Bowen,DH,sa3020945,0,Bench,35,60.0,60.0,,50.0,50.0,5.0,20.0,94.0,95.0,96.0,94.5000000000000000,2,2.0,1.0,,1.0,0,,,,,,,,,,0,0,0,1,21,0,0.0,0.0,0.0
9248,2023,Doug Nikhazy,SP,30142,0,Bench,35,45.0,55.0,55.0,40.0,40.0,5.0,10.0,89.0,91.0,95.0,90.0000000000000000,2,-1.0,1.0,,,0,97.89999999999999,4.136874361593463,1.5526046986721145,,7.262512768130747,,,79.0,9.0,0,1,1,4,22,-5,0.0,-15.0,0.0
9130,2023,Eduarniel Núñez,DH,23162,0,Bench,35,70.0,,70.0,,30.0,0.0,10.0,97.0,99.0,100.0,98.0000000000000000,2,,1.0,,-2.0,0,50.30000000000001,5.009940357852882,1.829025844930417,,6.978131212723657,,,39.0,2.0,0,1,1,4,23,0,0.0,0.0,0.0
8874,2023,Eric Adler,DH,sa3020592,0,Bench,35,60.0,60.0,60.0,,35.0,5.0,15.0,92.0,95.0,98.0,93.5000000000000000,3,,1.0,,,0,4.2,6.428571428571428,3.333333333333333,,19.285714285714285,,,9.0,0.0,0,0,0,2,21,0,0.0,0.0,0.0
8324,2023,Gary Gill Hill,SP,sa3020972,0,Bench,35,55.0,55.0,,50.0,45.0,20.0,25.0,88.0,92.0,95.0,90.0000000000000000,2,1.0,1.0,,1.0,0,,,,,,,,,,0,0,0,1,17,0,0.0,0.0,0.0
8762,2023,Gerelmi Maldonado,DH,sa3016018,0,Bench,35,60.0,,55.0,,40.0,10.0,20.0,95.0,97.0,98.0,96.0000000000000000,2,1.0,,,,0,38.5,2.3376623376623376,1.3246753246753247,,4.441558441558442,,,19.0,3.0,0,0,0,1,18,0,0.0,-10.0,1.0
8458,2023,Isaiah Lowe,SP,sa3020864,0,Bench,35,50.0,60.0,,45.0,50.0,5.0,15.0,91.0,94.0,96.0,92.5000000000000000,1,-1.0,,,,0,,,,,,,,,,0,0,0,1,19,0,0.0,0.0,0.0
8734,2023,Jack Choate,RP,sa3020407,0,Bench,35,30.0,55.0,,55.0,55.0,0.0,20.0,90.0,92.0,94.0,91.0000000000000000,2,1.0,,,,0,3.3,2.7272727272727275,2.121212121212121,,13.636363636363637,,,5.0,0.0,0,0,0,1,21,0,0.0,0.0,0.0
9113,2023,Jacob Steinmetz,SP,sa3017976,0,Bench,35,50.0,,55.0,45.0,50.0,10.0,30.0,92.0,94.0,96.0,93.0000000000000000,1,1.0,,,-1.0,0,22.6,8.362831858407079,2.1238938053097343,,7.9646017699115035,,,20.0,1.0,0,0,0,1,18,0,0.0,0.0,2.0
8903,2023,Jared Johnson,DH,sa3011626,0,Bench,35,65.0,55.0,,,40.0,5.0,10.0,94.0,97.0,99.0,95.5000000000000000,2,1.0,,,1.0,0,,,,,,,,,,0,0,0,1,21,0,0.0,0.0,0.0
8318,2023,Jean Cabrera,SP,sa3015433,0,Bench,35,60.0,45.0,,50.0,45.0,10.0,15.0,92.0,94.0,97.0,93.0000000000000000,1,2.0,,,1.0,0,44.70000000000001,5.436241610738254,1.834451901565995,,5.637583892617449,,,28.0,8.0,0,0,0,2,20,0,0.0,0.0,-2.0
8440,2023,Jedixson Paez,SP,sa3016264,0,Bench,35,35.0,55.0,,60.0,60.0,5.0,35.0,87.0,91.0,93.0,89.0000000000000000,2,-1.0,1.0,,,0,56.300000000000004,3.6767317939609234,1.1545293072824157,,2.078152753108348,,,13.0,2.0,0,0,0,1,18,0,0.0,0.0,0.0
8202,2023,Jonah Tong,SP,32157,0,Bench,35,50.0,,60.0,,45.0,5.0,15.0,92.0,95.0,96.0,93.5000000000000000,1,,1.0,,1.0,0,,,,,,,,,,0,0,0,1,19,0,0.0,0.0,0.0
8779,2023,Jose Fleury,SP,sa3019255,0,Bench,35,55.0,50.0,55.0,55.0,55.0,15.0,25.0,87.0,91.0,92.0,89.0000000000000000,3,,1.0,,2.0,0,38.0,1.4210526315789473,0.8157894736842105,,0.9473684210526315,,,4.0,1.0,0,0,0,1,20,0,0.0,0.0,0.0
8505,2023,Kenya Huggins,SP,sa3020609,0,Bench,35,55.0,60.0,,,40.0,5.0,20.0,91.0,95.0,97.0,93.0000000000000000,2,-1.0,,,-1.0,0,1.0,0.0,2.0,,0.0,,,0.0,1.0,0,0,0,1,19,-5,5.0,0.0,0.0
8795,2023,Kevin Abel,RP,sa3017879,0,Bench,35,30.0,,55.0,60.0,45.0,0.0,15.0,90.0,92.0,94.0,91.0000000000000000,2,,,,,1,37.5,6.0,1.8933333333333333,,8.16,,,34.0,4.0,0,0,0,2,23,0,0.0,-10.0,1.0
9049,2023,Keythel Key,DH,sa3016282,0,Bench,35,55.0,,60.0,50.0,50.0,10.0,30.0,93.0,94.0,95.0,93.5000000000000000,2,,,,,0,1.2,22.5,1.6666666666666667,,15.0,,,2.0,0.0,0,0,0,1,18,0,0.0,0.0,0.0
8666,2023,Kyle Hurt,RP,27514,0,Bench,35,55.0,45.0,40.0,60.0,40.0,0.0,10.0,93.0,96.0,97.0,94.5000000000000000,2,1.0,-1.0,,1.0,0,69.10000000000001,5.4703328509406655,1.664254703328509,,7.68451519536903,,,59.0,4.0,0,1,1,4,24,0,0.0,0.0,0.0
8259,2023,Logan Henderson,SP,31475,0,Bench,35,50.0,45.0,,60.0,50.0,10.0,20.0,89.0,92.0,94.0,90.5000000000000000,1,-1.0,,,,0,13.2,4.090909090909091,1.590909090909091,,4.090909090909091,,,6.0,0.0,0,0,0,2,20,0,0.0,0.0,0.0
9425,2023,Marcus Johnson,SP,sa3020324,0,Bench,35,40.0,55.0,,50.0,50.0,10.0,20.0,92.0,94.0,95.0,93.0000000000000000,1,2.0,1.0,,,0,15.5,6.387096774193548,1.4838709677419355,,6.387096774193548,,,11.0,2.0,0,0,0,2,21,0,0.0,0.0,0.0
9153,2023,Marques Johnson,DH,sa3020741,0,Bench,35,55.0,60.0,,,40.0,0.0,10.0,93.0,95.0,97.0,94.0000000000000000,2,,,,,0,,,,,,,,,,0,0,0,1,21,0,0.0,0.0,0.0
8181,2023,Nolan McLean,SP,33703,0,Bench,35,60.0,50.0,,,45.0,0.0,15.0,93.0,97.0,98.0,95.0000000000000000,1,1.0,1.0,60.0,1.0,0,,,,,,,,,,0,0,0,1,20,0,0.0,0.0,0.0
9279,2023,Payton Martin,SP,sa3020869,0,Bench,35,50.0,,60.0,50.0,50.0,10.0,30.0,92.0,93.0,94.0,92.5000000000000000,1,,1.0,,1.0,0,,,,,,,,,,0,0,0,1,18,0,0.0,0.0,0.0
8433,2023,Pete Hansen,SP,sa3020798,0,Bench,35,40.0,55.0,50.0,50.0,55.0,10.0,20.0,88.0,92.0,94.0,90.0000000000000000,1,,,,1.0,0,,,,,,,,,,0,0,0,1,21,0,0.0,0.0,0.0
8936,2023,Peter Heubeck,DH,sa3017936,0,Bench,35,50.0,50.0,55.0,40.0,40.0,10.0,10.0,91.0,94.0,96.0,92.5000000000000000,1,1.0,1.0,,,0,29.799999999999997,7.852348993288591,1.5771812080536913,,7.550335570469799,,,25.0,7.0,0,0,0,2,19,-5,-10.0,0.0,0.0
9355,2023,Randel Clemente,DH,sa3016003,0,Bench,35,60.0,55.0,,,40.0,5.0,10.0,94.0,97.0,98.0,95.5000000000000000,2,2.0,,,-1.0,0,18.199999999999996,10.384615384615387,2.1428571428571432,,6.42857142857143,,,13.0,0.0,0,0,0,1,20,0,0.0,0.0,0.0
9334,2023,Reynaldo Yean,DH,sa3018303,0,Bench,35,60.0,60.0,,,35.0,0.0,15.0,95.0,98.0,100.0,96.5000000000000000,2,-1.0,-1.0,,,0,23.4,3.076923076923077,1.0683760683760684,,5.384615384615385,,,14.0,1.0,0,0,0,1,18,0,0.0,0.0,0.0
9104,2023,Ryan Cusick,DH,sa3017385,0,Bench,35,45.0,60.0,,,35.0,0.0,5.0,92.0,93.0,96.0,92.5000000000000000,1,-1.0,,,-1.0,0,,,,,,,,,,0,0,0,1,,-10,-25.0,0.0,-4.0
9041,2023,Ryan Jennings,DH,sa3020634,0,Bench,35,60.0,60.0,,,35.0,5.0,5.0,94.0,95.0,99.0,94.5000000000000000,2,,,,,0,8.1,2.2222222222222223,1.6049382716049383,,6.666666666666667,,,6.0,1.0,0,0,0,2,23,0,0.0,0.0,0.0
9009,2023,Skylar Hales,DH,sa3022739,0,Bench,35,55.0,60.0,,,45.0,5.0,15.0,92.0,95.0,97.0,93.5000000000000000,2,1.0,,,-1.0,0,,,,,,,,,,0,0,0,1,20,0,0.0,0.0,0.0
8870,2023,Spencer Giesting,RP,sa3020402,0,Bench,35,50.0,60.0,,40.0,50.0,10.0,20.0,88.0,92.0,95.0,90.0000000000000000,1,2.0,1.0,,-1.0,0,13.7,7.883211678832117,1.7518248175182483,,6.569343065693431,,,10.0,3.0,0,0,0,2,20,0,0.0,0.0,0.0
8333,2023,Tanner McDougal,SP,sa3017471,0,Bench,35,50.0,50.0,,50.0,50.0,10.0,30.0,90.0,92.0,94.0,91.0000000000000000,0,,-1.0,,,1,,,,,,,,,,0,0,0,1,19,0,0.0,0.0,0.0
8897,2023,T.J. Brock,DH,sa3020079,0,Bench,35,60.0,60.0,,,35.0,5.0,5.0,93.0,96.0,99.0,94.5000000000000000,2,-1.0,-1.0,,-1.0,0,11.4,5.526315789473684,1.6666666666666665,,4.7368421052631575,,,6.0,1.0,0,0,1,3,22,0,0.0,0.0,0.0
9092,2023,Trace Bright,SP,sa3020558,0,Bench,35,60.0,45.0,55.0,45.0,40.0,5.0,10.0,92.0,94.0,98.0,93.0000000000000000,2,1.0,,,-1.0,0,9.2,1.956521739130435,0.6521739130434783,,3.91304347826087,,,4.0,0.0,0,0,0,2,21,0,0.0,0.0,0.0
8900,2023,Travis Adams,SP,30180,0,Bench,35,50.0,,45.0,55.0,50.0,0.0,0.0,92.0,94.0,96.0,93.0000000000000000,1,1.0,,,,0,99.5,3.979899497487437,1.1758793969849246,,2.351758793969849,,,26.0,8.0,0,0,1,3,22,0,0.0,0.0,0.0
9347,2023,Trevor Martin,SP,sa3020608,0,Bench,35,60.0,55.0,45.0,40.0,40.0,5.0,10.0,92.0,95.0,98.0,93.5000000000000000,2,-1.0,-1.0,,-1.0,0,1.0,0.0,2.0,,9.0,,,1.0,0.0,0,0,0,1,21,0,0.0,0.0,0.0
8662,2023,Tyler Gough,SP,sa3020865,0,Bench,35,50.0,50.0,50.0,60.0,45.0,5.0,15.0,90.0,91.0,94.0,90.5000000000000000,1,-1.0,,,1.0,0,,,,,,,,,,0,0,0,1,18,0,0.0,0.0,0.0
8538,2023,Tyler Mattison,DH,sa3018117,0,Bench,35,50.0,,55.0,55.0,40.0,0.0,10.0,92.0,95.0,96.0,93.5000000000000000,2,1.0,,,-1.0,0,37.099999999999994,4.851752021563343,1.293800539083558,,4.609164420485176,,,19.0,2.0,0,0,0,2,22,0,-5.0,0.0,0.0
8843,2023,Tyler Stuart,SP,sa3020264,0,Bench,35,55.0,55.0,,50.0,45.0,0.0,15.0,92.0,94.0,96.0,93.0000000000000000,2,1.0,,,,0,3.2,11.25,2.1875,,8.4375,,,3.0,0.0,0,0,0,2,22,0,0.0,5.0,-2.0
8502,2023,Yunior Marte,SP,sa3018367,0,Bench,35,55.0,45.0,55.0,50.0,50.0,10.0,30.0,93.0,95.0,96.0,94.0000000000000000,2,1.0,,,1.0,0,18.5,5.837837837837838,1.5675675675675675,,1.4594594594594594,,,3.0,1.0,0,0,0,1,18,0,0.0,0.0,0.0
