name,mlb_player_id,organization,position,pitches_faced_2025,games_as_batter_2025,pitches_faced_2024,games_as_batter_2024,pitches_faced_2023,games_as_batter_2023,pitches_thrown_2025,games_as_pitcher_2025,pitches_thrown_2024,games_as_pitcher_2024,pitches_thrown_2023,games_as_pitcher_2023,plate_appearances_2025,pa_games_2025,plate_appearances_2024,pa_games_2024,plate_appearances_2023,pa_games_2023,total_pitches_faced,total_pitches_thrown,total_plate_appearances
Spencer Jones,682987,NYY,CF,2177,116,2271,122,2156,117,0,0,0,0,0,0,507,116,549,122,541,117,6604,0,1597
Nathan Martorella,687210,MIA,1B,2044,133,2003,127,2221,135,0,0,0,0,0,0,551,133,527,127,585,135,6268,0,1663
Wilfred Veras,691442,CHW,RF,1791,111,1957,128,1996,130,0,0,0,0,0,0,466,111,537,128,565,130,5744,0,1568
Cooper Kinney,695692,TBR,2B,1875,116,1369,87,1816,121,0,0,0,0,0,0,505,116,362,87,506,121,5060,0,1373
Tanner Schobel,802355,MIN,SS,0,0,2013,121,2252,126,0,0,0,0,0,0,339,76,523,121,557,126,4265,0,1419
Kala'i Rosario,693850,MIN,RF,2387,130,0,0,2069,113,0,0,0,0,0,0,581,130,0,0,533,118,4456,0,1114
Joe Mack,691788,MIA,C,1814,112,2073,125,0,0,0,0,0,0,0,0,471,112,539,125,504,120,3887,0,1514
Nelson Rada,703185,LAA,CF,2388,134,1911,120,0,0,0,0,0,0,0,0,591,134,504,120,0,0,4299,0,1095
T.J. Rumfield,681198,NYY,1B,2283,138,1992,122,0,0,0,0,0,0,0,0,591,138,515,122,0,0,4275,0,1106
Ryan Clifford,691775,NYM,RF,2405,139,2374,129,0,0,0,0,0,0,0,0,580,139,3,1,4,2,4779,0,587
Juan Brito,682877,CLE,2B,0,0,2504,144,2152,127,0,0,0,0,0,0,0,0,4,1,556,127,4656,0,560
Luis Lara,800325,MIL,CF,2336,136,1735,110,0,0,0,0,0,0,0,0,618,136,496,110,1,1,4071,0,1115
Termarr Johnson,702261,PIT,2B,1944,119,2188,124,0,0,0,0,0,0,0,0,504,119,546,124,0,0,4132,0,1050
Jett Williams,702518,NYM,CF,2252,130,18,1,2287,121,0,0,0,0,0,0,577,130,1,1,1,1,4557,0,579
Pedro Ramirez,699393,CHC,3B,2182,128,1869,115,0,0,0,0,0,0,0,0,566,128,517,115,0,0,4051,0,1083
Roderick Arias,703149,NYY,SS,1862,103,2205,124,0,0,0,0,0,0,0,0,467,103,555,124,0,0,4067,0,1022
Sebastian Walcott,806964,TEX,SS,2108,124,1930,121,0,0,0,0,0,0,0,0,553,124,495,116,0,0,4038,0,1048
Will Simpson,687310,TBR,1B,1934,118,2092,127,0,0,0,0,0,0,0,0,481,118,552,127,0,0,4026,0,1033
Charles McAdoo,807727,TOR,3B,1959,121,2035,124,0,0,0,0,0,0,0,0,494,121,521,124,0,0,3994,0,1015
Max Anderson,801194,DET,2B,1901,122,1989,126,0,0,0,0,0,0,0,0,554,122,554,126,0,0,3890,0,1108
Héctor  Rodríguez,699302,CIN,RF,2042,134,1804,123,0,0,0,0,0,0,0,0,577,134,542,124,0,0,3846,0,1119
Sterlin Thompson,694514,COL,LF,1980,120,1917,118,0,0,0,0,0,0,0,0,515,120,518,118,2,1,3897,0,1035
BJ Murray Jr.,681230,CHC,3B,2181,125,19,1,2179,124,0,0,0,0,0,0,541,125,2,1,4,1,4379,0,547
Romeo Sanabria,703804,SDP,1B,1896,119,2253,125,0,0,0,0,0,0,0,0,501,119,276,66,0,0,4149,0,777
Braylen Wimmer,687918,COL,SS,1953,130,1842,117,0,0,0,0,0,0,0,0,574,130,532,117,0,0,3795,0,1106
Jared Serna,691858,MIA,SS,0,0,2209,133,2090,122,0,0,0,0,0,0,0,0,594,133,1,1,4299,0,595
Cristian Hernandez,694183,CHC,SS,1885,115,1945,117,0,0,0,0,0,0,0,0,507,115,516,117,0,0,3830,0,1023
Edwin Arroyo,695490,CIN,SS,1758,120,0,0,1991,123,0,0,0,0,0,0,525,120,0,0,556,123,3749,0,1081
Gabriel Gonzalez,694224,MIN,RF,1905,123,0,0,1837,116,0,0,0,0,0,0,551,123,0,0,537,116,3742,0,1088
Jacob Gonzalez,694378,CHW,SS,2106,134,2166,130,0,0,0,0,0,0,0,0,544,134,1,1,0,0,4272,0,545
Sam Brown,694848,WSN,1B,1918,126,1841,124,0,0,0,0,0,0,0,0,511,126,509,124,0,0,3759,0,1020
Aeverson Arteaga,692348,SFG,SS,1789,132,0,0,1935,125,0,0,0,0,0,0,477,132,0,0,547,125,3724,0,1024
Ben Ross,805346,MIN,SS,1875,118,1864,117,0,0,0,0,0,0,0,0,493,118,462,117,0,0,3739,0,955
César Prieto,693409,STL,2B,0,0,1768,126,1809,122,0,0,0,0,0,0,0,0,535,126,544,123,3577,0,1079
Jay Allen II,695481,CIN,CF,1859,118,1805,108,0,0,0,0,0,0,0,0,485,118,458,108,5,1,3664,0,948
Jadher Areinamo,699130,TBR,2B,2084,131,1681,110,0,0,0,0,0,0,0,0,364,83,471,110,0,0,3765,0,835
Nick Morabito,703492,NYM,OF,1536,96,2037,119,0,0,0,0,0,0,0,0,493,117,530,119,0,0,3573,0,1023
Andy Perez,700321,COL,SS,1639,126,1805,125,0,0,0,0,0,0,0,0,535,126,66,16,502,117,3444,0,1103
James Triantos,701649,CHC,2B,1779,108,1703,112,0,0,0,0,0,0,0,0,483,108,486,112,0,0,3482,0,969
Jud Fabian,682983,BAL,CF,0,0,2126,126,1344,68,0,0,0,0,0,0,445,108,5,1,526,120,3470,0,976
Leo Balcazar,699114,CIN,SS,1969,126,1487,102,0,0,0,0,0,0,0,0,562,126,411,102,0,0,3456,0,973
Matt Koperniak,689288,STL,LF,0,0,2067,122,2259,129,0,0,0,0,0,0,0,0,1,1,1,1,4326,0,2
Cameron Cauley,695508,TEX,SS,1823,113,1528,93,0,0,0,0,0,0,0,0,492,113,406,93,0,0,3351,0,898
Jefferson Rojas,800473,CHC,SS,1791,106,1535,96,0,0,0,0,0,0,0,0,474,106,420,96,0,0,3326,0,894
Blaze Jordan,691458,STL,1B,1958,129,0,0,1719,122,0,0,0,0,0,0,538,127,0,0,2,1,3677,0,540
Carlos Jorge,699115,CIN,CF,1819,106,1513,95,0,0,0,0,0,0,0,0,471,106,404,95,1,1,3332,0,876
William Bergolla,703151,CHW,SS,1789,125,1285,88,0,0,0,0,0,0,0,0,553,125,358,88,0,0,3074,0,911
Lazaro Montes,703155,SEA,RF,2417,131,942,51,0,0,0,0,0,0,0,0,295,66,233,51,0,0,3359,0,528
Joshua Baez,695491,STL,RF,1948,117,1006,71,0,0,0,0,0,0,0,0,505,117,261,71,0,0,2954,0,766
Noah Miller,695653,LAD,SS,0,0,2177,134,0,0,0,0,0,0,0,0,386,94,594,134,526,119,2177,0,1506
Yohendrick Pinango,682818,TOR,LF,2306,131,620,38,0,0,0,0,0,0,0,0,536,131,154,38,0,0,2926,0,690
Spencer Packard,689070,SEA,LF,0,0,0,0,2215,121,0,0,0,0,0,0,495,116,0,0,550,121,2215,0,1045
Gleider Figueroa,699213,TEX,3B,1767,113,773,54,0,0,0,0,0,0,0,0,469,113,214,54,0,0,2540,0,683
Jonathon Long,675085,CHC,1B,2585,140,17,1,0,0,0,0,0,0,0,0,607,140,1,1,0,0,2602,0,608
Henry Bolte,703607,ATH,RF,0,0,2114,123,0,0,0,0,0,0,0,0,457,105,547,123,0,0,2114,0,1004
Robert Moore,691001,PHI,SS,0,0,15,1,2152,123,0,0,0,0,0,0,354,88,2,1,566,123,2167,0,922
George Lombard Jr.,806146,NYY,SS,2478,132,0,0,0,0,0,0,0,0,0,0,584,132,0,0,0,0,2478,0,584
Junior Perez,678577,ATH,OF,2443,136,13,1,0,0,0,0,0,0,0,0,590,136,2,1,1,1,2456,0,593
Ryan Waldschmidt,814439,ARI,LF,2404,134,0,0,0,0,0,0,0,0,0,0,604,134,0,0,0,0,2404,0,604
Eduardo Garcia,682633,MIL,SS,2121,129,11,1,0,0,0,0,0,0,0,0,542,129,1,1,330,79,2132,0,873
Brock Rodden,801126,SEA,2B,0,0,2282,130,0,0,0,0,0,0,0,0,163,37,535,120,0,0,2282,0,698
Jonah Cox,813841,SFG,CF,2351,126,0,0,0,0,0,0,0,0,0,0,599,126,0,0,0,0,2351,0,599
Kevin Kilpatrick Jr.,687201,ATL,CF,0,0,2052,116,0,0,0,0,0,0,0,0,353,97,537,116,1,1,2052,0,891
Andrew Navigato,685382,DET,SS,0,0,2035,130,0,0,0,0,0,0,0,0,378,98,521,130,1,1,2035,0,900
Hao-Yu Lee,701678,DET,2B,2319,126,0,0,0,0,0,0,0,0,0,0,581,126,0,0,3,1,2319,0,584
Cristofer Torin,800198,ARI,2B,2330,125,0,0,0,0,0,0,0,0,0,0,572,125,0,0,0,0,2330,0,572
Tyler Black,672012,MIL,1B,0,0,0,0,2323,123,0,0,0,0,0,0,0,0,0,0,558,123,2323,0,558
Colt Emerson,806068,SEA,SS,2276,130,0,0,0,0,0,0,0,0,0,0,602,130,0,0,0,0,2276,0,602
James Tibbs III,696486,LAD,RF,2279,123,21,1,0,0,0,0,0,0,0,0,564,123,2,1,0,0,2300,0,566
Blake Burke,695501,MIL,1B,2278,132,0,0,0,0,0,0,0,0,0,0,568,132,0,0,0,0,2278,0,568
Brett Bateman,703520,CHC,CF,0,0,1949,107,0,0,0,0,0,0,0,0,398,93,488,107,0,0,1949,0,886
Diego Velasquez,694196,SFG,SS,2222,128,24,1,0,0,0,0,0,0,0,0,566,128,3,1,0,0,2246,0,569
Javier Vaz,805834,KCR,2B,1820,102,0,0,0,0,0,0,0,0,0,0,472,102,0,0,521,118,1820,0,993
Jorbit Vivas,678391,NYY,2B,0,0,14,1,2177,135,0,0,0,0,0,0,0,0,1,1,613,135,2191,0,614
Yohandy Morales,691002,WSN,1B,2225,128,0,0,0,0,0,0,0,0,0,0,578,128,0,0,0,0,2225,0,578
David McCabe,678173,ATL,3B,2224,133,20,1,0,0,0,0,0,0,0,0,550,133,3,1,1,1,2244,0,554
Zyhir Hope,814307,LAD,RF,2219,126,0,0,0,0,0,0,0,0,0,0,548,126,0,0,0,0,2219,0,548
Zach Ehrhard,701394,LAD,RF,2220,123,0,0,0,0,0,0,0,0,0,0,539,123,0,0,0,0,2220,0,539
Roberto Campos,691449,DET,RF,0,0,1855,118,0,0,0,0,0,0,0,0,405,101,485,118,0,0,1855,0,890
Abimelec  Ortiz,694673,TEX,1B,2150,130,19,1,0,0,0,0,0,0,0,0,561,130,1,1,0,0,2169,0,562
Owen Caissie,683357,CHC,RF,0,0,2169,126,0,0,0,0,0,0,0,0,0,0,550,126,3,1,2169,0,553
Brendan Jones,800957,NYY,OF,2141,124,23,1,0,0,0,0,0,0,0,0,552,124,4,1,0,0,2164,0,556
Jeral Perez,800419,CHW,2B,2176,124,0,0,0,0,0,0,0,0,0,0,539,124,0,0,0,0,2176,0,539
Ralphy Velazquez,806252,CLE,1B,2169,122,0,0,0,0,0,0,0,0,0,0,545,122,0,0,0,0,2169,0,545
Charlie Szykowny,805126,SFG,3B,2151,124,0,0,0,0,0,0,0,0,0,0,552,124,0,0,0,0,2151,0,552
Slade Caldwell,815154,ARI,CF,2185,113,0,0,0,0,0,0,0,0,0,0,518,113,0,0,0,0,2185,0,518
Tommy Troy,694371,ARI,SS,2118,125,0,0,0,0,0,0,0,0,0,0,584,125,0,0,0,0,2118,0,584
Justin Foscue,679822,TEX,1B,0,0,0,0,2130,122,0,0,0,0,0,0,0,0,0,0,564,122,2130,0,564
Tai Peete,806191,SEA,CF,2161,125,0,0,0,0,0,0,0,0,0,0,533,125,0,0,0,0,2161,0,533
Deyvison De Los Santos,691277,MIA,DH,0,0,2104,137,0,0,0,0,0,0,0,0,0,0,586,137,0,0,2104,0,586
Josh Kuroda-Grauer,811965,ATH,2B,2135,121,0,0,0,0,0,0,0,0,0,0,550,121,0,0,0,0,2135,0,550
A.J. Ewing,805999,NYM,CF,2114,124,0,0,0,0,0,0,0,0,0,0,570,124,0,0,0,0,2114,0,570
Dylan Beavers,687637,BAL,CF,0,0,2145,123,0,0,0,0,0,0,0,0,0,0,537,123,1,1,2145,0,538
Josh Kasevich,688460,TOR,SS,0,0,1953,128,0,0,0,0,0,0,0,0,160,42,567,128,0,0,1953,0,727
Kyle DeBarge,814414,MIN,SS,2132,121,0,0,0,0,0,0,0,0,0,0,545,121,0,0,0,0,2132,0,545
Seaver King,814409,WSN,SS,2122,125,0,0,0,0,0,0,0,0,0,0,554,125,0,0,0,0,2122,0,554
Sean Keys,815873,TOR,3B,2138,119,0,0,0,0,0,0,0,0,0,0,531,119,0,0,0,0,2138,0,531
Druw Jones,702258,ARI,CF,2120,122,0,0,0,0,0,0,0,0,0,0,548,122,0,0,0,0,2120,0,548
Christian Franklin,681047,WSN,CF,2117,117,0,0,0,0,0,0,0,0,0,0,537,117,0,0,0,0,2117,0,537
Logan Wagner,702488,LAD,3B,2117,122,0,0,0,0,0,0,0,0,0,0,535,122,0,0,0,0,2117,0,535
Cole Carrigg,694249,COL,CF,2089,122,14,1,0,0,0,0,0,0,0,0,540,122,1,1,0,0,2103,0,541
Ryan Lasko,805782,ATH,CF,0,0,2261,123,0,0,0,0,0,0,0,0,376,89,1,1,0,0,2261,0,377
Colton Ledbetter,807742,TBR,CF,2099,123,0,0,0,0,0,0,0,0,0,0,537,123,0,0,0,0,2099,0,537
Jared Thomas,703606,COL,LF,2096,118,0,0,0,0,0,0,0,0,0,0,538,118,0,0,0,0,2096,0,538
Tanner Murray,695020,TBR,2B,2056,137,0,0,0,0,0,0,0,0,0,0,573,137,0,0,2,1,2056,0,575
Samuel Munoz,703153,LAD,LF,2097,116,0,0,0,0,0,0,0,0,0,0,522,116,0,0,0,0,2097,0,522
Cooper Ingle,694876,CLE,C,2105,120,0,0,0,0,0,0,0,0,0,0,512,120,0,0,0,0,2105,0,512
Nate Nankil,694977,ATH,RF,2046,124,11,1,0,0,0,0,0,0,0,0,537,124,1,1,0,0,2057,0,538
Keiner Delgado,700731,PIT,SS,2070,120,0,0,0,0,0,0,0,0,0,0,515,120,0,0,0,0,2070,0,515
Cooper Pratt,806198,MIL,SS,2048,120,0,0,0,0,0,0,0,0,0,0,530,120,0,0,0,0,2048,0,530
Tsung-Che Cheng,691907,PIT,SS,0,0,2051,123,0,0,0,0,0,0,0,0,0,0,522,123,1,1,2051,0,523
Eric Bitonti,800724,MIL,1B,2063,117,0,0,0,0,0,0,0,0,0,0,509,117,0,0,0,0,2063,0,509
Carson DeMartini,701831,PHI,3B,2045,119,0,0,0,0,0,0,0,0,0,0,523,119,0,0,0,0,2045,0,523
Carson Benge,701807,NYM,CF,2044,116,0,0,0,0,0,0,0,0,0,0,519,116,0,0,0,0,2044,0,519
Homer Bush Jr.,683344,TBR,CF,2015,121,0,0,0,0,0,0,0,0,0,0,548,121,0,0,0,0,2015,0,548
Jorge Barrosa,678489,ARI,CF,0,0,0,0,2053,120,0,0,0,0,0,0,0,0,0,0,503,120,2053,0,503
Émilien Pitre,692150,TBR,2B,2025,118,0,0,0,0,0,0,0,0,0,0,528,118,0,0,0,0,2025,0,528
Joseph Sullivan,813896,HOU,LF,2070,106,0,0,0,0,0,0,0,0,0,0,482,106,0,0,0,0,2070,0,482
Griff O'Ferrall,803172,BAL,SS,2030,121,0,0,0,0,0,0,0,0,0,0,518,121,0,0,0,0,2030,0,518
Jacob Reimer,702544,NYM,3B,2018,122,0,0,0,0,0,0,0,0,0,0,525,122,0,0,0,0,2018,0,525
Kendall George,806077,LAD,CF,2027,111,0,0,0,0,0,0,0,0,0,0,516,111,0,0,0,0,2027,0,516
Bo Davidson,815589,SFG,CF,2014,114,0,0,0,0,0,0,0,0,0,0,525,114,0,0,0,0,2014,0,525
Callan Moss,801978,PIT,1B,2012,122,0,0,0,0,0,0,0,0,0,0,526,122,0,0,0,0,2012,0,526
Gabriel Rincones Jr.,687282,PHI,LF,2012,119,0,0,0,0,0,0,0,0,0,0,506,119,0,0,1,1,2012,0,507
Michael Arroyo,703197,SEA,2B,0,0,2217,120,0,0,0,0,0,0,0,0,0,0,290,60,0,0,2217,0,290
Nelly Taylor,807511,BOS,CF,2028,108,0,0,0,0,0,0,0,0,0,0,476,108,0,0,0,0,2028,0,476
Lisbel Diaz,815464,SFG,RF,1937,122,0,0,0,0,0,0,0,0,0,0,563,122,0,0,0,0,1937,0,563
Austin Charles,800051,KCR,3B,0,0,1780,117,0,0,0,0,0,0,0,0,234,58,485,117,0,0,1780,0,719
Brandon Butterworth,822578,BAL,SS,1973,122,0,0,0,0,0,0,0,0,0,0,523,122,0,0,0,0,1973,0,523
Aroon Escobar,800169,PHI,2B,1954,120,0,0,0,0,0,0,0,0,0,0,540,120,0,0,0,0,1954,0,540
Cam Devanney,687478,PIT,SS,0,0,1965,135,0,0,0,0,0,0,0,0,0,0,525,135,2,1,1965,0,527
Braden Montgomery,695731,CHW,RF,1951,121,0,0,0,0,0,0,0,0,0,0,519,121,0,0,0,0,1951,0,519
Chris Suero,801523,NYM,C,1993,114,0,0,0,0,0,0,0,0,0,0,476,114,0,0,0,0,1993,0,476
Jose Devers,691410,CLE,SS,1945,119,0,0,0,0,0,0,0,0,0,0,517,119,0,0,0,0,1945,0,517
Kaelen Culpepper,701785,MIN,SS,1944,113,0,0,0,0,0,0,0,0,0,0,518,113,0,0,0,0,1944,0,518
Jose Fernandez,699912,ARI,SS,193,12,1362,103,0,0,0,0,0,0,0,0,511,122,394,103,0,0,1555,0,905
John Peck,807726,DET,SS,1938,115,0,0,0,0,0,0,0,0,0,0,521,115,0,0,0,0,1938,0,521
Dylan Dreiling,702662,TEX,LF,1975,110,0,0,0,0,0,0,0,0,0,0,483,110,0,0,0,0,1975,0,483
Billy Cook,695257,PIT,CF,0,0,1959,114,0,0,0,0,0,0,0,0,0,0,496,114,0,0,1959,0,496
Kemp Alderman,694580,MIA,LF,1913,130,0,0,0,0,0,0,0,0,0,0,539,130,0,0,0,0,1913,0,539
Asbel Gonzalez,808706,KCR,CF,1943,114,0,0,0,0,0,0,0,0,0,0,508,114,0,0,0,0,1943,0,508
Justin Crawford,702222,PHI,CF,1938,111,0,0,0,0,0,0,0,0,0,0,511,111,0,0,1,1,1938,0,512
Austin Overn,702556,BAL,CF,1937,113,18,1,0,0,0,0,0,0,0,0,479,113,4,1,0,0,1955,0,483
Luis Baez,800232,HOU,1B,0,0,1692,106,0,0,0,0,0,0,0,0,274,65,470,106,0,0,1692,0,744
LuJames Groover,694410,ARI,3B,2097,123,0,0,0,0,0,0,0,0,0,0,339,77,0,0,0,0,2097,0,339
Dylan Campbell,694749,PHI,RF,1905,122,0,0,0,0,0,0,0,0,0,0,516,122,0,0,0,0,1905,0,516
Brandon Valenzuela,678218,TOR,C,1921,113,13,1,0,0,0,0,0,0,0,0,481,113,1,1,0,0,1934,0,482
Caleb Bonemer,815352,CHW,3B,1935,107,0,0,0,0,0,0,0,0,0,0,479,107,0,0,0,0,1935,0,479
Moisés Ballesteros,694208,CHC,C,0,0,1898,124,0,0,0,0,0,0,0,0,0,0,509,124,0,0,1898,0,509
Xavier Isaac,800060,TBR,1B,0,0,1787,102,0,0,0,0,0,0,0,0,175,41,437,102,0,0,1787,0,612
Filippo Di Turi,806995,MIL,SS,1912,116,0,0,0,0,0,0,0,0,0,0,484,116,0,0,0,0,1912,0,484
Jeremy Rodriguez,807007,NYM,SS,1886,110,0,0,0,0,0,0,0,0,0,0,494,110,0,0,0,0,1886,0,494
Carter Johnson,815793,MIA,SS,1906,106,0,0,0,0,0,0,0,0,0,0,469,106,0,0,0,0,1906,0,469
Yordany De Los Santos,703154,PIT,SS,1855,116,0,0,0,0,0,0,0,0,0,0,517,116,0,0,0,0,1855,0,517
Kavares Tears,701837,SDP,RF,1894,107,0,0,0,0,0,0,0,0,0,0,476,107,0,0,0,0,1894,0,476
Frederick Bencosme,695930,BAL,SS,0,0,1863,124,0,0,0,0,0,0,0,0,0,0,506,124,0,0,1863,0,506
Brandon Winokur,806263,MIN,RF,1980,122,0,0,0,0,0,0,0,0,0,0,387,88,0,0,0,0,1980,0,387
Josh Rivera,687069,TOR,SS,1919,119,0,0,0,0,0,0,0,0,0,0,442,119,0,0,0,0,1919,0,442
Gregory Barrios,699126,TBR,SS,0,0,1569,103,0,0,0,0,0,0,0,0,333,88,455,103,0,0,1569,0,788
Kelvin Hidalgo,800193,COL,SS,1839,115,0,0,0,0,0,0,0,0,0,0,507,115,0,0,0,0,1839,0,507
Omar Alfonzo,692657,PIT,C,1858,115,0,0,0,0,0,0,0,0,0,0,479,115,0,0,0,0,1858,0,479
Hendry Mendez,694230,MIN,LF,1812,118,23,1,0,0,0,0,0,0,0,0,492,118,1,1,0,0,1835,0,493
Yiddi Cappe,691268,MIA,LF,0,0,0,0,1806,122,0,0,0,0,0,0,0,0,0,0,517,117,1806,0,517
Marco Vargas,804614,NYM,SS,1847,108,0,0,0,0,0,0,0,0,0,0,466,108,0,0,0,0,1847,0,466
Yerlin Confidan,691398,CIN,RF,1818,111,0,0,0,0,0,0,0,0,0,0,478,111,0,0,0,0,1818,0,478
Creed Willems,695735,BAL,C,0,0,1460,98,0,0,0,0,0,0,0,0,436,105,397,98,0,0,1460,0,833
John Gil,808535,ATL,SS,1790,107,0,0,0,0,0,0,0,0,0,0,493,107,0,0,0,0,1790,0,493
Franklin Arias,808265,BOS,SS,1717,116,0,0,0,0,0,0,0,0,0,0,526,116,0,0,0,0,1717,0,526
Felnin Celesten,806958,SEA,SS,1764,104,0,0,0,0,0,0,0,0,0,0,474,104,0,0,0,0,1764,0,474
Yoeilin Cespedes,806985,BOS,2B,1739,110,0,0,0,0,0,0,0,0,0,0,477,110,0,0,0,0,1739,0,477
Marvin Alcantara,800421,BOS,SS,1706,118,0,0,0,0,0,0,0,0,0,0,490,118,0,0,0,0,1706,0,490
Dante Nori,807276,PHI,CF,2067,125,0,0,0,0,0,0,0,0,0,0,75,16,0,0,0,0,2067,0,75
Jhonny Severino,703177,PIT,SS,1666,112,0,0,0,0,0,0,0,0,0,0,470,112,0,0,0,0,1666,0,470
Cooper Bowman,688682,ATH,CF,0,0,1420,85,0,0,0,0,0,0,0,0,326,77,367,85,0,0,1420,0,693
Carson McCusker,676812,MIN,RF,0,0,2016,122,0,0,0,0,0,0,0,0,0,0,1,1,0,0,2016,0,1
Juan Matheus,801276,NYY,SS,1871,123,0,0,0,0,0,0,0,0,0,0,126,28,0,0,0,0,1871,0,126
Alfonsin Rosario,806210,CLE,RF,1395,81,0,0,0,0,0,0,0,0,0,0,501,115,0,0,0,0,1395,0,501
Tyler Callihan,682997,CIN,2B,0,0,0,0,1195,79,0,0,0,0,0,0,0,0,0,0,550,130,1195,0,550
Josue De Paula,800543,LAD,RF,0,0,920,52,0,0,0,0,0,0,0,0,450,102,231,52,0,0,920,0,681
Luis Suisbel,692044,SEA,3B,0,0,508,27,0,0,0,0,0,0,0,0,494,113,554,119,0,0,508,0,1048
Max Clark,703601,DET,CF,85,5,601,34,0,0,0,0,0,0,0,0,534,111,158,34,0,0,686,0,692
Reed Trimble,701655,BAL,CF,0,0,636,41,0,0,0,0,0,0,0,0,364,89,170,41,0,0,636,0,534
Erick Mejia,625510,WSN,DH,0,0,418,26,0,0,0,0,0,0,0,0,0,0,203,54,305,77,418,0,508
Aron Estrada,800406,BAL,2B,0,0,346,25,0,0,0,0,0,0,0,0,443,107,98,25,0,0,346,0,541
Eddinson Paulino,682796,TOR,3B,0,0,0,0,0,0,0,0,0,0,0,0,361,96,0,0,503,114,0,0,864
Leandro Pineda,683610,PHI,RF,0,0,0,0,0,0,0,0,0,0,0,0,394,104,0,0,433,107,0,0,827
Andres Valor,808516,MIA,CF,317,21,0,0,0,0,0,0,0,0,0,0,464,106,0,0,0,0,317,0,464
Konnor Griffin,804606,PIT,SS,168,10,0,0,0,0,0,0,0,0,0,0,567,122,0,0,0,0,168,0,567
Eduardo Quintero,808234,LAD,CF,189,10,0,0,0,0,0,0,0,0,0,0,544,113,0,0,0,0,189,0,544
Jesús Made,815908,MIL,SS,189,10,0,0,0,0,0,0,0,0,0,0,530,115,0,0,0,0,189,0,530
Leo De Vries,815888,ATH,SS,165,10,0,0,0,0,0,0,0,0,0,0,537,118,0,0,0,0,165,0,537
JJ Wetherholt,802139,STL,2B,195,10,0,0,0,0,0,0,0,0,0,0,498,108,0,0,0,0,195,0,498
Thomas Sosa,800449,BAL,LF,0,0,342,19,0,0,0,0,0,0,0,0,232,58,84,19,0,0,342,0,316
Aidan Miller,805795,PHI,SS,102,5,0,0,0,0,0,0,0,0,0,0,527,116,0,0,0,0,102,0,527
Benny Montgomery,695603,COL,CF,0,0,192,11,0,0,0,0,0,0,0,0,358,86,48,11,1,1,192,0,407
Kevin McGonigle,805808,DET,2B,171,10,0,0,0,0,0,0,0,0,0,0,399,88,0,0,0,0,171,0,399
Walker Jenkins,805805,MIN,LF,193,10,0,0,0,0,0,0,0,0,0,0,374,84,0,0,0,0,193,0,374
Samuel Zavala,694214,CHW,CF,0,0,0,0,0,0,0,0,0,0,0,0,436,104,0,0,94,22,0,0,530
Erick Brito,684081,PHI,SS,0,0,0,0,0,0,0,0,0,0,0,0,282,74,0,0,234,62,0,0,516
Alfredo Duno,806957,CIN,C,0,0,0,0,0,0,0,0,0,0,0,0,500,113,0,0,0,0,0,0,500
George Wolkow,805804,CHW,1B,0,0,0,0,0,0,0,0,0,0,0,0,498,116,0,0,0,0,0,0,498
Sal Stewart,701398,CIN,3B,0,0,157,10,0,0,0,0,0,0,0,0,0,0,340,79,1,1,157,0,341
Antonio Gomez,682625,NYY,C,0,0,0,0,0,0,0,0,0,0,0,0,141,41,0,0,355,85,0,0,496
Mikey Romero,702540,BOS,3B,0,0,0,0,0,0,0,0,0,0,0,0,494,111,0,0,1,1,0,0,495
Leonardo Bernal,699024,STL,C,0,0,16,1,0,0,0,0,0,0,0,0,456,107,2,1,0,0,16,0,458
Nathan Flewelling,807083,TBR,C,0,0,0,0,0,0,0,0,0,0,0,0,462,107,0,0,0,0,0,0,462
Aidan Smith,806223,TBR,CF,0,0,0,0,0,0,0,0,0,0,0,0,460,102,0,0,0,0,0,0,460
Lamar King Jr.,702601,SDP,C,0,0,0,0,0,0,0,0,0,0,0,0,460,105,0,0,0,0,0,0,460
Andrew Salas,829035,MIA,SS,0,0,0,0,0,0,0,0,0,0,0,0,458,103,0,0,0,0,0,0,458
Mac Horvath,690991,TBR,CF,0,0,0,0,0,0,0,0,0,0,0,0,454,104,0,0,1,1,0,0,455
Edgleen Perez,814297,PIT,C,0,0,0,0,0,0,0,0,0,0,0,0,452,101,0,0,0,0,0,0,452
Caleb Lomavita,701616,WSN,C,0,0,0,0,0,0,0,0,0,0,0,0,448,108,0,0,0,0,0,0,448
Esmil Valencia,806982,MIA,LF,0,0,0,0,0,0,0,0,0,0,0,0,446,106,0,0,0,0,0,0,446
Starlyn Nunez,808245,BOS,SS,0,0,0,0,0,0,0,0,0,0,0,0,446,108,0,0,0,0,0,0,446
Yophery Rodriguez,806983,BOS,CF,0,0,0,0,0,0,0,0,0,0,0,0,446,104,0,0,0,0,0,0,446
Miguel Bleis,694194,BOS,CF,0,0,0,0,0,0,0,0,0,0,0,0,445,106,0,0,0,0,0,0,445
Josue Briceño,800522,DET,C,0,0,0,0,0,0,0,0,0,0,0,0,444,100,0,0,0,0,0,0,444
Yasser Mercedes,703160,MIN,RF,0,0,0,0,0,0,0,0,0,0,0,0,443,98,0,0,0,0,0,0,443
Vance Honeycutt,701689,BAL,CF,0,0,0,0,0,0,0,0,0,0,0,0,442,101,0,0,0,0,0,0,442
RJ Schreck,702302,TOR,RF,0,0,12,1,0,0,0,0,0,0,0,0,428,104,1,1,0,0,12,0,429
Brayden Taylor,694966,TBR,3B,0,0,0,0,0,0,0,0,0,0,0,0,439,108,0,0,0,0,0,0,439
Charlie Condon,809707,COL,3B,0,0,0,0,0,0,0,0,0,0,0,0,437,99,0,0,0,0,0,0,437
Arjun Nimmala,805796,TOR,SS,0,0,0,0,0,0,0,0,0,0,0,0,436,95,0,0,0,0,0,0,436
Edward Duran,698927,TOR,C,0,0,0,0,0,0,0,0,0,0,0,0,435,100,0,0,0,0,0,0,435
Dillon Head,702977,MIA,CF,0,0,0,0,0,0,0,0,0,0,0,0,432,97,0,0,0,0,0,0,432
Kahlil Watson,696135,CLE,CF,0,0,0,0,0,0,0,0,0,0,0,0,430,102,0,0,0,0,0,0,430
Welbyn Francisca,806988,CLE,2B,0,0,0,0,0,0,0,0,0,0,0,0,430,98,0,0,0,0,0,0,430
Carson Rucker,813620,DET,3B,0,0,0,0,0,0,0,0,0,0,0,0,429,103,0,0,0,0,0,0,429
Payton Eeles,823356,MIN,2B,0,0,0,0,0,0,0,0,0,0,0,0,429,99,0,0,0,0,0,0,429
Wuilfredo Antunez,686404,CLE,OF,0,0,0,0,0,0,0,0,0,0,0,0,428,100,0,0,0,0,0,0,428
Kyle Henley,806120,CIN,CF,0,0,0,0,0,0,0,0,0,0,0,0,426,95,0,0,0,0,0,0,426
Robert Calaz,806978,COL,RF,0,0,0,0,0,0,0,0,0,0,0,0,426,99,0,0,0,0,0,0,426
Sammy Siani,686445,PIT,RF,0,0,0,0,0,0,0,0,0,0,0,0,424,103,0,0,0,0,0,0,424
Luis Peña,821270,MIL,SS,0,0,0,0,0,0,0,0,0,0,0,0,421,95,0,0,0,0,0,0,421
Sabin Ceballos,694754,SFG,3B,0,0,0,0,0,0,0,0,0,0,0,0,420,108,0,0,0,0,0,0,420
Dakota Jordan,702607,SFG,CF,0,0,0,0,0,0,0,0,0,0,0,0,419,88,0,0,0,0,0,0,419
Dameury  Pena,808365,MIN,2B,0,0,0,0,0,0,0,0,0,0,0,0,418,95,0,0,0,0,0,0,418
Thayron Liranzo,699073,DET,C,0,0,22,1,0,0,0,0,0,0,0,0,394,88,2,1,0,0,22,0,396
Christian Cairo,686551,CLE,SS,0,0,0,0,0,0,0,0,0,0,0,0,417,108,0,0,0,0,0,0,417
Jesus Baez,800305,STL,3B,0,0,0,0,0,0,0,0,0,0,0,0,416,97,0,0,0,0,0,0,416
Cam Collier,702253,CIN,3B,0,0,13,1,0,0,0,0,0,0,0,0,399,95,1,1,0,0,13,0,400
Justin Gonzales,821100,BOS,1B,0,0,0,0,0,0,0,0,0,0,0,0,413,93,0,0,0,0,0,0,413
Emil Morales,815896,LAD,SS,0,0,0,0,0,0,0,0,0,0,0,0,412,89,0,0,0,0,0,0,412
Abdias De La Cruz,703192,ARI,RF,0,0,0,0,0,0,0,0,0,0,0,0,410,100,0,0,0,0,0,0,410
Alberto Barriga,800569,ARI,C,0,0,0,0,0,0,0,0,0,0,0,0,410,98,0,0,0,0,0,0,410
Leandro Arias,703202,BAL,SS,0,0,323,20,0,0,0,0,0,0,0,0,0,0,87,20,0,0,323,0,87
Adrian Santana,803745,TBR,SS,0,0,0,0,0,0,0,0,0,0,0,0,409,89,0,0,0,0,0,0,409
JD Dix,807267,ARI,SS,0,0,0,0,0,0,0,0,0,0,0,0,409,89,0,0,0,0,0,0,409
Jhonny Level,815929,SFG,2B,0,0,0,0,0,0,0,0,0,0,0,0,409,89,0,0,0,0,0,0,409
Daniel Susac,691740,ATH,C,0,0,0,0,0,0,0,0,0,0,0,0,407,93,0,0,0,0,0,0,407
Ricardo Olivar,691627,MIN,C,0,0,0,0,0,0,0,0,0,0,0,0,407,93,0,0,0,0,0,0,407
Tre' Morgan,691003,TBR,1B,0,0,0,0,0,0,0,0,0,0,0,0,406,92,0,0,0,0,0,0,406
Jacob Cozart,695524,CLE,C,0,0,0,0,0,0,0,0,0,0,0,0,404,93,0,0,0,0,0,0,404
Yassel Soler,807957,ARI,3B,0,0,0,0,0,0,0,0,0,0,0,0,404,92,0,0,0,0,0,0,404
Victor Acosta,694193,CIN,SS,0,0,9,1,0,0,0,0,0,0,0,0,391,87,1,1,0,0,9,0,392
Walker Janek,801075,HOU,C,0,0,0,0,0,0,0,0,0,0,0,0,401,91,0,0,0,0,0,0,401
Capri Ortiz,800194,LAA,SS,0,0,0,0,0,0,0,0,0,0,0,0,400,95,0,0,0,0,0,0,400
Daiverson Gutierrez,806987,NYM,C,0,0,0,0,0,0,0,0,0,0,0,0,399,91,0,0,0,0,0,0,399
Ty Southisene,807257,CHC,SS,0,0,0,0,0,0,0,0,0,0,0,0,398,90,0,0,0,0,0,0,398
Will Bush,813844,HOU,C,0,0,0,0,0,0,0,0,0,0,0,0,398,97,0,0,0,0,0,0,398
Ronald Hernandez,698933,NYM,C,0,0,0,0,0,0,0,0,0,0,0,0,397,101,0,0,0,0,0,0,397
Orelvis Martinez,682619,TOR,3B,0,0,0,0,0,0,0,0,0,0,0,0,396,99,0,0,0,0,0,0,396
Roc Riggio,691792,COL,2B,0,0,17,1,0,0,0,0,0,0,0,0,377,88,2,1,0,0,17,0,379
Kevin Made,691183,WSN,SS,0,0,24,1,0,0,0,0,0,0,0,0,370,94,1,1,0,0,24,0,371
Tommy White,695720,ATH,3B,0,0,0,0,0,0,0,0,0,0,0,0,395,93,0,0,0,0,0,0,395
Andruw  Musett,808104,BOS,C,0,0,0,0,0,0,0,0,0,0,0,0,392,94,0,0,0,0,0,0,392
Pablo Aliendo,680846,CHC,C,0,0,0,0,0,0,0,0,0,0,0,0,391,95,0,0,0,0,0,0,391
Matthew Wood,687783,MIL,C,0,0,22,1,0,0,0,0,0,0,0,0,363,89,1,1,4,1,22,0,368
José Anderson,821262,MIL,RF,0,0,0,0,0,0,0,0,0,0,0,0,389,93,0,0,0,0,0,0,389
Ethan Anderson,803175,BAL,1B,0,0,17,1,0,0,0,0,0,0,0,0,367,89,2,1,0,0,17,0,369
Payton Green,700243,MIA,SS,0,0,0,0,0,0,0,0,0,0,0,0,383,92,0,0,0,0,0,0,383
Yeiker Reyes,807975,COL,CF,0,0,0,0,0,0,0,0,0,0,0,0,382,102,0,0,0,0,0,0,382
Jaison Chourio,702693,CLE,CF,0,0,0,0,0,0,0,0,0,0,0,0,381,86,0,0,0,0,0,0,381
Rio Foster,815306,LAA,RF,0,0,0,0,0,0,0,0,0,0,0,0,381,92,0,0,0,0,0,0,381
Yolfran Castillo,815931,TEX,SS,0,0,0,0,0,0,0,0,0,0,0,0,381,88,0,0,0,0,0,0,381
Travis Bazzana,683953,CLE,2B,0,0,0,0,0,0,0,0,0,0,0,0,375,84,0,0,0,0,0,0,375
Angel Genao,694197,CLE,SS,0,0,0,0,0,0,0,0,0,0,0,0,373,85,0,0,0,0,0,0,373
Luiyin Alastre,808236,MIL,LF,0,0,0,0,0,0,0,0,0,0,0,0,373,97,0,0,0,0,0,0,373
Rainiel Rodriguez,823787,STL,C,0,0,0,0,0,0,0,0,0,0,0,0,373,84,0,0,0,0,0,0,373
Nate George,825582,BAL,CF,0,0,0,0,0,0,0,0,0,0,0,0,372,87,0,0,0,0,0,0,372
Nick Mitchell,814455,CLE,RF,0,0,0,0,0,0,0,0,0,0,0,0,370,84,0,0,0,0,0,0,370
Caden Powell,702547,HOU,3B,0,0,0,0,0,0,0,0,0,0,0,0,369,84,0,0,0,0,0,0,369
Ching-Hsien Ko,828667,LAD,RF,0,0,0,0,0,0,0,0,0,0,0,0,368,82,0,0,0,0,0,0,368
Roldy Brito,821041,COL,SS,0,0,0,0,0,0,0,0,0,0,0,0,366,83,0,0,0,0,0,0,366
Wade Meckler,685133,SFG,CF,0,0,0,0,0,0,0,0,0,0,0,0,0,0,0,0,365,83,0,0,365
David Mershon,702574,LAA,CF,0,0,0,0,0,0,0,0,0,0,0,0,364,90,0,0,0,0,0,0,364
Jace Bohrofen,690957,TOR,CF,0,0,14,1,0,0,0,0,0,0,0,0,345,85,3,1,0,0,14,0,348
Jake Fox,695780,CLE,CF,0,0,28,2,0,0,0,0,0,0,0,0,331,87,2,2,0,0,28,0,333
Max Wagner,694484,BAL,3B,0,0,13,1,0,0,0,0,0,0,0,0,347,86,1,1,0,0,13,0,348
Juan Flores,808129,LAA,C,0,0,16,1,0,0,0,0,0,0,0,0,343,88,1,1,0,0,16,0,344
Luke Dickerson,815380,WSN,2B,0,0,0,0,0,0,0,0,0,0,0,0,360,89,0,0,0,0,0,0,360
Gage Workman,669398,DET,3B,0,0,0,0,0,0,0,0,0,0,0,0,359,89,0,0,0,0,0,0,359
Nick Montgomery,807277,ATL,C,0,0,0,0,0,0,0,0,0,0,0,0,359,87,0,0,0,0,0,0,359
Edward Florentino,821273,PIT,1B,0,0,0,0,0,0,0,0,0,0,0,0,353,83,0,0,0,0,0,0,353
Dominic Keegan,681371,TBR,1B,0,0,20,1,0,0,0,0,0,0,0,0,330,77,1,1,1,1,20,0,332
Tyson Lewis,815653,CIN,SS,0,0,0,0,0,0,0,0,0,0,0,0,352,80,0,0,0,0,0,0,352
Enddy Azocar,821150,BOS,RF,0,0,0,0,0,0,0,0,0,0,0,0,348,85,0,0,0,0,0,0,348
Juan Mateo,821379,ATL,SS,0,0,0,0,0,0,0,0,0,0,0,0,348,82,0,0,0,0,0,0,348
Brock Wilken,694385,MIL,3B,0,0,0,0,0,0,0,0,0,0,0,0,346,79,0,0,0,0,0,0,346
Roynier Hernandez,800281,COL,3B,0,0,0,0,0,0,0,0,0,0,0,0,346,81,0,0,0,0,0,0,346
Angel Feliz,815906,WSN,3B,0,0,0,0,0,0,0,0,0,0,0,0,344,83,0,0,0,0,0,0,344
Bryan Rincon,804858,PHI,SS,0,0,0,0,0,0,0,0,0,0,0,0,343,80,0,0,1,1,0,0,344
Devin Saltiban,813880,PHI,CF,0,0,0,0,0,0,0,0,0,0,0,0,344,77,0,0,0,0,0,0,344
Parks Harber,692238,SF,3B,0,0,0,0,0,0,0,0,0,0,0,0,344,78,0,0,0,0,0,0,344
Braylon Payne,815520,MIL,CF,0,0,0,0,0,0,0,0,0,0,0,0,343,77,0,0,0,0,0,0,343
Yandel Ricardo,815902,KCR,3B,0,0,0,0,0,0,0,0,0,0,0,0,340,82,0,0,0,0,0,0,340
Arnaldo Lantigua,806984,CIN,LF,0,0,0,0,0,0,0,0,0,0,0,0,338,81,0,0,0,0,0,0,338
Jorge Quintana,815894,SDP,3B,0,0,0,0,0,0,0,0,0,0,0,0,336,75,0,0,0,0,0,0,336
Kevin Bazzell,695494,WSN,C,0,0,0,0,0,0,0,0,0,0,0,0,336,83,0,0,0,0,0,0,336
Ramon Ramirez,808675,KCR,C,0,0,0,0,0,0,0,0,0,0,0,0,335,77,0,0,0,0,0,0,335
Ryan Stafford,701696,BAL,C,0,0,0,0,0,0,0,0,0,0,0,0,335,93,0,0,0,0,0,0,335
Andrew Pintar,801464,MIA,CF,0,0,0,0,0,0,0,0,0,0,0,0,333,80,0,0,1,1,0,0,334
Enrique Bradfield Jr.,690961,BAL,CF,0,0,18,1,0,0,0,0,0,0,0,0,313,75,1,1,0,0,18,0,314
Luke Adams,702726,MIL,1B,0,0,14,1,0,0,0,0,0,0,0,0,317,71,1,1,0,0,14,0,318
Jorgelys Mota,800195,WSN,3B,0,0,0,0,0,0,0,0,0,0,0,0,331,81,0,0,0,0,0,0,331
Handelfry Encarnacion,821136,MIL,OF,0,0,0,0,0,0,0,0,0,0,0,0,328,76,0,0,0,0,0,0,328
Theo Gillen,815394,TBR,CF,0,0,0,0,0,0,0,0,0,0,0,0,326,73,0,0,0,0,0,0,326
Derek Bernard,800204,COL,LF,0,0,0,0,0,0,0,0,0,0,0,0,323,79,0,0,0,0,0,0,323
Jose Alpuria,800434,ARI,CF,0,0,0,0,0,0,0,0,0,0,0,0,323,76,0,0,0,0,0,0,323
Marco Dinges,701392,MIL,C,0,0,0,0,0,0,0,0,0,0,0,0,320,77,0,0,0,0,0,0,320
Dasan Brown,672018,TOR,CF,0,0,22,1,0,0,0,0,0,0,0,0,291,87,2,1,0,0,22,0,293
Ernesto Martinez Jr.,667803,MIL,1B,0,0,0,0,0,0,0,0,0,0,0,0,311,78,0,0,0,0,0,0,311
Jack Hurley,694815,ARI,CF,0,0,0,0,0,0,0,0,0,0,0,0,311,78,0,0,0,0,0,0,311
Josh Adamczewski,815304,MIL,LF,0,0,0,0,0,0,0,0,0,0,0,0,309,71,0,0,0,0,0,0,309
Joshua Liranzo,808162,BAL,3B,0,0,0,0,0,0,0,0,0,0,0,0,309,78,0,0,0,0,0,0,309
Mike Boeve,801670,MIL,3B,0,0,0,0,0,0,0,0,0,0,0,0,306,69,0,0,0,0,0,0,306
Paulino Santana,815889,TEX,RF,0,0,0,0,0,0,0,0,0,0,0,0,306,74,0,0,0,0,0,0,306
Eduardo Beltre,815924,MIN,RF,0,0,0,0,0,0,0,0,0,0,0,0,303,78,0,0,0,0,0,0,303
Eli Lovich,815654,CHC,RF,0,0,0,0,0,0,0,0,0,0,0,0,303,73,0,0,0,0,0,0,303
Chase Harlan,815792,LAD,3B,0,0,0,0,0,0,0,0,0,0,0,0,300,68,0,0,0,0,0,0,300
Julio Carreras,679734,COL,SS,0,0,0,0,0,0,0,0,0,0,0,0,300,79,0,0,0,0,0,0,300
Peyton Stovall,696510,CIN,2B,0,0,0,0,0,0,0,0,0,0,0,0,298,69,0,0,0,0,0,0,298
Hayden Alvarez,820986,LAA,CF,0,0,0,0,0,0,0,0,0,0,0,0,297,72,0,0,0,0,0,0,297
Enrique Jimenez,806992,MIN,C,0,0,0,0,0,0,0,0,0,0,0,0,296,71,0,0,0,0,0,0,296
Juneiker Caceres,821181,CLE,RF,0,0,0,0,0,0,0,0,0,0,0,0,292,69,0,0,0,0,0,0,292
Stiven Martinez,815913,BAL,RF,0,0,0,0,0,0,0,0,0,0,0,0,291,74,0,0,0,0,0,0,291
Cobb Hightower,826932,BAL,SS,0,0,0,0,0,0,0,0,0,0,0,0,288,64,0,0,0,0,0,0,288
Chase Jaworsky,814172,MIA,SS,0,0,0,0,0,0,0,0,0,0,0,0,287,69,0,0,0,0,0,0,287
Tavian Josenberger,694444,BAL,CF,0,0,0,0,0,0,0,0,0,0,0,0,281,69,0,0,0,0,0,0,281
Kale Fountain,806495,SDP,3B,0,0,0,0,0,0,0,0,0,0,0,0,280,65,0,0,0,0,0,0,280
Carlos Caro,814261,PIT,2B,0,0,0,0,0,0,0,0,0,0,0,0,278,75,0,0,0,0,0,0,278
Wyatt Sanford,815608,PIT,SS,0,0,0,0,0,0,0,0,0,0,0,0,275,63,0,0,0,0,0,0,275
Maui Ahuna,694757,SFG,SS,0,0,0,0,0,0,0,0,0,0,0,0,274,63,0,0,0,0,0,0,274
Blake Mitchell,805810,KCR,C,0,0,15,1,0,0,0,0,0,0,0,0,255,60,1,1,0,0,15,0,256
Billy Amick,701771,MIN,3B,0,0,0,0,0,0,0,0,0,0,0,0,266,59,0,0,0,0,0,0,266
Malcolm Moore,702270,TEX,C,0,0,0,0,0,0,0,0,0,0,0,0,265,62,0,0,0,0,0,0,265
PJ Morlando,703563,MIA,LF,0,0,0,0,0,0,0,0,0,0,0,0,261,58,0,0,0,0,0,0,261
John Spikerman,701811,PHI,CF,0,0,0,0,0,0,0,0,0,0,0,0,257,62,0,0,0,0,0,0,257
Victor Ortega,703861,MIA,C,0,0,0,0,0,0,0,0,0,0,0,0,256,67,0,0,0,0,0,0,256
J.J. D'Orazio,683490,ARI,C,0,0,14,1,0,0,0,0,0,0,0,0,239,61,1,1,1,1,14,0,241
Carlos Pacheco,800149,ATH,CF,0,0,0,0,0,0,0,0,0,0,0,0,254,65,0,0,0,0,0,0,254
Juan Sanchez,825646,TOR,SS,0,0,0,0,0,0,0,0,0,0,0,0,253,56,0,0,0,0,0,0,253
Byron Chourio,805102,MIN,CF,0,0,0,0,0,0,0,0,0,0,0,0,251,56,0,0,0,0,0,0,251
Braylin  Morel,808281,TEX,RF,0,0,0,0,0,0,0,0,0,0,0,0,248,61,0,0,0,0,0,0,248
Edgar Montero,815911,ATH,SS,0,0,0,0,0,0,0,0,0,0,0,0,246,55,0,0,0,0,0,0,246
Johan Machado,829721,MIA,SS,0,0,0,0,0,0,0,0,0,0,0,0,242,54,0,0,0,0,0,0,242
Brailyn Antunez,829073,MIL,CF,0,0,0,0,0,0,0,0,0,0,0,0,241,55,0,0,0,0,0,0,241
Jose Castro,821078,MIA,RF,0,0,0,0,0,0,0,0,0,0,0,0,239,52,0,0,0,0,0,0,239
Jose Perdomo,815899,ATL,3B,0,0,0,0,0,0,0,0,0,0,0,0,233,54,0,0,0,0,0,0,233
Starlyn Caba,806965,MIA,SS,0,0,0,0,0,0,0,0,0,0,0,0,232,51,0,0,0,0,0,0,232
Angel Brachi,821791,TBR,SS,0,0,0,0,0,0,0,0,0,0,0,0,230,51,0,0,0,0,0,0,230
Travis Honeyman,802469,STL,CF,0,0,0,0,0,0,0,0,0,0,0,0,230,53,0,0,0,0,0,0,230
Josuar De Jesus Gonzalez,829034,SFG,SS,0,0,0,0,0,0,0,0,0,0,0,0,229,52,0,0,0,0,0,0,229
Yulian Barreto,829905,SFG,SS,0,0,0,0,0,0,0,0,0,0,0,0,229,53,0,0,0,0,0,0,229
Elorky Rodriguez,829069,TEX,LF,0,0,0,0,0,0,0,0,0,0,0,0,227,46,0,0,0,0,0,0,227
Yorger Bautista,829045,SEA,CF,0,0,0,0,0,0,0,0,0,0,0,0,227,53,0,0,0,0,0,0,227
Ruben Castillo,830419,NYY,CF,0,0,0,0,0,0,0,0,0,0,0,0,225,50,0,0,0,0,0,0,225
Brailer Guerrero,806967,TBR,RF,0,0,0,0,0,0,0,0,0,0,0,0,224,51,0,0,0,0,0,0,224
Elian Peña,829033,NYM,3B,0,0,0,0,0,0,0,0,0,0,0,0,224,55,0,0,0,0,0,0,224
Javier Mogollon,808684,CHW,2B,0,0,0,0,0,0,0,0,0,0,0,0,224,50,0,0,0,0,0,0,224
Cristopher Polanco,829057,TOR,SS,0,0,0,0,0,0,0,0,0,0,0,0,222,53,0,0,0,0,0,0,222
Anthony Marquez,821645,SFG,SS,0,0,0,0,0,0,0,0,0,0,0,0,221,51,0,0,0,0,0,0,221
Cristopher Acosta,829067,MIL,SS,0,0,0,0,0,0,0,0,0,0,0,0,220,50,0,0,0,0,0,0,220
Kenny Fenelon,829064,MIL,CF,0,0,0,0,0,0,0,0,0,0,0,0,220,50,0,0,0,0,0,0,220
Ashly Andujar,815903,COL,SS,0,0,0,0,0,0,0,0,0,0,0,0,219,53,0,0,0,0,0,0,219
Francisco Vilorio,815910,NYY,RF,0,0,0,0,0,0,0,0,0,0,0,0,218,49,0,0,0,0,0,0,218
Luis Cova,815909,MIA,CF,0,0,0,0,0,0,0,0,0,0,0,0,218,50,0,0,0,0,0,0,218
Mani Cedeno,829041,NYY,SS,0,0,0,0,0,0,0,0,0,0,0,0,217,49,0,0,0,0,0,0,217
Santiago Leon,829054,MIN,SS,0,0,0,0,0,0,0,0,0,0,0,0,215,47,0,0,0,0,0,0,215
Yahil Melendez,806161,CHC,SS,0,0,0,0,0,0,0,0,0,0,0,0,215,52,0,0,0,0,0,0,215
Daniel  Jose Lopez,808693,KCR,CF,0,0,0,0,0,0,0,0,0,0,0,0,214,52,0,0,0,0,0,0,214
Marconi German,829699,WSN,SS,0,0,0,0,0,0,0,0,0,0,0,0,214,53,0,0,0,0,0,0,214
Colin Houck,806124,NYM,SS,0,0,0,0,0,0,0,0,0,0,0,0,213,54,0,0,0,0,0,0,213
Adriel Radney,815895,ARI,CF,0,0,0,0,0,0,0,0,0,0,0,0,212,53,0,0,0,0,0,0,212
Breyson Guedez,829052,ATH,LF,0,0,0,0,0,0,0,0,0,0,0,0,212,53,0,0,0,0,0,0,212
Eddie Rynders,815535,PIT,3B,0,0,0,0,0,0,0,0,0,0,0,0,212,54,0,0,0,0,0,0,212
Jhomnardo Reyes,829076,MIN,RF,0,0,0,0,0,0,0,0,0,0,0,0,212,49,0,0,0,0,0,0,212
Jordan Sanchez,820847,BAL,RF,0,0,0,0,0,0,0,0,0,0,0,0,211,58,0,0,0,0,0,0,211
Rayner Arias,806976,SFG,CF,0,0,0,0,0,0,0,0,0,0,0,0,209,54,0,0,0,0,0,0,209
Warel Solano,829046,TBR,SS,0,0,0,0,0,0,0,0,0,0,0,0,209,48,0,0,0,0,0,0,209
Tytus Cissell,815632,ARI,SS,0,0,0,0,0,0,0,0,0,0,0,0,208,52,0,0,0,0,0,0,208
Heriberto Rincon,808298,NYM,CF,0,0,0,0,0,0,0,0,0,0,0,0,207,53,0,0,0,0,0,0,207
Darell Morel,829716,PIT,3B,0,0,0,0,0,0,0,0,0,0,0,0,206,50,0,0,0,0,0,0,206
Almen Tolentino,820958,MIA,C,0,0,0,0,0,0,0,0,0,0,0,0,204,47,0,0,0,0,0,0,204
Dauri Fernandez,821171,CLE,SS,0,0,0,0,0,0,0,0,0,0,0,0,202,48,0,0,0,0,0,0,202
Djean Macares,829079,SFG,CF,0,0,0,0,0,0,0,0,0,0,0,0,202,47,0,0,0,0,0,0,202
Jhoan De La Cruz,829063,SDP,SS,0,0,0,0,0,0,0,0,0,0,0,0,199,51,0,0,0,0,0,0,199
Bryce Eldridge,805811,SFG,1B,160,10,0,0,0,0,0,0,0,0,0,0,37,10,0,0,0,0,160,0,37
Harold Rivas,829093,BOS,CF,0,0,0,0,0,0,0,0,0,0,0,0,196,46,0,0,0,0,0,0,196
Edward Lantigua,815928,NYM,LF,0,0,0,0,0,0,0,0,0,0,0,0,195,49,0,0,0,0,0,0,195
Liberts Aponte,829051,CIN,SS,0,0,0,0,0,0,0,0,0,0,0,0,195,45,0,0,0,0,0,0,195
Kevin Alvarez,829037,HOU,LF,0,0,0,0,0,0,0,0,0,0,0,0,194,47,0,0,0,0,0,0,194
Richard Matic,821043,NYY,3B,0,0,0,0,0,0,0,0,0,0,0,0,192,46,0,0,0,0,0,0,192
Ronny Cruz,826723,WSN,SS,0,0,0,0,0,0,0,0,0,0,0,0,192,48,0,0,0,0,0,0,192
Anyelo Marquez,808113,LAA,2B,0,0,0,0,0,0,0,0,0,0,0,0,191,46,0,0,0,0,0,0,191
Maykel Coret,829044,TBR,RF,0,0,0,0,0,0,0,0,0,0,0,0,190,41,0,0,0,0,0,0,190
Estuar Suero,800209,PIT,CF,0,0,0,0,0,0,0,0,0,0,0,0,189,49,0,0,0,0,0,0,189
Cris Rodriguez,829038,DET,RF,0,0,0,0,0,0,0,0,0,0,0,0,188,50,0,0,0,0,0,0,188
Shotaro Morii,829679,ATH,DH,0,0,0,0,0,0,0,0,0,0,0,0,188,43,0,0,0,0,0,0,188
Dorian Soto,829039,BOS,SS,0,0,0,0,0,0,0,0,0,0,0,0,187,47,0,0,0,0,0,0,187
Eliomar Garces,829055,TBR,SS,0,0,0,0,0,0,0,0,0,0,0,0,183,43,0,0,0,0,0,0,183
Jose Salas,691191,MIN,2B,0,0,0,0,0,0,0,0,0,0,0,0,180,48,0,0,1,1,0,0,181
Ivan Luciano,813930,ARI,C,0,0,0,0,0,0,0,0,0,0,0,0,180,47,0,0,0,0,0,0,180
Johan De Los Santos,829059,PIT,CF,0,0,0,0,0,0,0,0,0,0,0,0,175,44,0,0,0,0,0,0,175
Deivid Coronil,829060,SDP,SS,0,0,0,0,0,0,0,0,0,0,0,0,174,45,0,0,0,0,0,0,174
Wilfri De La Cruz,829043,BAL,3B,0,0,0,0,0,0,0,0,0,0,0,0,174,40,0,0,0,0,0,0,174
Devin Fitz-Gerald,803849,TEX,3B,0,0,0,0,0,0,0,0,0,0,0,0,173,41,0,0,0,0,0,0,173
Victor Hurtado,815900,WSN,RF,0,0,0,0,0,0,0,0,0,0,0,0,172,46,0,0,0,0,0,0,172
Yohendry Sanchez,815921,SFG,C,0,0,0,0,0,0,0,0,0,0,0,0,172,42,0,0,0,0,0,0,172
Gabriel Davalillo,829058,LAA,C,0,0,0,0,0,0,0,0,0,0,0,0,170,41,0,0,0,0,0,0,170
Juan Cabada,829040,CHC,SS,0,0,0,0,0,0,0,0,0,0,0,0,170,42,0,0,0,0,0,0,170
Haritzon Castillo,829061,MIN,SS,0,0,0,0,0,0,0,0,0,0,0,0,169,39,0,0,0,0,0,0,169
Yovanny Rodriguez,815898,NYM,C,0,0,0,0,0,0,0,0,0,0,0,0,169,43,0,0,0,0,0,0,169
Angel Guzman,808401,SFG,LF,0,0,0,0,0,0,0,0,0,0,0,0,168,46,0,0,0,0,0,0,168
Fernando Peguero,800387,BAL,CF,0,0,56,4,0,0,0,0,0,0,0,0,95,30,15,4,0,0,56,0,110
Alejandro Cruz,829078,CHW,3B,0,0,0,0,0,0,0,0,0,0,0,0,165,46,0,0,0,0,0,0,165
Raymer Medina,829068,TBR,2B,0,0,0,0,0,0,0,0,0,0,0,0,165,39,0,0,0,0,0,0,165
Leonardo Pineda,815904,TBR,CF,0,0,0,0,0,0,0,0,0,0,0,0,163,38,0,0,0,0,0,0,163
Josueth Quinonez,815017,DET,CF,0,0,0,0,0,0,0,0,0,0,0,0,161,41,0,0,0,0,0,0,161
Yoffry Solano,703200,MIA,2B,0,0,0,0,0,0,0,0,0,0,0,0,159,39,0,0,0,0,0,0,159
Pedro Catuy,806869,ARI,CF,0,0,0,0,0,0,0,0,0,0,0,0,158,42,0,0,0,0,0,0,158
Eduardo Tait,806953,MIN,C,0,0,0,0,0,0,0,0,0,0,0,0,156,37,0,0,0,0,0,0,156
Samuel Basallo,694212,BAL,C,119,10,0,0,0,0,0,0,0,0,0,0,37,10,0,0,0,0,119,0,37
Brayan Cortesia,829049,WSN,SS,0,0,0,0,0,0,0,0,0,0,0,0,154,39,0,0,0,0,0,0,154
Dashyll Tejeda,812158,WSN,CF,0,0,0,0,0,0,0,0,0,0,0,0,153,40,0,0,0,0,0,0,153
Joswa Lugo,815915,LAA,SS,0,0,0,0,0,0,0,0,0,0,0,0,153,35,0,0,0,0,0,0,153
Sir Jamison Jones,806550,WSN,C,0,0,0,0,0,0,0,0,0,0,0,0,153,40,0,0,0,0,0,0,153
Pedro Blanco,821380,ARI,1B,0,0,0,0,0,0,0,0,0,0,0,0,151,37,0,0,0,0,0,0,151
Bryan Martinez,808115,LAA,RF,0,0,0,0,0,0,0,0,0,0,0,0,150,40,0,0,0,0,0,0,150
Chase DeLauter,800050,CLE,RF,0,0,0,0,0,0,0,0,0,0,0,0,150,34,0,0,0,0,0,0,150
Daniel Hernandez,829747,WSN,C,0,0,0,0,0,0,0,0,0,0,0,0,150,45,0,0,0,0,0,0,150
Juan Rujano,829794,STL,C,0,0,0,0,0,0,0,0,0,0,0,0,148,35,0,0,0,0,0,0,148
Diego Tornes,829053,ATL,LF,0,0,0,0,0,0,0,0,0,0,0,0,147,32,0,0,0,0,0,0,147
Juan Tomas,829823,CHC,SS,0,0,0,0,0,0,0,0,0,0,0,0,147,36,0,0,0,0,0,0,147
Ayden Johnson,829042,ATH,3B,0,0,0,0,0,0,0,0,0,0,0,0,141,36,0,0,0,0,0,0,141
Franklin Rojas,815922,TOR,C,0,0,0,0,0,0,0,0,0,0,0,0,140,34,0,0,0,0,0,0,140
Mario Baez,808545,ATL,SS,0,0,0,0,0,0,0,0,0,0,0,0,135,41,0,0,0,0,0,0,135
Nate Furman,801501,SFG,2B,0,0,0,0,0,0,0,0,0,0,0,0,135,30,0,0,0,0,0,0,135
Kendry Martínez,829036,SEA,2B,0,0,0,0,0,0,0,0,0,0,0,0,134,36,0,0,0,0,0,0,134
Kane Kepley,823807,CHC,CF,0,0,0,0,0,0,0,0,0,0,0,0,132,27,0,0,0,0,0,0,132
Tony Blanco Jr.,703156,PIT,1B,0,0,0,0,0,0,0,0,0,0,0,0,132,30,0,0,0,0,0,0,132
Devin Taylor,805127,ATH,LF,0,0,0,0,0,0,0,0,0,0,0,0,130,28,0,0,0,0,0,0,130
Cole Mathis,695573,CHC,1B,0,0,0,0,0,0,0,0,0,0,0,0,129,29,0,0,0,0,0,0,129
Jonny Farmelo,806071,SEA,CF,0,0,0,0,0,0,0,0,0,0,0,0,129,29,0,0,0,0,0,0,129
Jesus Rodriguez,683679,SFG,C,0,0,11,1,0,0,0,0,0,0,0,0,0,0,1,1,113,25,11,0,114
Wilberson De Pena,821648,NYY,RF,0,0,0,0,0,0,0,0,0,0,0,0,124,38,0,0,0,0,0,0,124
Ethan  Frey,703676,HOU,DH,0,0,0,0,0,0,0,0,0,0,0,0,122,26,0,0,0,0,0,0,122
Cesar Acosta,830802,NYM,C,0,0,0,0,0,0,0,0,0,0,0,0,121,33,0,0,0,0,0,0,121
Heriberto Caraballo,812430,STL,C,0,0,0,0,0,0,0,0,0,0,0,0,121,34,0,0,0,0,0,0,121
Kamuel Villar,829958,COL,SS,0,0,0,0,0,0,0,0,0,0,0,0,120,28,0,0,0,0,0,0,120
Aiva Arquette,804109,MIA,SS,0,0,0,0,0,0,0,0,0,0,0,0,119,27,0,0,0,0,0,0,119
Elis Cuevas,800433,BAL,CF,0,0,0,0,0,0,0,0,0,0,0,0,118,29,0,0,0,0,0,0,118
Jansel Luis,800306,ARI,SS,0,0,0,0,0,0,0,0,0,0,0,0,117,25,0,0,0,0,0,0,117
Elvin Garcia,821751,BAL,3B,0,0,0,0,0,0,0,0,0,0,0,0,116,31,0,0,0,0,0,0,116
Sheng-En  Lin,806823,CIN,SP,0,0,0,0,0,0,0,0,0,0,0,0,114,26,0,0,0,0,0,0,114
Mason White,702517,BOS,SS,0,0,0,0,0,0,0,0,0,0,0,0,113,26,0,0,0,0,0,0,113
Felix Morrobel,807011,LAA,SS,0,0,0,0,0,0,0,0,0,0,0,0,111,25,0,0,0,0,0,0,111
Marek Houston,701339,MIN,SS,0,0,0,0,0,0,0,0,0,0,0,0,111,24,0,0,0,0,0,0,111
Royelny Strop,829062,STL,CF,0,0,0,0,0,0,0,0,0,0,0,0,111,24,0,0,0,0,0,0,111
Sammy Stafura,806230,PIT,SS,0,0,0,0,0,0,0,0,0,0,0,0,111,26,0,0,0,0,0,0,111
Antonio Jimenez,806128,NYM,SS,0,0,0,0,0,0,0,0,0,0,0,0,110,26,0,0,0,0,0,0,110
Jalin Flores,703602,STL,SS,0,0,0,0,0,0,0,0,0,0,0,0,105,24,0,0,0,0,0,0,105
Darwing Ozuna,829048,ATH,RF,0,0,0,0,0,0,0,0,0,0,0,0,103,31,0,0,0,0,0,0,103
Ethan Petry,701337,WSN,1B,0,0,0,0,0,0,0,0,0,0,0,0,101,24,0,0,0,0,0,0,101
Jack Gurevitch,813668,STL,1B,0,0,0,0,0,0,0,0,0,0,0,0,101,22,0,0,0,0,0,0,101
Kenny Castillo,700341,ARI,C,0,0,0,0,0,0,0,0,0,0,0,0,101,25,0,0,0,0,0,0,101
Mitch Voit,702491,NYM,2B,0,0,0,0,0,0,0,0,0,0,0,0,99,22,0,0,0,0,0,0,99
Drew Faurot,702656,MIA,2B,0,0,0,0,0,0,0,0,0,0,0,0,98,22,0,0,0,0,0,0,98
Cam Cannarella,703448,MIA,CF,0,0,0,0,0,0,0,0,0,0,0,0,96,22,0,0,0,0,0,0,96
Mason Neville,702563,CIN,CF,0,0,0,0,0,0,0,0,0,0,0,0,91,23,0,0,0,0,0,0,91
Fernando Cruz,815890,CHC,SS,0,0,0,0,0,0,0,0,0,0,0,0,90,24,0,0,0,0,0,0,90
Max Belyeu,803284,COL,RF,0,0,0,0,0,0,0,0,0,0,0,0,90,21,0,0,0,0,0,0,90
Wehiwa Aloy,814450,BAL,SS,0,0,0,0,0,0,0,0,0,0,0,0,90,20,0,0,0,0,0,0,90
Andrew Fischer,702652,MIL,3B,0,0,0,0,0,0,0,0,0,0,0,0,88,19,0,0,0,0,0,0,88
Gian Zapata,806979,ARI,CF,0,0,0,0,0,0,0,0,0,0,0,0,88,23,0,0,0,0,0,0,88
Ethan Holliday,815787,COL,3B,0,0,0,0,0,0,0,0,0,0,0,0,84,18,0,0,0,0,0,0,84
Dax Kilby,828076,NYY,RF,0,0,0,0,0,0,0,0,0,0,0,0,82,18,0,0,0,0,0,0,82
Ike Irish,702610,BAL,C,0,0,0,0,0,0,0,0,0,0,0,0,81,20,0,0,0,0,0,0,81
Chris Arroyo,701360,MIA,RF,0,0,0,0,0,0,0,0,0,0,0,0,80,19,0,0,0,0,0,0,80
Max Williams,703637,MIA,RF,0,0,0,0,0,0,0,0,0,0,0,0,78,19,0,0,0,0,0,0,78
RJ Austin,702720,BAL,CF,0,0,0,0,0,0,0,0,0,0,0,0,70,17,0,0,0,0,0,0,70
Jancel Villarroel,806611,HOU,DH,0,0,0,0,0,0,0,0,0,0,0,0,61,15,0,0,0,0,0,0,61
Ethan Salas,806956,SDP,C,0,0,15,1,0,0,0,0,0,0,0,0,42,10,3,1,0,0,15,0,45
Axiel Plaz,800208,PIT,C,0,0,0,0,0,0,0,0,0,0,0,0,43,11,0,0,0,0,0,0,43
Dario Laverde,800188,LAA,C,0,0,0,0,0,0,0,0,0,0,0,0,40,12,0,0,0,0,0,0,40
Zach Cole,805904,HOU,CF,0,0,24,1,0,0,0,0,0,0,0,0,0,0,3,1,0,0,24,0,3
Blake Walston,686796,ARI,SP,0,0,0,0,0,0,0,0,26,4,0,0,0,0,0,0,0,0,0,26,0
Drew Gilbert,687551,SFG,CF,0,0,20,1,0,0,0,0,0,0,0,0,0,0,2,1,0,0,20,0,2
Blake Dunn,694362,CIN,CF,0,0,18,1,0,0,0,0,0,0,0,0,0,0,2,1,1,1,18,0,3
Brice Matthews,694728,HOU,2B,0,0,19,1,0,0,0,0,0,0,0,0,0,0,2,1,0,0,19,0,2
Jair Camargo,665856,MIN,C,0,0,19,1,0,0,0,0,0,0,0,0,0,0,1,1,0,0,19,0,1
Carson Roccaforte,811287,KC,OF,0,0,14,1,0,0,0,0,0,0,0,0,0,0,1,1,0,0,14,0,1
Jeferson Quero,691620,MIL,C,0,0,8,1,0,0,0,0,0,0,0,0,0,0,1,1,0,0,8,0,1
Alberto Hernandez,800516,HOU,SS,0,0,0,0,0,0,0,0,0,0,0,0,4,1,0,0,0,0,0,0,4
Harry Ford,695670,SEA,C,0,0,0,0,0,0,0,0,0,0,0,0,4,4,0,0,0,0,0,0,4
Will Sanders,691739,CHC,SP,0,0,0,0,0,0,0,0,0,0,0,0,2,1,0,0,0,0,0,0,2
Carlos D. Rodriguez,677578,ATL,CF,0,0,0,0,0,0,0,0,0,0,0,0,0,0,0,0,1,1,0,0,1
Christian Cerda,692416,ARI,C,0,0,0,0,0,0,0,0,0,0,0,0,0,0,0,0,1,1,0,0,1
Emmanuel Rodriguez,691181,MIN,CF,0,0,0,0,0,0,0,0,0,0,0,0,0,0,0,0,1,1,0,0,1
Kyle Bischoff,680253,MIN,DH,0,0,0,0,0,0,0,0,0,0,0,0,1,1,0,0,0,0,0,0,1
Reggie Crawford,686846,SFG,DH,0,0,0,0,0,0,0,0,0,0,0,0,0,0,0,0,1,1,0,0,1
Aaron Walton,830239,CLE,CF,0,0,0,0,0,0,0,0,0,0,0,0,0,0,0,0,0,0,0,0,0
Adam Macko,671936,TOR,RP,0,0,0,0,0,0,0,0,0,0,0,0,0,0,0,0,0,0,0,0,0
Adam Mazur,800049,MIA,SP,0,0,0,0,0,0,0,0,0,0,0,0,0,0,0,0,0,0,0,0,0
Adam Serwinowski,703445,LAD,SP,0,0,0,0,0,0,0,0,0,0,0,0,0,0,0,0,0,0,0,0,0
Adolfo Sanchez,807645,CIN,RF,0,0,0,0,0,0,0,0,0,0,0,0,0,0,0,0,0,0,0,0,0
Adonys Guzman,702631,PIT,C,0,0,0,0,0,0,0,0,0,0,0,0,0,0,0,0,0,0,0,0,0
Adrian  Bohorquez,807974,MIN,SP,0,0,0,0,0,0,0,0,0,0,0,0,0,0,0,0,0,0,0,0,0
Adrian Herrera,805155,CIN,SP,0,0,0,0,0,0,0,0,0,0,0,0,0,0,0,0,0,0,0,0,0
Adrian  Pena,829763,MIA,SP,0,0,0,0,0,0,0,0,0,0,0,0,0,0,0,0,0,0,0,0,0
Adrian Rodriguez,689583,TEX,DH,0,0,0,0,0,0,0,0,0,0,0,0,0,0,0,0,0,0,0,0,0
Aidan Curry,695778,TEX,RP,0,0,0,0,0,0,0,0,0,0,0,0,0,0,0,0,0,0,0,0,0
Aidan Foeller,826538,LAD,SP,0,0,0,0,0,0,0,0,0,0,0,0,0,0,0,0,0,0,0,0,0
Aidan Major,802146,CLE,SP,0,0,0,0,0,0,0,0,0,0,0,0,0,0,0,0,0,0,0,0,0
Aiden May,801995,MIA,RP,0,0,0,0,0,0,0,0,0,0,0,0,0,0,0,0,0,0,0,0,0
AJ Blubaugh,805123,HOU,RP,0,0,0,0,0,0,0,0,0,0,0,0,0,0,0,0,0,0,0,0,0
A.J. Causey,822067,KCR,DH,0,0,0,0,0,0,0,0,0,0,0,0,0,0,0,0,0,0,0,0,0
AJ Russell,805706,TEX,SP,0,0,0,0,0,0,0,0,0,0,0,0,0,0,0,0,0,0,0,0,0
Aldrin Batista,702881,CHW,SP,0,0,0,0,0,0,0,0,0,0,0,0,0,0,0,0,0,0,0,0,0
Alejandro Hidalgo,691576,MIN,RP,0,0,0,0,0,0,0,0,0,0,0,0,0,0,0,0,0,0,0,0,0
Alejandro Rosario,691730,TEX,SP,0,0,0,0,0,0,0,0,0,0,0,0,0,0,0,0,0,0,0,0,0
Alexander Alberto,693739,TBR,DH,0,0,0,0,0,0,0,0,0,0,0,0,0,0,0,0,0,0,0,0,0
Alexander Albertus,800316,CHW,3B,0,0,0,0,0,0,0,0,0,0,0,0,0,0,0,0,0,0,0,0,0
Alex Clemmey,806046,WSN,DH,0,0,0,0,0,0,0,0,0,0,0,0,0,0,0,0,0,0,0,0,0
Alex Freeland,690976,LAD,SS,0,0,0,0,0,0,0,0,0,0,0,0,0,0,0,0,0,0,0,0,0
Alex Hoppe,695380,BOS,DH,0,0,0,0,0,0,0,0,0,0,0,0,0,0,0,0,0,0,0,0,0
Alex Lodise,822676,ATL,SS,0,0,0,0,0,0,0,0,0,0,0,0,0,0,0,0,0,0,0,0,0
Alex Makarewich,801317,LAD,DH,0,0,0,0,0,0,0,0,0,0,0,0,0,0,0,0,0,0,0,0,0
Alex McFarlane,686934,PHI,DH,0,0,0,0,0,0,0,0,0,0,0,0,0,0,0,0,0,0,0,0,0
Alex Pham,702129,BAL,SP,0,0,0,0,0,0,0,0,0,0,0,0,0,0,0,0,0,0,0,0,0
Alex Santos II,691012,HOU,DH,0,0,0,0,0,0,0,0,0,0,0,0,0,0,0,0,0,0,0,0,0
Alimber Santa,695001,HOU,RP,0,0,0,0,0,0,0,0,0,0,0,0,0,0,0,0,0,0,0,0,0
Alonzo Tredwell,696280,HOU,RP,0,0,0,0,0,0,0,0,0,0,0,0,0,0,0,0,0,0,0,0,0
Anderson Brito,820901,HOU,DH,0,0,0,0,0,0,0,0,0,0,0,0,0,0,0,0,0,0,0,0,0
Andre Granillo,701552,STL,DH,0,0,0,0,0,0,0,0,0,0,0,0,0,0,0,0,0,0,0,0,0
Andres Arias,815914,TOR,RF,0,0,0,0,0,0,0,0,0,0,0,0,0,0,0,0,0,0,0,0,0
Andrew Baker,687900,PHI,DH,0,0,0,0,0,0,0,0,0,0,0,0,0,0,0,0,0,0,0,0,0
Andrew Dunford,812775,DET,SP,0,0,0,0,0,0,0,0,0,0,0,0,0,0,0,0,0,0,0,0,0
Andrew Hoffmann,694851,ARI,DH,0,0,0,0,0,0,0,0,0,0,0,0,0,0,0,0,0,0,0,0,0
Andrew Moore,681097,SDP,DH,0,0,0,0,0,0,0,0,0,0,0,0,0,0,0,0,0,0,0,0,0
Andrew Morris,702193,MIN,SP,0,0,0,0,0,0,0,0,0,0,0,0,0,0,0,0,0,0,0,0,0
Andrew Painter,691725,PHI,SP,0,0,0,0,0,0,0,0,0,0,0,0,0,0,0,0,0,0,0,0,0
Andrew Taylor,800063,HOU,RP,0,0,0,0,0,0,0,0,0,0,0,0,0,0,0,0,0,0,0,0,0
Andrew Walters,689958,CLE,DH,0,0,0,0,0,0,0,0,0,0,0,0,0,0,0,0,0,0,0,0,0
Andry Lara,691251,WSN,SP,0,0,0,0,0,0,0,0,0,0,0,0,0,0,0,0,0,0,0,0,0
Angel Bastardo,682785,TOR,RP,0,0,0,0,0,0,0,0,0,0,0,0,0,0,0,0,0,0,0,0,0
Anthony Eyanson,809254,BOS,SP,0,0,0,0,0,0,0,0,0,0,0,0,0,0,0,0,0,0,0,0,0
Anthony Maldonado,687424,ATH,DH,0,0,0,0,0,0,0,0,0,0,0,0,0,0,0,0,0,0,0,0,0
Anthony Nunez,689296,BAL,DH,0,0,0,0,0,0,0,0,0,0,0,0,0,0,0,0,0,0,0,0,0
Anthony Solometo,696143,PIT,SP,0,0,0,0,0,0,0,0,0,0,0,0,0,0,0,0,0,0,0,0,0
Antwone Kelly,699008,PIT,P,0,0,0,0,0,0,0,0,0,0,0,0,0,0,0,0,0,0,0,0,0
Anyer Laureano,703242,CIN,DH,0,0,0,0,0,0,0,0,0,0,0,0,0,0,0,0,0,0,0,0,0
Argenis Cayama,821783,SFG,SP,0,0,0,0,0,0,0,0,0,0,0,0,0,0,0,0,0,0,0,0,0
Ashton Izzi,802416,ARI,SP,0,0,0,0,0,0,0,0,0,0,0,0,0,0,0,0,0,0,0,0,0
Austin Gordon,803135,LAA,SP,0,0,0,0,0,0,0,0,0,0,0,0,0,0,0,0,0,0,0,0,0
Austin Love,676153,STL,DH,0,0,0,0,0,0,0,0,0,0,0,0,0,0,0,0,0,0,0,0,0
Austin Peterson,804926,CLE,SP,0,0,0,0,0,0,0,0,0,0,0,0,0,0,0,0,0,0,0,0,0
Austin Smith,694518,COL,DH,0,0,0,0,0,0,0,0,0,0,0,0,0,0,0,0,0,0,0,0,0
Austin Vernon,694391,TBR,DH,0,0,0,0,0,0,0,0,0,0,0,0,0,0,0,0,0,0,0,0,0
Barrett Kent,806010,LAA,SP,0,0,0,0,0,0,0,0,0,0,0,0,0,0,0,0,0,0,0,0,0
Ben Hess,696292,NYY,SP,0,0,0,0,0,0,0,0,0,0,0,0,0,0,0,0,0,0,0,0,0
Ben Jacobs,800624,DET,SP,0,0,0,0,0,0,0,0,0,0,0,0,0,0,0,0,0,0,0,0,0
Ben Kudrna,695667,KCR,SP,0,0,0,0,0,0,0,0,0,0,0,0,0,0,0,0,0,0,0,0,0
Ben Peoples,687239,CHW,DH,0,0,0,0,0,0,0,0,0,0,0,0,0,0,0,0,0,0,0,0,0
Ben Shields,815456,COL,DH,0,0,0,0,0,0,0,0,0,0,0,0,0,0,0,0,0,0,0,0,0
Billy Carlson,815814,CWS,SS,0,0,0,0,0,0,0,0,0,0,0,0,0,0,0,0,0,0,0,0,0
Bishop Letson,811309,MIL,SP,0,0,0,0,0,0,0,0,0,0,0,0,0,0,0,0,0,0,0,0,0
Blade Tidwell,694918,SFG,SP,0,0,0,0,0,0,0,0,0,0,0,0,0,0,0,0,0,0,0,0,0
Blake Aita,820832,BOS,SP,0,0,0,0,0,0,0,0,0,0,0,0,0,0,0,0,0,0,0,0,0
Blake Burkhalter,686628,ATL,DH,0,0,0,0,0,0,0,0,0,0,0,0,0,0,0,0,0,0,0,0,0
Blake Wehunt,687762,BOS,RP,0,0,0,0,0,0,0,0,0,0,0,0,0,0,0,0,0,0,0,0,0
Blake Wolters,806265,KCR,SP,0,0,0,0,0,0,0,0,0,0,0,0,0,0,0,0,0,0,0,0,0
Bo Bonds,687629,TOR,DH,0,0,0,0,0,0,0,0,0,0,0,0,0,0,0,0,0,0,0,0,0
Boston Baro,805951,NYM,SS,0,0,0,0,0,0,0,0,0,0,0,0,0,0,0,0,0,0,0,0,0
Boston Bateman,815348,BAL,SP,0,0,0,0,0,0,0,0,0,0,0,0,0,0,0,0,0,0,0,0,0
Braden Davis,801078,STL,SP,0,0,0,0,0,0,0,0,0,0,0,0,0,0,0,0,0,0,0,0,0
Braden Nett,804556,ATH,RP,0,0,0,0,0,0,0,0,0,0,0,0,0,0,0,0,0,0,0,0,0
Bradgley Rodriguez,699134,SDP,DH,0,0,0,0,0,0,0,0,0,0,0,0,0,0,0,0,0,0,0,0,0
Brady Basso,669620,ATH,SP,0,0,0,0,0,0,0,0,0,0,0,0,0,0,0,0,0,0,0,0,0
Brady  Ebel,815816,MIL,SS,0,0,0,0,0,0,0,0,0,0,0,0,0,0,0,0,0,0,0,0,0
Brady Smith,806224,LAD,SP,0,0,0,0,0,0,0,0,0,0,0,0,0,0,0,0,0,0,0,0,0
Brandan Bidois,684049,PIT,DH,0,0,0,0,0,0,0,0,0,0,0,0,0,0,0,0,0,0,0,0,0
Brando Mayea,806963,NYY,CF,0,0,0,0,0,0,0,0,0,0,0,0,0,0,0,0,0,0,0,0,0
Brandon Barriera,702255,TOR,SP,0,0,0,0,0,0,0,0,0,0,0,0,0,0,0,0,0,0,0,0,0
Brandon Birdsell,669361,CHC,SP,0,0,0,0,0,0,0,0,0,0,0,0,0,0,0,0,0,0,0,0,0
Brandon Clarke,700251,BOS,SP,0,0,0,0,0,0,0,0,0,0,0,0,0,0,0,0,0,0,0,0,0
Brandon Compton,703680,MIA,LF,0,0,0,0,0,0,0,0,0,0,0,0,0,0,0,0,0,0,0,0,0
Brandon Sproat,687075,NYM,SP,0,0,0,0,0,0,0,0,0,0,0,0,0,0,0,0,0,0,0,0,0
Brandyn Garcia,805299,ARI,RP,0,0,0,0,0,0,0,0,0,0,0,0,0,0,0,0,0,0,0,0,0
Branneli Franco,815919,STL,SP,0,0,0,0,0,0,0,0,0,0,0,0,0,0,0,0,0,0,0,0,0
Braxton Bragg,688867,BAL,SP,0,0,0,0,0,0,0,0,0,0,0,0,0,0,0,0,0,0,0,0,0
Braxton Roxby,694820,SFG,DH,0,0,0,0,0,0,0,0,0,0,0,0,0,0,0,0,0,0,0,0,0
Brayan Narvaez,808352,SFG,SP,0,0,0,0,0,0,0,0,0,0,0,0,0,0,0,0,0,0,0,0,0
Braylon Doughty,815785,CLE,SP,0,0,0,0,0,0,0,0,0,0,0,0,0,0,0,0,0,0,0,0,0
Brendan Summerhill,804911,TBR,CF,0,0,0,0,0,0,0,0,0,0,0,0,0,0,0,0,0,0,0,0,0
Brett Sears,822412,ATL,SP,0,0,0,0,0,0,0,0,0,0,0,0,0,0,0,0,0,0,0,0,0
Brett Wichrowski,814489,MIL,SP,0,0,0,0,0,0,0,0,0,0,0,0,0,0,0,0,0,0,0,0,0
Brian Curley,826536,ARI,DH,0,0,0,0,0,0,0,0,0,0,0,0,0,0,0,0,0,0,0,0,0
Brian Van Belle,687003,TBR,SP,0,0,0,0,0,0,0,0,0,0,0,0,0,0,0,0,0,0,0,0,0
Briggs McKenzie,828987,ATL,P,0,0,0,0,0,0,0,0,0,0,0,0,0,0,0,0,0,0,0,0,0
Brock Moore,822160,SEA,DH,0,0,0,0,0,0,0,0,0,0,0,0,0,0,0,0,0,0,0,0,0
Brock Selvidge,691795,NYY,SP,0,0,0,0,0,0,0,0,0,0,0,0,0,0,0,0,0,0,0,0,0
Brody Brecht,701679,COL,SP,0,0,0,0,0,0,0,0,0,0,0,0,0,0,0,0,0,0,0,0,0
Brody Hopkins,811315,TBR,SP,0,0,0,0,0,0,0,0,0,0,0,0,0,0,0,0,0,0,0,0,0
Brody McCullough,805664,CHC,SP,0,0,0,0,0,0,0,0,0,0,0,0,0,0,0,0,0,0,0,0,0
Brooks Auger,824624,LAD,SP,0,0,0,0,0,0,0,0,0,0,0,0,0,0,0,0,0,0,0,0,0
Brooks Bryan,804871,KCR,C,0,0,0,0,0,0,0,0,0,0,0,0,0,0,0,0,0,0,0,0,0
Bryan Balzer,808893,SDP,SP,0,0,0,0,0,0,0,0,0,0,0,0,0,0,0,0,0,0,0,0,0
Bryce Cunningham,701480,NYY,SP,0,0,0,0,0,0,0,0,0,0,0,0,0,0,0,0,0,0,0,0,0
Bryce Mayer,809343,HOU,SP,0,0,0,0,0,0,0,0,0,0,0,0,0,0,0,0,0,0,0,0,0
Bryce Meccage,815501,MIL,SP,0,0,0,0,0,0,0,0,0,0,0,0,0,0,0,0,0,0,0,0,0
Brycen Mautz,802408,STL,SP,0,0,0,0,0,0,0,0,0,0,0,0,0,0,0,0,0,0,0,0,0
Bryce Rainer,800614,DET,SS,0,0,0,0,0,0,0,0,0,0,0,0,0,0,0,0,0,0,0,0,0
Bubba Chandler,696149,PIT,SP,0,0,0,0,0,0,0,0,0,0,0,0,0,0,0,0,0,0,0,0,0
Cade Cavalli,676917,WSN,SP,0,0,0,0,0,0,0,0,0,0,0,0,0,0,0,0,0,0,0,0,0
Cade Crossland,827265,STL,SP,0,0,0,0,0,0,0,0,0,0,0,0,0,0,0,0,0,0,0,0,0
Cade Kuehler,805780,ATL,DH,0,0,0,0,0,0,0,0,0,0,0,0,0,0,0,0,0,0,0,0,0
Cade McGee,801629,STL,3B,0,0,0,0,0,0,0,0,0,0,0,0,0,0,0,0,0,0,0,0,0
Caden Bodine,805207,BAL,C,0,0,0,0,0,0,0,0,0,0,0,0,0,0,0,0,0,0,0,0,0
Caden Favors,801129,CLE,DH,0,0,0,0,0,0,0,0,0,0,0,0,0,0,0,0,0,0,0,0,0
Caden Grice,694364,ARI,SP,0,0,0,0,0,0,0,0,0,0,0,0,0,0,0,0,0,0,0,0,0
Caden Scarborough,807291,TEX,SP,0,0,0,0,0,0,0,0,0,0,0,0,0,0,0,0,0,0,0,0,0
Cade Obermueller,805261,PHI,SP,0,0,0,0,0,0,0,0,0,0,0,0,0,0,0,0,0,0,0,0,0
Caleb Kilian,668873,CHC,RP,0,0,0,0,0,0,0,0,0,0,0,0,0,0,0,0,0,0,0,0,0
Cale Lansville,695746,SFG,SP,0,0,0,0,0,0,0,0,0,0,0,0,0,0,0,0,0,0,0,0,0
Cam Caminiti,807284,ATL,SP,0,0,0,0,0,0,0,0,0,0,0,0,0,0,0,0,0,0,0,0,0
Camden Minacci,695229,LAA,DH,0,0,0,0,0,0,0,0,0,0,0,0,0,0,0,0,0,0,0,0,0
Cameron Foster,671382,BAL,DH,0,0,0,0,0,0,0,0,0,0,0,0,0,0,0,0,0,0,0,0,0
Cameron Weston,687721,BAL,SP,0,0,0,0,0,0,0,0,0,0,0,0,0,0,0,0,0,0,0,0,0
Cam Leiter,804942,LAD,SP,0,0,0,0,0,0,0,0,0,0,0,0,0,0,0,0,0,0,0,0,0
Carlos Alvarez,825419,SDP,SP,0,0,0,0,0,0,0,0,0,0,0,0,0,0,0,0,0,0,0,0,0
Carlos Duran,679922,ATH,DH,0,0,0,0,0,0,0,0,0,0,0,0,0,0,0,0,0,0,0,0,0
Carlos Espinosa,800514,LAA,DH,0,0,0,0,0,0,0,0,0,0,0,0,0,0,0,0,0,0,0,0,0
Carlos Gutierrez,806872,SFG,LF,0,0,0,0,0,0,0,0,0,0,0,0,0,0,0,0,0,0,0,0,0
Carlos Lagrange,801739,NYY,DH,0,0,0,0,0,0,0,0,0,0,0,0,0,0,0,0,0,0,0,0,0
Carlos Rodriguez,692230,MIL,SP,0,0,0,0,0,0,0,0,0,0,0,0,0,0,0,0,0,0,0,0,0
Carlson Reed,694788,PIT,RP,0,0,0,0,0,0,0,0,0,0,0,0,0,0,0,0,0,0,0,0,0
Carson Coleman,679693,NYY,DH,0,0,0,0,0,0,0,0,0,0,0,0,0,0,0,0,0,0,0,0,0
Carson Jacobs,801941,CHW,DH,0,0,0,0,0,0,0,0,0,0,0,0,0,0,0,0,0,0,0,0,0
Carson Palmquist,687223,COL,SP,0,0,0,0,0,0,0,0,0,0,0,0,0,0,0,0,0,0,0,0,0
Carson Whisenhunt,687931,SFG,SP,0,0,0,0,0,0,0,0,0,0,0,0,0,0,0,0,0,0,0,0,0
Carson Williams,700246,TBR,SS,0,0,0,0,0,0,0,0,0,0,0,0,0,0,0,0,0,0,0,0,0
Carter Holton,692290,ATL,SP,0,0,0,0,0,0,0,0,0,0,0,0,0,0,0,0,0,0,0,0,0
Carter Jensen,695600,KCR,C,0,0,0,0,0,0,0,0,0,0,0,0,0,0,0,0,0,0,0,0,0
Chalniel Arias,703921,NYY,SP,0,0,0,0,0,0,0,0,0,0,0,0,0,0,0,0,0,0,0,0,0
Charlee Soto,805792,MIN,SP,0,0,0,0,0,0,0,0,0,0,0,0,0,0,0,0,0,0,0,0,0
Charles Davalan,804560,LAD,LF,0,0,0,0,0,0,0,0,0,0,0,0,0,0,0,0,0,0,0,0,0
Chase Davis,690971,STL,CF,0,0,0,0,0,0,0,0,0,0,0,0,0,0,0,0,0,0,0,0,0
Chase Hampton,694633,NYY,SP,0,0,0,0,0,0,0,0,0,0,0,0,0,0,0,0,0,0,0,0,0
Chase Mobley,813949,CLE,SP,0,0,0,0,0,0,0,0,0,0,0,0,0,0,0,0,0,0,0,0,0
Chase Petty,695534,CIN,SP,0,0,0,0,0,0,0,0,0,0,0,0,0,0,0,0,0,0,0,0,0
Chase Shores,702274,LAA,DH,0,0,0,0,0,0,0,0,0,0,0,0,0,0,0,0,0,0,0,0,0
Chayce McDermott,694646,BAL,SP,0,0,0,0,0,0,0,0,0,0,0,0,0,0,0,0,0,0,0,0,0
Chen-Wei Lin,813820,STL,SP,0,0,0,0,0,0,0,0,0,0,0,0,0,0,0,0,0,0,0,0,0
Chris Campos,702318,LAD,SP,0,0,0,0,0,0,0,0,0,0,0,0,0,0,0,0,0,0,0,0,0
Chris Cortez,700933,LAA,DH,0,0,0,0,0,0,0,0,0,0,0,0,0,0,0,0,0,0,0,0,0
Chris Kean,815454,NYY,DH,0,0,0,0,0,0,0,0,0,0,0,0,0,0,0,0,0,0,0,0,0
Christian McGowan,694909,PHI,DH,0,0,0,0,0,0,0,0,0,0,0,0,0,0,0,0,0,0,0,0,0
Christian Oppor,803291,CHW,RP,0,0,0,0,0,0,0,0,0,0,0,0,0,0,0,0,0,0,0,0,0
Christian Zazueta,800537,LAD,SP,0,0,0,0,0,0,0,0,0,0,0,0,0,0,0,0,0,0,0,0,0
C.J. Culpepper,690217,MIN,SP,0,0,0,0,0,0,0,0,0,0,0,0,0,0,0,0,0,0,0,0,0
Clayton Beeter,690925,WSN,DH,0,0,0,0,0,0,0,0,0,0,0,0,0,0,0,0,0,0,0,0,0
Cody Adcock,694832,CIN,DH,0,0,0,0,0,0,0,0,0,0,0,0,0,0,0,0,0,0,0,0,0
Cody Bowker,805790,PHI,SP,0,0,0,0,0,0,0,0,0,0,0,0,0,0,0,0,0,0,0,0,0
Colby Langford,815308,HOU,DH,0,0,0,0,0,0,0,0,0,0,0,0,0,0,0,0,0,0,0,0,0
Cole Foster,694369,SFG,SS,0,0,0,0,0,0,0,0,0,0,0,0,0,0,0,0,0,0,0,0,0
Cole Hertzler,826315,HOU,SP,0,0,0,0,0,0,0,0,0,0,0,0,0,0,0,0,0,0,0,0,0
Coleman Crow,689441,MIL,SP,0,0,0,0,0,0,0,0,0,0,0,0,0,0,0,0,0,0,0,0,0
Cole Miller,800612,ATH,SP,0,0,0,0,0,0,0,0,0,0,0,0,0,0,0,0,0,0,0,0,0
Cole Paplham,800996,SDP,DH,0,0,0,0,0,0,0,0,0,0,0,0,0,0,0,0,0,0,0,0,0
Cole Peschl,828497,MIN,SP,0,0,0,0,0,0,0,0,0,0,0,0,0,0,0,0,0,0,0,0,0
Cole Schoenwetter,800616,CIN,SP,0,0,0,0,0,0,0,0,0,0,0,0,0,0,0,0,0,0,0,0,0
Cole Waites,686972,SFG,DH,0,0,0,0,0,0,0,0,0,0,0,0,0,0,0,0,0,0,0,0,0
Colin Yeaman,829649,BAL,SS,0,0,0,0,0,0,0,0,0,0,0,0,0,0,0,0,0,0,0,0,0
Connelly Early,813349,BOS,RP,0,0,0,0,0,0,0,0,0,0,0,0,0,0,0,0,0,0,0,0,0
Connor Cooke,701566,TOR,DH,0,0,0,0,0,0,0,0,0,0,0,0,0,0,0,0,0,0,0,0,0
Connor Foley,805879,ARI,DH,0,0,0,0,0,0,0,0,0,0,0,0,0,0,0,0,0,0,0,0,0
Connor Noland,690939,CHC,SP,0,0,0,0,0,0,0,0,0,0,0,0,0,0,0,0,0,0,0,0,0
Connor Phillips,683175,CIN,RP,0,0,0,0,0,0,0,0,0,0,0,0,0,0,0,0,0,0,0,0,0
Connor Prielipp,687570,MIN,SP,0,0,0,0,0,0,0,0,0,0,0,0,0,0,0,0,0,0,0,0,0
Connor Thomas,671162,MIL,RP,0,0,0,0,0,0,0,0,0,0,0,0,0,0,0,0,0,0,0,0,0
Conrad Cason,815359,BOS,SP,0,0,0,0,0,0,0,0,0,0,0,0,0,0,0,0,0,0,0,0,0
Cooper Hjerpe,687309,STL,SP,0,0,0,0,0,0,0,0,0,0,0,0,0,0,0,0,0,0,0,0,0
Coy James,815983,WSH,SS,0,0,0,0,0,0,0,0,0,0,0,0,0,0,0,0,0,0,0,0,0
Craig Yoho,684974,MIL,DH,0,0,0,0,0,0,0,0,0,0,0,0,0,0,0,0,0,0,0,0,0
Cristhian Vaquero,703143,WSN,CF,0,0,0,0,0,0,0,0,0,0,0,0,0,0,0,0,0,0,0,0,0
Cristian Mena,691441,ARI,SP,0,0,0,0,0,0,0,0,0,0,0,0,0,0,0,0,0,0,0,0,0
Cy Nielson,686951,PIT,DH,0,0,0,0,0,0,0,0,0,0,0,0,0,0,0,0,0,0,0,0,0
Dahian  Santos,692479,TOR,RP,0,0,0,0,0,0,0,0,0,0,0,0,0,0,0,0,0,0,0,0,0
Daiber De Los Santos,815893,MIN,SS,0,0,0,0,0,0,0,0,0,0,0,0,0,0,0,0,0,0,0,0,0
Dale Stanavich,689359,MIA,DH,0,0,0,0,0,0,0,0,0,0,0,0,0,0,0,0,0,0,0,0,0
Dalton Pence,701717,TEX,P,0,0,0,0,0,0,0,0,0,0,0,0,0,0,0,0,0,0,0,0,0
Dalton Rogers,800059,BOS,RP,0,0,0,0,0,0,0,0,0,0,0,0,0,0,0,0,0,0,0,0,0
Daniel Dickinson,823658,MIL,2B,0,0,0,0,0,0,0,0,0,0,0,0,0,0,0,0,0,0,0,0,0
Daniel Eagen,811666,ARI,SP,0,0,0,0,0,0,0,0,0,0,0,0,0,0,0,0,0,0,0,0,0
Daniel Pierce,828084,TB,SS,0,0,0,0,0,0,0,0,0,0,0,0,0,0,0,0,0,0,0,0,0
Daniel Robert,642016,PHI,DH,0,0,0,0,0,0,0,0,0,0,0,0,0,0,0,0,0,0,0,0,0
Darren Bowen,804539,MIN,DH,0,0,0,0,0,0,0,0,0,0,0,0,0,0,0,0,0,0,0,0,0
Dasan Hill,815598,MIN,SP,0,0,0,0,0,0,0,0,0,0,0,0,0,0,0,0,0,0,0,0,0
David Davalillo,699314,TEX,SP,0,0,0,0,0,0,0,0,0,0,0,0,0,0,0,0,0,0,0,0,0
David Hagaman,701908,ARI,SP,0,0,0,0,0,0,0,0,0,0,0,0,0,0,0,0,0,0,0,0,0
David Matoma,807968,PIT,SP,0,0,0,0,0,0,0,0,0,0,0,0,0,0,0,0,0,0,0,0,0
David Sandlin,689818,BOS,DH,0,0,0,0,0,0,0,0,0,0,0,0,0,0,0,0,0,0,0,0,0
David Shields,815789,KCR,SP,0,0,0,0,0,0,0,0,0,0,0,0,0,0,0,0,0,0,0,0,0
Davis Polo,805175,ATL,SP,0,0,0,0,0,0,0,0,0,0,0,0,0,0,0,0,0,0,0,0,0
Dax Fulton,690978,MIA,SP,0,0,0,0,0,0,0,0,0,0,0,0,0,0,0,0,0,0,0,0,0
Dean Curley,806053,CLE,3B,0,0,0,0,0,0,0,0,0,0,0,0,0,0,0,0,0,0,0,0,0
Demetrio Crisantes,702679,ARI,2B,0,0,0,0,0,0,0,0,0,0,0,0,0,0,0,0,0,0,0,0,0
Dennis Colleran,701207,KCR,DH,0,0,0,0,0,0,0,0,0,0,0,0,0,0,0,0,0,0,0,0,0
Denzer Guzman,694203,LAA,SS,0,0,0,0,0,0,0,0,0,0,0,0,0,0,0,0,0,0,0,0,0
Derniche Valdez,806961,CHC,SS,0,0,0,0,0,0,0,0,0,0,0,0,0,0,0,0,0,0,0,0,0
Dexters Peralta,820996,NYY,SS,0,0,0,0,0,0,0,0,0,0,0,0,0,0,0,0,0,0,0,0,0
Didier Fuentes,800311,ATL,SP,0,0,0,0,0,0,0,0,0,0,0,0,0,0,0,0,0,0,0,0,0
Dominick Reid,805255,CHC,SP,0,0,0,0,0,0,0,0,0,0,0,0,0,0,0,0,0,0,0,0,0
Dominic Perachi,806270,PIT,SP,0,0,0,0,0,0,0,0,0,0,0,0,0,0,0,0,0,0,0,0,0
Douglas Orellana,702878,NYM,DH,0,0,0,0,0,0,0,0,0,0,0,0,0,0,0,0,0,0,0,0,0
Doug Nikhazy,680951,CLE,SP,0,0,0,0,0,0,0,0,0,0,0,0,0,0,0,0,0,0,0,0,0
Drake George,825095,SFG,DH,0,0,0,0,0,0,0,0,0,0,0,0,0,0,0,0,0,0,0,0,0
Drew Beam,701795,KCR,SP,0,0,0,0,0,0,0,0,0,0,0,0,0,0,0,0,0,0,0,0,0
Drew Dowd,694647,TBR,SP,0,0,0,0,0,0,0,0,0,0,0,0,0,0,0,0,0,0,0,0,0
Drew Romo,691011,COL,C,0,0,0,0,0,0,0,0,0,0,0,0,0,0,0,0,0,0,0,0,0
Drue Hackenberg,802357,ATL,SP,0,0,0,0,0,0,0,0,0,0,0,0,0,0,0,0,0,0,0,0,0
Duncan Davitt,701474,CHW,SP,0,0,0,0,0,0,0,0,0,0,0,0,0,0,0,0,0,0,0,0,0
Dylan Jordan,813335,LAA,SP,0,0,0,0,0,0,0,0,0,0,0,0,0,0,0,0,0,0,0,0,0
Dylan Lesko,702266,TBR,SP,0,0,0,0,0,0,0,0,0,0,0,0,0,0,0,0,0,0,0,0,0
Dylan Ray,691009,ARI,SP,0,0,0,0,0,0,0,0,0,0,0,0,0,0,0,0,0,0,0,0,0
Dylan Ross,697811,NYM,DH,0,0,0,0,0,0,0,0,0,0,0,0,0,0,0,0,0,0,0,0,0
Dylan Smith,681916,DET,DH,0,0,0,0,0,0,0,0,0,0,0,0,0,0,0,0,0,0,0,0,0
Easton Carmichael,702695,PIT,C,0,0,0,0,0,0,0,0,0,0,0,0,0,0,0,0,0,0,0,0,0
Edgar Isea,683384,ARI,DH,0,0,0,0,0,0,0,0,0,0,0,0,0,0,0,0,0,0,0,0,0
Eduarniel Núñez,674384,ATH,DH,0,0,0,0,0,0,0,0,0,0,0,0,0,0,0,0,0,0,0,0,0
Eiberson Castellano,682769,PHI,DH,0,0,0,0,0,0,0,0,0,0,0,0,0,0,0,0,0,0,0,0,0
Eiver Mosquera,820940,MIA,SP,0,0,0,0,0,0,0,0,0,0,0,0,0,0,0,0,0,0,0,0,0
Elian De La Cruz,829066,ARI,RF,0,0,0,0,0,0,0,0,0,0,0,0,0,0,0,0,0,0,0,0,0
Elian Pena,681657,NYM,SS,0,0,0,0,0,0,0,0,0,0,0,0,0,0,0,0,0,0,0,0,0
Eli Serrano III,702501,NYM,LF,0,0,0,0,0,0,0,0,0,0,0,0,0,0,0,0,0,0,0,0,0
Elison Joseph,693176,ATL,DH,0,0,0,0,0,0,0,0,0,0,0,0,0,0,0,0,0,0,0,0,0
Eli Willits,816113,WSN,SS,0,0,0,0,0,0,0,0,0,0,0,0,0,0,0,0,0,0,0,0,0
Elmer Rodriguez-Cruz,695684,NYY,SP,0,0,0,0,0,0,0,0,0,0,0,0,0,0,0,0,0,0,0,0,0
Emiliano Teodo,693713,TEX,DH,0,0,0,0,0,0,0,0,0,0,0,0,0,0,0,0,0,0,0,0,0
Emilio Sanchez,815916,BAL,SS,0,0,0,0,0,0,0,0,0,0,0,0,0,0,0,0,0,0,0,0,0
Enrique Segura,800283,TEX,SP,0,0,0,0,0,0,0,0,0,0,0,0,0,0,0,0,0,0,0,0,0
Enyel Lopez,830472,TEX,DH,0,0,0,0,0,0,0,0,0,0,0,0,0,0,0,0,0,0,0,0,0
Eriandys Ramon,814546,CHC,3B,0,0,0,0,0,0,0,0,0,0,0,0,0,0,0,0,0,0,0,0,0
Eric Adler,688328,CHW,DH,0,0,0,0,0,0,0,0,0,0,0,0,0,0,0,0,0,0,0,0,0
Eric Cerantola,672021,KCR,DH,0,0,0,0,0,0,0,0,0,0,0,0,0,0,0,0,0,0,0,0,0
Eric Reyzelman,801432,NYY,DH,0,0,0,0,0,0,0,0,0,0,0,0,0,0,0,0,0,0,0,0,0
Eriq Swan,811291,WSN,DH,0,0,0,0,0,0,0,0,0,0,0,0,0,0,0,0,0,0,0,0,0
Esmerlyn Valdez,699013,PIT,OF,0,0,0,0,0,0,0,0,0,0,0,0,0,0,0,0,0,0,0,0,0
Esteban Mejia,821757,BAL,SP,0,0,0,0,0,0,0,0,0,0,0,0,0,0,0,0,0,0,0,0,0
Ethan Bagwell,815626,ATL,SP,0,0,0,0,0,0,0,0,0,0,0,0,0,0,0,0,0,0,0,0,0
Ethan Conrad,828255,CHC,CF,0,0,0,0,0,0,0,0,0,0,0,0,0,0,0,0,0,0,0,0,0
Ethan Dorchies,828475,MIL,P,0,0,0,0,0,0,0,0,0,0,0,0,0,0,0,0,0,0,0,0,0
Ethan Hedges,805260,COL,3B,0,0,0,0,0,0,0,0,0,0,0,0,0,0,0,0,0,0,0,0,0
Ethan Pecko,814490,HOU,SP,0,0,0,0,0,0,0,0,0,0,0,0,0,0,0,0,0,0,0,0,0
Ethan Schiefelbein,815162,DET,SP,0,0,0,0,0,0,0,0,0,0,0,0,0,0,0,0,0,0,0,0,0
Ethan Young,831273,STL,RP,0,0,0,0,0,0,0,0,0,0,0,0,0,0,0,0,0,0,0,0,0
Evan Reifert,682126,TBR,DH,0,0,0,0,0,0,0,0,0,0,0,0,0,0,0,0,0,0,0,0,0
Evan Sisk,681895,PIT,DH,0,0,0,0,0,0,0,0,0,0,0,0,0,0,0,0,0,0,0,0,0
Felipe De La Cruz,700370,NYM,DH,0,0,0,0,0,0,0,0,0,0,0,0,0,0,0,0,0,0,0,0,0
Felix Arronde,702373,KCR,SP,0,0,0,0,0,0,0,0,0,0,0,0,0,0,0,0,0,0,0,0,0
Fernando Perez,800125,TOR,SP,0,0,0,0,0,0,0,0,0,0,0,0,0,0,0,0,0,0,0,0,0
Francis Pena,800212,SDP,DH,0,0,0,0,0,0,0,0,0,0,0,0,0,0,0,0,0,0,0,0,0
Francis Texido,809814,LAA,RP,0,0,0,0,0,0,0,0,0,0,0,0,0,0,0,0,0,0,0,0,0
Franco Aleman,680916,CLE,DH,0,0,0,0,0,0,0,0,0,0,0,0,0,0,0,0,0,0,0,0,0
Frank Elissalt,692284,STL,DH,0,0,0,0,0,0,0,0,0,0,0,0,0,0,0,0,0,0,0,0,0
Frank Mozzicato,700924,KCR,DH,0,0,0,0,0,0,0,0,0,0,0,0,0,0,0,0,0,0,0,0,0
Franyerber Montilla,800508,DET,SS,0,0,0,0,0,0,0,0,0,0,0,0,0,0,0,0,0,0,0,0,0
Franyer Herrera,800471,NYY,SP,0,0,0,0,0,0,0,0,0,0,0,0,0,0,0,0,0,0,0,0,0
Fulton Lockhart,702586,LAA,DH,0,0,0,0,0,0,0,0,0,0,0,0,0,0,0,0,0,0,0,0,0
Gabriel Hughes,687312,COL,SP,0,0,0,0,0,0,0,0,0,0,0,0,0,0,0,0,0,0,0,0,0
Gabriel Reyes,694050,DET,DH,0,0,0,0,0,0,0,0,0,0,0,0,0,0,0,0,0,0,0,0,0
Gabriel Rincones,465321,PHI,OF,0,0,0,0,0,0,0,0,0,0,0,0,0,0,0,0,0,0,0,0,0
Gabriel Rodriguez,821657,CLE,SS,0,0,0,0,0,0,0,0,0,0,0,0,0,0,0,0,0,0,0,0,0
Gabriel Sosa,691669,SEA,DH,0,0,0,0,0,0,0,0,0,0,0,0,0,0,0,0,0,0,0,0,0
Gage Jump,695611,ATH,SP,0,0,0,0,0,0,0,0,0,0,0,0,0,0,0,0,0,0,0,0,0
Gage Stanifer,804948,TOR,P,0,0,0,0,0,0,0,0,0,0,0,0,0,0,0,0,0,0,0,0,0
Gage Wood,805906,PHI,SP,0,0,0,0,0,0,0,0,0,0,0,0,0,0,0,0,0,0,0,0,0
Gage Ziehl,695721,CHW,SP,0,0,0,0,0,0,0,0,0,0,0,0,0,0,0,0,0,0,0,0,0
Garrett Baumann,803833,ATL,SP,0,0,0,0,0,0,0,0,0,0,0,0,0,0,0,0,0,0,0,0,0
Garrett McDaniels,680729,LAD,DH,0,0,0,0,0,0,0,0,0,0,0,0,0,0,0,0,0,0,0,0,0
Gary Gill Hill,804541,TBR,SP,0,0,0,0,0,0,0,0,0,0,0,0,0,0,0,0,0,0,0,0,0
Gavin Collyer,686560,TEX,DH,0,0,0,0,0,0,0,0,0,0,0,0,0,0,0,0,0,0,0,0,0
Gavin Fien,815818,TEX,RF,0,0,0,0,0,0,0,0,0,0,0,0,0,0,0,0,0,0,0,0,0
Gavin Kilen,702264,SFG,SS,0,0,0,0,0,0,0,0,0,0,0,0,0,0,0,0,0,0,0,0,0
Gavin Turley,702504,ATH,LF,0,0,0,0,0,0,0,0,0,0,0,0,0,0,0,0,0,0,0,0,0
George Klassen,691946,LAA,SP,0,0,0,0,0,0,0,0,0,0,0,0,0,0,0,0,0,0,0,0,0
George Lombard,136601,NYY,SS,0,0,0,0,0,0,0,0,0,0,0,0,0,0,0,0,0,0,0,0,0
George Valera,671655,CLE,RF,0,0,0,0,0,0,0,0,0,0,0,0,0,0,0,0,0,0,0,0,0
Gerald Ogando,676012,BAL,DH,0,0,0,0,0,0,0,0,0,0,0,0,0,0,0,0,0,0,0,0,0
Gerelmi Maldonado,698965,SFG,DH,0,0,0,0,0,0,0,0,0,0,0,0,0,0,0,0,0,0,0,0,0
Grant Jay,703603,SEA,C,0,0,0,0,0,0,0,0,0,0,0,0,0,0,0,0,0,0,0,0,0
Grant Rogers,814804,TOR,SP,0,0,0,0,0,0,0,0,0,0,0,0,0,0,0,0,0,0,0,0,0
Grant Shepardson,824415,MIA,SP,0,0,0,0,0,0,0,0,0,0,0,0,0,0,0,0,0,0,0,0,0
Grayson Hitt,694491,ARI,SP,0,0,0,0,0,0,0,0,0,0,0,0,0,0,0,0,0,0,0,0,0
Gregory Sanchez,821800,COL,SP,0,0,0,0,0,0,0,0,0,0,0,0,0,0,0,0,0,0,0,0,0
Griffin Burkholder,816120,PHI,CF,0,0,0,0,0,0,0,0,0,0,0,0,0,0,0,0,0,0,0,0,0
Griffin Herring,702622,COL,SP,0,0,0,0,0,0,0,0,0,0,0,0,0,0,0,0,0,0,0,0,0
Griffin Hugus,702976,SEA,SP,0,0,0,0,0,0,0,0,0,0,0,0,0,0,0,0,0,0,0,0,0
Gunnar Hoglund,680684,ATH,SP,0,0,0,0,0,0,0,0,0,0,0,0,0,0,0,0,0,0,0,0,0
Hagen Smith,696146,CHW,SP,0,0,0,0,0,0,0,0,0,0,0,0,0,0,0,0,0,0,0,0,0
Hancel Rincon,684516,STL,SP,0,0,0,0,0,0,0,0,0,0,0,0,0,0,0,0,0,0,0,0,0
Hansel Rosario,702873,NYY,DH,0,0,0,0,0,0,0,0,0,0,0,0,0,0,0,0,0,0,0,0,0
Hayden Durke,694492,ARI,DH,0,0,0,0,0,0,0,0,0,0,0,0,0,0,0,0,0,0,0,0,0
Hayden Mullins,683093,BOS,DH,0,0,0,0,0,0,0,0,0,0,0,0,0,0,0,0,0,0,0,0,0
Hayden Wynja,676883,SFG,DH,0,0,0,0,0,0,0,0,0,0,0,0,0,0,0,0,0,0,0,0,0
Hector Rodriguez,674450,CIN,OF,0,0,0,0,0,0,0,0,0,0,0,0,0,0,0,0,0,0,0,0,0
Henry Baez,692013,ATH,SP,0,0,0,0,0,0,0,0,0,0,0,0,0,0,0,0,0,0,0,0,0
Henry Godbout,804995,BOS,2B,0,0,0,0,0,0,0,0,0,0,0,0,0,0,0,0,0,0,0,0,0
Henry Lalane,700649,NYY,SP,0,0,0,0,0,0,0,0,0,0,0,0,0,0,0,0,0,0,0,0,0
Henry Williams,689275,KCR,SP,0,0,0,0,0,0,0,0,0,0,0,0,0,0,0,0,0,0,0,0,0
Herick Hernandez,803349,ATL,DH,0,0,0,0,0,0,0,0,0,0,0,0,0,0,0,0,0,0,0,0,0
Hiro Wyatt,702965,KCR,SP,0,0,0,0,0,0,0,0,0,0,0,0,0,0,0,0,0,0,0,0,0
Humberto Cruz,814232,SDP,SP,0,0,0,0,0,0,0,0,0,0,0,0,0,0,0,0,0,0,0,0,0
Hunter Barco,682995,PIT,SP,0,0,0,0,0,0,0,0,0,0,0,0,0,0,0,0,0,0,0,0,0
Hunter Cranton,675450,ARI,DH,0,0,0,0,0,0,0,0,0,0,0,0,0,0,0,0,0,0,0,0,0
Hunter Dryden,827500,SFG,SP,0,0,0,0,0,0,0,0,0,0,0,0,0,0,0,0,0,0,0,0,0
Hunter Feduccia,676439,TBR,C,0,0,0,0,0,0,0,0,0,0,0,0,0,0,0,0,0,0,0,0,0
Hurston Waldrep,694462,ATL,SP,0,0,0,0,0,0,0,0,0,0,0,0,0,0,0,0,0,0,0,0,0
Hyun-Seok Jang,815794,LAD,SP,0,0,0,0,0,0,0,0,0,0,0,0,0,0,0,0,0,0,0,0,0
Isaiah Coupet,694549,COL,RP,0,0,0,0,0,0,0,0,0,0,0,0,0,0,0,0,0,0,0,0,0
Isaiah Lowe,702584,SDP,SP,0,0,0,0,0,0,0,0,0,0,0,0,0,0,0,0,0,0,0,0,0
Ismael Agreda,697795,TEX,RP,0,0,0,0,0,0,0,0,0,0,0,0,0,0,0,0,0,0,0,0,0
Ixan Henderson,809100,STL,SP,0,0,0,0,0,0,0,0,0,0,0,0,0,0,0,0,0,0,0,0,0
Izack Tiger,806094,TEX,DH,0,0,0,0,0,0,0,0,0,0,0,0,0,0,0,0,0,0,0,0,0
Jace LaViolette,702593,CLE,CF,0,0,0,0,0,0,0,0,0,0,0,0,0,0,0,0,0,0,0,0,0
Jack Brannigan,687394,PIT,SS,0,0,0,0,0,0,0,0,0,0,0,0,0,0,0,0,0,0,0,0,0
Jack Choate,805257,SFG,RP,0,0,0,0,0,0,0,0,0,0,0,0,0,0,0,0,0,0,0,0,0
Jack Dashwood,669081,LAA,DH,0,0,0,0,0,0,0,0,0,0,0,0,0,0,0,0,0,0,0,0,0
Jack Hartman,689713,TBR,DH,0,0,0,0,0,0,0,0,0,0,0,0,0,0,0,0,0,0,0,0,0
Jack Hostetler,828774,MIL,DH,0,0,0,0,0,0,0,0,0,0,0,0,0,0,0,0,0,0,0,0,0
Jack Mahoney,694968,COL,SP,0,0,0,0,0,0,0,0,0,0,0,0,0,0,0,0,0,0,0,0,0
Jack Neely,680891,CHC,DH,0,0,0,0,0,0,0,0,0,0,0,0,0,0,0,0,0,0,0,0,0
Jackson Baumeister,691765,TBR,SP,0,0,0,0,0,0,0,0,0,0,0,0,0,0,0,0,0,0,0,0,0
Jackson Ferris,701328,LAD,SP,0,0,0,0,0,0,0,0,0,0,0,0,0,0,0,0,0,0,0,0,0
Jackson  Humphries,703469,CLE,RP,0,0,0,0,0,0,0,0,0,0,0,0,0,0,0,0,0,0,0,0,0
Jackson Kent,800600,WSN,SP,0,0,0,0,0,0,0,0,0,0,0,0,0,0,0,0,0,0,0,0,0
Jackson Lancaster,688776,TBR,DH,0,0,0,0,0,0,0,0,0,0,0,0,0,0,0,0,0,0,0,0,0
Jackson Nezuh,694545,HOU,SP,0,0,0,0,0,0,0,0,0,0,0,0,0,0,0,0,0,0,0,0,0
Jack Wenninger,811307,NYM,SP,0,0,0,0,0,0,0,0,0,0,0,0,0,0,0,0,0,0,0,0,0
Jacob Bresnahan,815298,SFG,SP,0,0,0,0,0,0,0,0,0,0,0,0,0,0,0,0,0,0,0,0,0
Jacob Melton,689200,HOU,CF,0,0,0,0,0,0,0,0,0,0,0,0,0,0,0,0,0,0,0,0,0
Jacob Miller,702571,MIA,SP,0,0,0,0,0,0,0,0,0,0,0,0,0,0,0,0,0,0,0,0,0
Jacob Morrison,804756,MIL,SP,0,0,0,0,0,0,0,0,0,0,0,0,0,0,0,0,0,0,0,0,0
Jacob Odle,813838,STL,DH,0,0,0,0,0,0,0,0,0,0,0,0,0,0,0,0,0,0,0,0,0
Jacob Steinmetz,700255,ARI,SP,0,0,0,0,0,0,0,0,0,0,0,0,0,0,0,0,0,0,0,0,0
Jacob Wosinski,814291,MIN,RP,0,0,0,0,0,0,0,0,0,0,0,0,0,0,0,0,0,0,0,0,0
Jaden Fauske,828262,CWS,OF,0,0,0,0,0,0,0,0,0,0,0,0,0,0,0,0,0,0,0,0,0
Jaden Hamm,811290,DET,SP,0,0,0,0,0,0,0,0,0,0,0,0,0,0,0,0,0,0,0,0,0
Jaden Woods,692243,PIT,DH,0,0,0,0,0,0,0,0,0,0,0,0,0,0,0,0,0,0,0,0,0
Jagger Haynes,695247,SDP,RP,0,0,0,0,0,0,0,0,0,0,0,0,0,0,0,0,0,0,0,0,0
Jairo Iriarte,683568,CHW,SP,0,0,0,0,0,0,0,0,0,0,0,0,0,0,0,0,0,0,0,0,0
Jake Bennett,687562,WSN,SP,0,0,0,0,0,0,0,0,0,0,0,0,0,0,0,0,0,0,0,0,0
Jake Bloss,814005,TOR,SP,0,0,0,0,0,0,0,0,0,0,0,0,0,0,0,0,0,0,0,0,0
Jake Cook,834404,TOR,CF,0,0,0,0,0,0,0,0,0,0,0,0,0,0,0,0,0,0,0,0,0
Jake Eder,671109,WSN,SP,0,0,0,0,0,0,0,0,0,0,0,0,0,0,0,0,0,0,0,0,0
Jake Miller,805725,DET,RP,0,0,0,0,0,0,0,0,0,0,0,0,0,0,0,0,0,0,0,0,0
Jakob Wright,809915,LAD,RP,0,0,0,0,0,0,0,0,0,0,0,0,0,0,0,0,0,0,0,0,0
James Ellwanger,806067,MIN,SP,0,0,0,0,0,0,0,0,0,0,0,0,0,0,0,0,0,0,0,0,0
James Hicks,801802,HOU,SP,0,0,0,0,0,0,0,0,0,0,0,0,0,0,0,0,0,0,0,0,0
James  Quinn-Irons,833397,TBR,CF,0,0,0,0,0,0,0,0,0,0,0,0,0,0,0,0,0,0,0,0,0
Jamie Arnold,150374,ATH,SP,0,0,0,0,0,0,0,0,0,0,0,0,0,0,0,0,0,0,0,0,0
Janero Miller,806977,MIA,DH,0,0,0,0,0,0,0,0,0,0,0,0,0,0,0,0,0,0,0,0,0
Jared Johnson,687991,ATH,DH,0,0,0,0,0,0,0,0,0,0,0,0,0,0,0,0,0,0,0,0,0
Jared Jones,702262,PIT,1B,0,0,0,0,0,0,0,0,0,0,0,0,0,0,0,0,0,0,0,0,0
Jared Karros,689042,LAD,SP,0,0,0,0,0,0,0,0,0,0,0,0,0,0,0,0,0,0,0,0,0
Jared Spencer,801358,TOR,DH,0,0,0,0,0,0,0,0,0,0,0,0,0,0,0,0,0,0,0,0,0
Jarlin Susana,703186,WSN,SP,0,0,0,0,0,0,0,0,0,0,0,0,0,0,0,0,0,0,0,0,0
Jarold Rosado,695316,CHW,DH,0,0,0,0,0,0,0,0,0,0,0,0,0,0,0,0,0,0,0,0,0
Jason Reitz,805279,MIN,SP,0,0,0,0,0,0,0,0,0,0,0,0,0,0,0,0,0,0,0,0,0
Jaxon Wiggins,694393,CHC,SP,0,0,0,0,0,0,0,0,0,0,0,0,0,0,0,0,0,0,0,0,0
Jaydenn  Estanista,692838,PHI,DH,0,0,0,0,0,0,0,0,0,0,0,0,0,0,0,0,0,0,0,0,0
JB Middleton,822477,COL,RP,0,0,0,0,0,0,0,0,0,0,0,0,0,0,0,0,0,0,0,0,0
JD Thompson,702505,MIL,SP,0,0,0,0,0,0,0,0,0,0,0,0,0,0,0,0,0,0,0,0,0
Jean Cabrera,691893,PHI,SP,0,0,0,0,0,0,0,0,0,0,0,0,0,0,0,0,0,0,0,0,0
JeanPierre Ortiz,701370,CIN,SP,0,0,0,0,0,0,0,0,0,0,0,0,0,0,0,0,0,0,0,0,0
Jedixson Paez,699151,BOS,SP,0,0,0,0,0,0,0,0,0,0,0,0,0,0,0,0,0,0,0,0,0
Jerson Alejandro,808394,NYY,SP,0,0,0,0,0,0,0,0,0,0,0,0,0,0,0,0,0,0,0,0,0
Jeter Martinez,807002,PIT,SP,0,0,0,0,0,0,0,0,0,0,0,0,0,0,0,0,0,0,0,0,0
Jhancarlos  Lara,702910,ATL,DH,0,0,0,0,0,0,0,0,0,0,0,0,0,0,0,0,0,0,0,0,0
Jhoniel Serrano,698934,MIA,DH,0,0,0,0,0,0,0,0,0,0,0,0,0,0,0,0,0,0,0,0,0
Jhostynxon Garcia,691373,BOS,CF,0,0,0,0,0,0,0,0,0,0,0,0,0,0,0,0,0,0,0,0,0
Jimmy Crooks,699625,STL,C,0,0,0,0,0,0,0,0,0,0,0,0,0,0,0,0,0,0,0,0,0
Jirvin Morillo,821073,CIN,C,0,0,0,0,0,0,0,0,0,0,0,0,0,0,0,0,0,0,0,0,0
Joe Elbis,692544,ARI,SP,0,0,0,0,0,0,0,0,0,0,0,0,0,0,0,0,0,0,0,0,0
Joel Díaz,699309,NYM,SP,0,0,0,0,0,0,0,0,0,0,0,0,0,0,0,0,0,0,0,0,0
Joel Hurtado,805871,LAA,DH,0,0,0,0,0,0,0,0,0,0,0,0,0,0,0,0,0,0,0,0,0
Joendry Vargas,806959,LAD,SS,0,0,0,0,0,0,0,0,0,0,0,0,0,0,0,0,0,0,0,0,0
Joe Rock,697812,TBR,SP,0,0,0,0,0,0,0,0,0,0,0,0,0,0,0,0,0,0,0,0,0
Joe Whitman,802126,SFG,SP,0,0,0,0,0,0,0,0,0,0,0,0,0,0,0,0,0,0,0,0,0
Joey Oakie,815841,CLE,SP,0,0,0,0,0,0,0,0,0,0,0,0,0,0,0,0,0,0,0,0,0
Joey Volini,804123,MIA,SP,0,0,0,0,0,0,0,0,0,0,0,0,0,0,0,0,0,0,0,0,0
Jogly Garcia,805702,CLE,DH,0,0,0,0,0,0,0,0,0,0,0,0,0,0,0,0,0,0,0,0,0
Johan Rodriguez,821759,CLE,SS,0,0,0,0,0,0,0,0,0,0,0,0,0,0,0,0,0,0,0,0,0
John Holobetz,827292,BOS,SP,0,0,0,0,0,0,0,0,0,0,0,0,0,0,0,0,0,0,0,0,0
Johnny King,803516,TOR,SP,0,0,0,0,0,0,0,0,0,0,0,0,0,0,0,0,0,0,0,0,0
Jojo Ingrassia,695293,BOS,RP,0,0,0,0,0,0,0,0,0,0,0,0,0,0,0,0,0,0,0,0,0
JoJo Parker,828098,TOR,SS,0,0,0,0,0,0,0,0,0,0,0,0,0,0,0,0,0,0,0,0,0
Jonah Tong,804636,NYM,SP,0,0,0,0,0,0,0,0,0,0,0,0,0,0,0,0,0,0,0,0,0
Jonathan Pintaro,702752,NYM,DH,0,0,0,0,0,0,0,0,0,0,0,0,0,0,0,0,0,0,0,0,0
Jonathan Santucci,695558,NYM,DH,0,0,0,0,0,0,0,0,0,0,0,0,0,0,0,0,0,0,0,0,0
Jordan Yost,803723,DET,SS,0,0,0,0,0,0,0,0,0,0,0,0,0,0,0,0,0,0,0,0,0
Jordy Vargas,700174,COL,SP,0,0,0,0,0,0,0,0,0,0,0,0,0,0,0,0,0,0,0,0,0
Jose Acuna,691641,CIN,SP,0,0,0,0,0,0,0,0,0,0,0,0,0,0,0,0,0,0,0,0,0
Jose Bello,808366,BOS,SP,0,0,0,0,0,0,0,0,0,0,0,0,0,0,0,0,0,0,0,0,0
Jose Chirinos,800452,NYM,SP,0,0,0,0,0,0,0,0,0,0,0,0,0,0,0,0,0,0,0,0,0
Jose Corniell,692030,TEX,SP,0,0,0,0,0,0,0,0,0,0,0,0,0,0,0,0,0,0,0,0,0
Jose Davila,692369,STL,SP,0,0,0,0,0,0,0,0,0,0,0,0,0,0,0,0,0,0,0,0,0
Jose Feliz,808243,WSN,SP,0,0,0,0,0,0,0,0,0,0,0,0,0,0,0,0,0,0,0,0,0
Jose Fleury,800067,HOU,SP,0,0,0,0,0,0,0,0,0,0,0,0,0,0,0,0,0,0,0,0,0
Jose Franco,683742,CIN,DH,0,0,0,0,0,0,0,0,0,0,0,0,0,0,0,0,0,0,0,0,0
Jose Olivares,699276,MIN,SP,0,0,0,0,0,0,0,0,0,0,0,0,0,0,0,0,0,0,0,0,0
Jose Paulino,821067,MIA,DH,0,0,0,0,0,0,0,0,0,0,0,0,0,0,0,0,0,0,0,0,0
José Peña,829072,BAL,SS,0,0,0,0,0,0,0,0,0,0,0,0,0,0,0,0,0,0,0,0,0
Joseph Dzierwa,804530,BAL,SP,0,0,0,0,0,0,0,0,0,0,0,0,0,0,0,0,0,0,0,0,0
Joseph Montalvo,702477,DET,SP,0,0,0,0,0,0,0,0,0,0,0,0,0,0,0,0,0,0,0,0,0
Jose Rodriguez,692064,LAD,RP,0,0,0,0,0,0,0,0,0,0,0,0,0,0,0,0,0,0,0,0,0
Jose Urbina,808250,TBR,SP,0,0,0,0,0,0,0,0,0,0,0,0,0,0,0,0,0,0,0,0,0
Jose Vasquez,807833,LAD,DH,0,0,0,0,0,0,0,0,0,0,0,0,0,0,0,0,0,0,0,0,0
Josh Ekness,694795,MIA,DH,0,0,0,0,0,0,0,0,0,0,0,0,0,0,0,0,0,0,0,0,0
Josh Grosz,701056,COL,SP,0,0,0,0,0,0,0,0,0,0,0,0,0,0,0,0,0,0,0,0,0
Josh Hammond,815843,KC,3B,0,0,0,0,0,0,0,0,0,0,0,0,0,0,0,0,0,0,0,0,0
Josh Hansell,700985,KCR,DH,0,0,0,0,0,0,0,0,0,0,0,0,0,0,0,0,0,0,0,0,0
Josh Hartle,691776,CLE,SP,0,0,0,0,0,0,0,0,0,0,0,0,0,0,0,0,0,0,0,0,0
Josh Knoth,805807,MIL,SP,0,0,0,0,0,0,0,0,0,0,0,0,0,0,0,0,0,0,0,0,0
Josh Mallitz,695256,SDP,RP,0,0,0,0,0,0,0,0,0,0,0,0,0,0,0,0,0,0,0,0,0
Josh Owens,831384,TEX,SS,0,0,0,0,0,0,0,0,0,0,0,0,0,0,0,0,0,0,0,0,0
Josh Randall,695620,WSN,SP,0,0,0,0,0,0,0,0,0,0,0,0,0,0,0,0,0,0,0,0,0
Josh Stephan,695776,TEX,SP,0,0,0,0,0,0,0,0,0,0,0,0,0,0,0,0,0,0,0,0,0
Josh White,687985,MIA,RP,0,0,0,0,0,0,0,0,0,0,0,0,0,0,0,0,0,0,0,0,0
Josiah Hartshorn,815824,CHC,OF,0,0,0,0,0,0,0,0,0,0,0,0,0,0,0,0,0,0,0,0,0
JR Ritchie,702275,ATL,SP,0,0,0,0,0,0,0,0,0,0,0,0,0,0,0,0,0,0,0,0,0
JT Quinn,802411,BAL,SP,0,0,0,0,0,0,0,0,0,0,0,0,0,0,0,0,0,0,0,0,0
Juan Amarante,702431,PHI,DH,0,0,0,0,0,0,0,0,0,0,0,0,0,0,0,0,0,0,0,0,0
Juan Bello,805694,HOU,SP,0,0,0,0,0,0,0,0,0,0,0,0,0,0,0,0,0,0,0,0,0
Juan Burgos,686228,ARI,RP,0,0,0,0,0,0,0,0,0,0,0,0,0,0,0,0,0,0,0,0,0
Juan Nuñez,693725,BAL,SP,0,0,0,0,0,0,0,0,0,0,0,0,0,0,0,0,0,0,0,0,0
Juan Valera,813536,BOS,SP,0,0,0,0,0,0,0,0,0,0,0,0,0,0,0,0,0,0,0,0,0
Juan Villavicencio,800276,PHI,SS,0,0,0,0,0,0,0,0,0,0,0,0,0,0,0,0,0,0,0,0,0
Juaron Watts-Brown,695033,BAL,RP,0,0,0,0,0,0,0,0,0,0,0,0,0,0,0,0,0,0,0,0,0
Julian Aguiar,687924,CIN,SP,0,0,0,0,0,0,0,0,0,0,0,0,0,0,0,0,0,0,0,0,0
Junior Ciprian,815795,ARI,SP,0,0,0,0,0,0,0,0,0,0,0,0,0,0,0,0,0,0,0,0,0
Jurrangelo Cijntje,701388,SEA,SP,0,0,0,0,0,0,0,0,0,0,0,0,0,0,0,0,0,0,0,0,0
Justin Campbell,683235,CLE,SP,0,0,0,0,0,0,0,0,0,0,0,0,0,0,0,0,0,0,0,0,0
Justin Hagenman,663795,NYM,SP,0,0,0,0,0,0,0,0,0,0,0,0,0,0,0,0,0,0,0,0,0
Justin Lamkin,703610,KCR,SP,0,0,0,0,0,0,0,0,0,0,0,0,0,0,0,0,0,0,0,0,0
Kade Anderson,807739,SEA,SP,0,0,0,0,0,0,0,0,0,0,0,0,0,0,0,0,0,0,0,0,0
Kade Morris,695034,ATH,RP,0,0,0,0,0,0,0,0,0,0,0,0,0,0,0,0,0,0,0,0,0
Kade Strowd,669704,BAL,DH,0,0,0,0,0,0,0,0,0,0,0,0,0,0,0,0,0,0,0,0,0
Kaeden Kent,809763,NYY,SS,0,0,0,0,0,0,0,0,0,0,0,0,0,0,0,0,0,0,0,0,0
Kai Peterson,815322,TOR,DH,0,0,0,0,0,0,0,0,0,0,0,0,0,0,0,0,0,0,0,0,0
Kannon Kemp,807748,SDP,SP,0,0,0,0,0,0,0,0,0,0,0,0,0,0,0,0,0,0,0,0,0
Karson Milbrandt,703596,MIA,RP,0,0,0,0,0,0,0,0,0,0,0,0,0,0,0,0,0,0,0,0,0
Kash Mayfield,824026,SDP,SP,0,0,0,0,0,0,0,0,0,0,0,0,0,0,0,0,0,0,0,0,0
Kayson Cunningham,815617,ARI,2B,0,0,0,0,0,0,0,0,0,0,0,0,0,0,0,0,0,0,0,0,0
K.C. Hunt,687268,MIL,SP,0,0,0,0,0,0,0,0,0,0,0,0,0,0,0,0,0,0,0,0,0
Keeler Morfe,808323,BAL,SP,0,0,0,0,0,0,0,0,0,0,0,0,0,0,0,0,0,0,0,0,0
Kellon Lindsey,813916,LAD,CF,0,0,0,0,0,0,0,0,0,0,0,0,0,0,0,0,0,0,0,0,0
Kelvis Salcedo,808383,DET,SP,0,0,0,0,0,0,0,0,0,0,0,0,0,0,0,0,0,0,0,0,0
Kendeglys Virguez,802068,CLE,DH,0,0,0,0,0,0,0,0,0,0,0,0,0,0,0,0,0,0,0,0,0
Kendry Chourio,830402,KC,P,0,0,0,0,0,0,0,0,0,0,0,0,0,0,0,0,0,0,0,0,0
Kendry Rojas,696070,MIN,SP,0,0,0,0,0,0,0,0,0,0,0,0,0,0,0,0,0,0,0,0,0
Kenedy Corona,685744,HOU,CF,0,0,0,0,0,0,0,0,0,0,0,0,0,0,0,0,0,0,0,0,0
Kenya Huggins,695761,ATH,SP,0,0,0,0,0,0,0,0,0,0,0,0,0,0,0,0,0,0,0,0,0
Kevin Abel,674265,CIN,RP,0,0,0,0,0,0,0,0,0,0,0,0,0,0,0,0,0,0,0,0,0
Kevin Alcántara,682634,CHC,CF,0,0,0,0,0,0,0,0,0,0,0,0,0,0,0,0,0,0,0,0,0
Kevin Defrank,829074,MIA,SP,0,0,0,0,0,0,0,0,0,0,0,0,0,0,0,0,0,0,0,0,0
Keyner Benitez,808547,MIA,SP,0,0,0,0,0,0,0,0,0,0,0,0,0,0,0,0,0,0,0,0,0
Keyner Martinez,815212,SFG,SP,0,0,0,0,0,0,0,0,0,0,0,0,0,0,0,0,0,0,0,0,0
Keythel Key,700322,LAA,DH,0,0,0,0,0,0,0,0,0,0,0,0,0,0,0,0,0,0,0,0,0
Khadim Diaw,813715,MIN,C,0,0,0,0,0,0,0,0,0,0,0,0,0,0,0,0,0,0,0,0,0
Khal Stephen,701590,CLE,SP,0,0,0,0,0,0,0,0,0,0,0,0,0,0,0,0,0,0,0,0,0
Khristian Curtis,694753,PIT,RP,0,0,0,0,0,0,0,0,0,0,0,0,0,0,0,0,0,0,0,0,0
Kiefer Lord,811296,BAL,DH,0,0,0,0,0,0,0,0,0,0,0,0,0,0,0,0,0,0,0,0,0
Kifraidy Encarnacion,820960,MIA,DH,0,0,0,0,0,0,0,0,0,0,0,0,0,0,0,0,0,0,0,0,0
Kohl Drake,684442,ARI,SP,0,0,0,0,0,0,0,0,0,0,0,0,0,0,0,0,0,0,0,0,0
Kolton Curtis,806641,TEX,SP,0,0,0,0,0,0,0,0,0,0,0,0,0,0,0,0,0,0,0,0,0
Korbyn Dickerson,702668,SEA,CF,0,0,0,0,0,0,0,0,0,0,0,0,0,0,0,0,0,0,0,0,0
Kruz Schoolcraft,828244,SDP,SP,0,0,0,0,0,0,0,0,0,0,0,0,0,0,0,0,0,0,0,0,0
Ky Bush,681066,CHW,SP,0,0,0,0,0,0,0,0,0,0,0,0,0,0,0,0,0,0,0,0,0
Kyle Amendt,694900,ARI,DH,0,0,0,0,0,0,0,0,0,0,0,0,0,0,0,0,0,0,0,0,0
Kyle Hurt,669165,LAD,RP,0,0,0,0,0,0,0,0,0,0,0,0,0,0,0,0,0,0,0,0,0
Kyle Lodise,827517,CHW,SS,0,0,0,0,0,0,0,0,0,0,0,0,0,0,0,0,0,0,0,0,0
Kyson Witherspoon,804817,BOS,SP,0,0,0,0,0,0,0,0,0,0,0,0,0,0,0,0,0,0,0,0,0
Landen Maroudis,805793,TOR,SP,0,0,0,0,0,0,0,0,0,0,0,0,0,0,0,0,0,0,0,0,0
Landon Beidelschies,804860,ATL,SP,0,0,0,0,0,0,0,0,0,0,0,0,0,0,0,0,0,0,0,0,0
Landon Harmon,816102,WSH,P,0,0,0,0,0,0,0,0,0,0,0,0,0,0,0,0,0,0,0,0,0
Landyn Vidourek,811716,LAD,CF,0,0,0,0,0,0,0,0,0,0,0,0,0,0,0,0,0,0,0,0,0
Leandro Lopez,699214,TEX,P,0,0,0,0,0,0,0,0,0,0,0,0,0,0,0,0,0,0,0,0,0
Lebarron Johnson Jr.,694316,COL,DH,0,0,0,0,0,0,0,0,0,0,0,0,0,0,0,0,0,0,0,0,0
Leonel Sequera,800320,STL,SP,0,0,0,0,0,0,0,0,0,0,0,0,0,0,0,0,0,0,0,0,0
Levi Sterling,815552,PIT,SP,0,0,0,0,0,0,0,0,0,0,0,0,0,0,0,0,0,0,0,0,0
Levi Wells,694370,BAL,DH,0,0,0,0,0,0,0,0,0,0,0,0,0,0,0,0,0,0,0,0,0
Liam Doyle,824604,STL,SP,0,0,0,0,0,0,0,0,0,0,0,0,0,0,0,0,0,0,0,0,0
Liam Simon,687216,SFG,DH,0,0,0,0,0,0,0,0,0,0,0,0,0,0,0,0,0,0,0,0,0
Liomar Martinez,801737,MIA,DH,0,0,0,0,0,0,0,0,0,0,0,0,0,0,0,0,0,0,0,0,0
Logan Driscoll,686482,TBR,C,0,0,0,0,0,0,0,0,0,0,0,0,0,0,0,0,0,0,0,0,0
Logan Henderson,701656,MIL,SP,0,0,0,0,0,0,0,0,0,0,0,0,0,0,0,0,0,0,0,0,0
Logan Samuels,808469,ATL,SP,0,0,0,0,0,0,0,0,0,0,0,0,0,0,0,0,0,0,0,0,0
Logan Tabeling,805841,LAD,DH,0,0,0,0,0,0,0,0,0,0,0,0,0,0,0,0,0,0,0,0,0
Logan Workman,694312,TBR,SP,0,0,0,0,0,0,0,0,0,0,0,0,0,0,0,0,0,0,0,0,0
L.P. Langevin,692137,KCR,DH,0,0,0,0,0,0,0,0,0,0,0,0,0,0,0,0,0,0,0,0,0
Lucas Braun,814351,ATL,SP,0,0,0,0,0,0,0,0,0,0,0,0,0,0,0,0,0,0,0,0,0
Lucas Spence,828599,HOU,OF,0,0,0,0,0,0,0,0,0,0,0,0,0,0,0,0,0,0,0,0,0
Lucas Wepf,689233,LAD,DH,0,0,0,0,0,0,0,0,0,0,0,0,0,0,0,0,0,0,0,0,0
Luichi Casilla,800436,COL,DH,0,0,0,0,0,0,0,0,0,0,0,0,0,0,0,0,0,0,0,0,0
Luinder Avila,679883,KCR,SP,0,0,0,0,0,0,0,0,0,0,0,0,0,0,0,0,0,0,0,0,0
Luis Alvarez,700351,NYM,DH,0,0,0,0,0,0,0,0,0,0,0,0,0,0,0,0,0,0,0,0,0
Luis Arestigueta,808244,ATL,SP,0,0,0,0,0,0,0,0,0,0,0,0,0,0,0,0,0,0,0,0,0
Luis Carias,808218,LAD,SP,0,0,0,0,0,0,0,0,0,0,0,0,0,0,0,0,0,0,0,0,0
Luis Curvelo,681168,TEX,DH,0,0,0,0,0,0,0,0,0,0,0,0,0,0,0,0,0,0,0,0,0
Luis De La Torre,815219,SFG,DH,0,0,0,0,0,0,0,0,0,0,0,0,0,0,0,0,0,0,0,0,0
Luis De Leon,808029,BAL,P,0,0,0,0,0,0,0,0,0,0,0,0,0,0,0,0,0,0,0,0,0
Luis De León,801725,BAL,SP,0,0,0,0,0,0,0,0,0,0,0,0,0,0,0,0,0,0,0,0,0
Luis Gastelum,703725,STL,DH,0,0,0,0,0,0,0,0,0,0,0,0,0,0,0,0,0,0,0,0,0
Luis Guanipa,806994,ATL,CF,0,0,0,0,0,0,0,0,0,0,0,0,0,0,0,0,0,0,0,0,0
Luis Maracara,821634,SDP,SP,0,0,0,0,0,0,0,0,0,0,0,0,0,0,0,0,0,0,0,0,0
Luis Morales,806960,ATH,SP,0,0,0,0,0,0,0,0,0,0,0,0,0,0,0,0,0,0,0,0,0
Luis Pena,650656,MIL,SS,0,0,0,0,0,0,0,0,0,0,0,0,0,0,0,0,0,0,0,0,0
Luis Perales,691384,BOS,DH,0,0,0,0,0,0,0,0,0,0,0,0,0,0,0,0,0,0,0,0,0
Luis R. Rodriguez,691712,NYM,DH,0,0,0,0,0,0,0,0,0,0,0,0,0,0,0,0,0,0,0,0,0
Luis Serna,702436,NYY,SP,0,0,0,0,0,0,0,0,0,0,0,0,0,0,0,0,0,0,0,0,0
Luis Velasquez,686433,NYY,DH,0,0,0,0,0,0,0,0,0,0,0,0,0,0,0,0,0,0,0,0,0
Luke Hayden,695569,CIN,RP,0,0,0,0,0,0,0,0,0,0,0,0,0,0,0,0,0,0,0,0,0
Luke Holman,695705,CIN,SP,0,0,0,0,0,0,0,0,0,0,0,0,0,0,0,0,0,0,0,0,0
Luke Sinnard,820827,ATL,SP,0,0,0,0,0,0,0,0,0,0,0,0,0,0,0,0,0,0,0,0,0
Luke Stevenson,806233,SEA,C,0,0,0,0,0,0,0,0,0,0,0,0,0,0,0,0,0,0,0,0,0
Maicol Reyes,829410,TEX,DH,0,0,0,0,0,0,0,0,0,0,0,0,0,0,0,0,0,0,0,0,0
Malachi Witherspoon,802412,DET,DH,0,0,0,0,0,0,0,0,0,0,0,0,0,0,0,0,0,0,0,0,0
Manuel Davila,823839,SDP,SP,0,0,0,0,0,0,0,0,0,0,0,0,0,0,0,0,0,0,0,0,0
Manuel Genao,808510,MIA,DH,0,0,0,0,0,0,0,0,0,0,0,0,0,0,0,0,0,0,0,0,0
Marc Church,687847,TEX,DH,0,0,0,0,0,0,0,0,0,0,0,0,0,0,0,0,0,0,0,0,0
Marcelo Perez,681041,SEA,SP,0,0,0,0,0,0,0,0,0,0,0,0,0,0,0,0,0,0,0,0,0
Marco Raya,694397,MIN,RP,0,0,0,0,0,0,0,0,0,0,0,0,0,0,0,0,0,0,0,0,0
Marcus Johnson,687189,TBR,SP,0,0,0,0,0,0,0,0,0,0,0,0,0,0,0,0,0,0,0,0,0
Marcus Phillips,815071,BOS,SP,0,0,0,0,0,0,0,0,0,0,0,0,0,0,0,0,0,0,0,0,0
Marlon Nieves,812363,LAD,SP,0,0,0,0,0,0,0,0,0,0,0,0,0,0,0,0,0,0,0,0,0
Marques Johnson,688730,SFG,DH,0,0,0,0,0,0,0,0,0,0,0,0,0,0,0,0,0,0,0,0,0
Marquis Grissom Jr.,671726,WSN,DH,0,0,0,0,0,0,0,0,0,0,0,0,0,0,0,0,0,0,0,0,0
Mason Adams,690279,CHW,SP,0,0,0,0,0,0,0,0,0,0,0,0,0,0,0,0,0,0,0,0,0
Mason Barnett,686930,ATH,SP,0,0,0,0,0,0,0,0,0,0,0,0,0,0,0,0,0,0,0,0,0
Mason Black,696131,SFG,DH,0,0,0,0,0,0,0,0,0,0,0,0,0,0,0,0,0,0,0,0,0
Mason Morris,702568,CIN,RP,0,0,0,0,0,0,0,0,0,0,0,0,0,0,0,0,0,0,0,0,0
Mason Peters,830336,SEA,DH,0,0,0,0,0,0,0,0,0,0,0,0,0,0,0,0,0,0,0,0,0
Matthew Lugo,683090,LAA,LF,0,0,0,0,0,0,0,0,0,0,0,0,0,0,0,0,0,0,0,0,0
Matt Jachec,801367,CLE,RP,0,0,0,0,0,0,0,0,0,0,0,0,0,0,0,0,0,0,0,0,0
Matt McShane,823791,BOS,DH,0,0,0,0,0,0,0,0,0,0,0,0,0,0,0,0,0,0,0,0,0
Matt Wilkinson,683363,CLE,SP,0,0,0,0,0,0,0,0,0,0,0,0,0,0,0,0,0,0,0,0,0
Mavis Graves,703496,PHI,SP,0,0,0,0,0,0,0,0,0,0,0,0,0,0,0,0,0,0,0,0,0
Maximo Acosta,691185,MIA,SS,0,0,0,0,0,0,0,0,0,0,0,0,0,0,0,0,0,0,0,0,0
Max Rajcic,691008,STL,SP,0,0,0,0,0,0,0,0,0,0,0,0,0,0,0,0,0,0,0,0,0
McCade Brown,685326,COL,SP,0,0,0,0,0,0,0,0,0,0,0,0,0,0,0,0,0,0,0,0,0
Micah Ashman,809840,BAL,RP,0,0,0,0,0,0,0,0,0,0,0,0,0,0,0,0,0,0,0,0,0
Micah Bucknam,692117,TOR,SP,0,0,0,0,0,0,0,0,0,0,0,0,0,0,0,0,0,0,0,0,0
Michael Arias,683522,NYY,RP,0,0,0,0,0,0,0,0,0,0,0,0,0,0,0,0,0,0,0,0,0
Michael Forret,702650,BAL,RP,0,0,0,0,0,0,0,0,0,0,0,0,0,0,0,0,0,0,0,0,0
Michael Kennedy,702604,CLE,SP,0,0,0,0,0,0,0,0,0,0,0,0,0,0,0,0,0,0,0,0,0
Michael Knorr,681077,HOU,DH,0,0,0,0,0,0,0,0,0,0,0,0,0,0,0,0,0,0,0,0,0
Michael Lombardi,813533,KCR,DH,0,0,0,0,0,0,0,0,0,0,0,0,0,0,0,0,0,0,0,0,0
Michael Massey,695602,DET,DH,0,0,0,0,0,0,0,0,0,0,0,0,0,0,0,0,0,0,0,0,0
Michael Mercado,675650,PHI,RP,0,0,0,0,0,0,0,0,0,0,0,0,0,0,0,0,0,0,0,0,0
Michael Morales,691786,SEA,SP,0,0,0,0,0,0,0,0,0,0,0,0,0,0,0,0,0,0,0,0,0
Michael Prosecky,687087,COL,SP,0,0,0,0,0,0,0,0,0,0,0,0,0,0,0,0,0,0,0,0,0
Michael Salina,823745,SDP,DH,0,0,0,0,0,0,0,0,0,0,0,0,0,0,0,0,0,0,0,0,0
Michael Valverde,814275,TEX,DH,0,0,0,0,0,0,0,0,0,0,0,0,0,0,0,0,0,0,0,0,0
Mick Abel,690953,MIN,SP,0,0,0,0,0,0,0,0,0,0,0,0,0,0,0,0,0,0,0,0,0
Miguel Mendez,700280,SDP,SP,0,0,0,0,0,0,0,0,0,0,0,0,0,0,0,0,0,0,0,0,0
Miguel Rodríguez,808277,BAL,C,0,0,0,0,0,0,0,0,0,0,0,0,0,0,0,0,0,0,0,0,0
Miguel Ullola,699044,HOU,DH,0,0,0,0,0,0,0,0,0,0,0,0,0,0,0,0,0,0,0,0,0
Mike Sirota,701527,LAD,CF,0,0,0,0,0,0,0,0,0,0,0,0,0,0,0,0,0,0,0,0,0
Mike Villani,814525,CIN,DH,0,0,0,0,0,0,0,0,0,0,0,0,0,0,0,0,0,0,0,0,0
Mitch Bratt,683352,ARI,SP,0,0,0,0,0,0,0,0,0,0,0,0,0,0,0,0,0,0,0,0,0
Mitch Farris,815083,LAA,SP,0,0,0,0,0,0,0,0,0,0,0,0,0,0,0,0,0,0,0,0,0
Moisés Chace,691330,PHI,SP,0,0,0,0,0,0,0,0,0,0,0,0,0,0,0,0,0,0,0,0,0
Murf Gray,809092,PIT,3B,0,0,0,0,0,0,0,0,0,0,0,0,0,0,0,0,0,0,0,0,0
Myles Naylor,802504,ATH,3B,0,0,0,0,0,0,0,0,0,0,0,0,0,0,0,0,0,0,0,0,0
Najer Victor,695402,LAA,DH,0,0,0,0,0,0,0,0,0,0,0,0,0,0,0,0,0,0,0,0,0
Nate Dohm,702296,STL,SP,0,0,0,0,0,0,0,0,0,0,0,0,0,0,0,0,0,0,0,0,0
Nate Lavender,681320,TBR,DH,0,0,0,0,0,0,0,0,0,0,0,0,0,0,0,0,0,0,0,0,0
Nate Payne,827626,MIA,SP,0,0,0,0,0,0,0,0,0,0,0,0,0,0,0,0,0,0,0,0,0
Nathan Church,701675,STL,CF,0,0,0,0,0,0,0,0,0,0,0,0,0,0,0,0,0,0,0,0,0
Nazier Mulé,702271,CHC,DH,0,0,0,0,0,0,0,0,0,0,0,0,0,0,0,0,0,0,0,0,0
Nestor German,815148,BAL,SP,0,0,0,0,0,0,0,0,0,0,0,0,0,0,0,0,0,0,0,0,0
Nick Becker,829306,SEA,SS,0,0,0,0,0,0,0,0,0,0,0,0,0,0,0,0,0,0,0,0,0
Nick Dean,686953,CHC,RP,0,0,0,0,0,0,0,0,0,0,0,0,0,0,0,0,0,0,0,0,0
Nick Frasso,693308,LAD,SP,0,0,0,0,0,0,0,0,0,0,0,0,0,0,0,0,0,0,0,0,0
Nick Potter,830769,HOU,DH,0,0,0,0,0,0,0,0,0,0,0,0,0,0,0,0,0,0,0,0,0
Nick Yorke,694377,PIT,2B,0,0,0,0,0,0,0,0,0,0,0,0,0,0,0,0,0,0,0,0,0
Nigel Belgrave,811310,MIA,SP,0,0,0,0,0,0,0,0,0,0,0,0,0,0,0,0,0,0,0,0,0
Niko Mazza,695789,SFG,RP,0,0,0,0,0,0,0,0,0,0,0,0,0,0,0,0,0,0,0,0,0
Noah Murdock,668716,KCR,DH,0,0,0,0,0,0,0,0,0,0,0,0,0,0,0,0,0,0,0,0,0
Noah Schultz,702273,CHW,SP,0,0,0,0,0,0,0,0,0,0,0,0,0,0,0,0,0,0,0,0,0
Noble Meyer,800611,MIA,SP,0,0,0,0,0,0,0,0,0,0,0,0,0,0,0,0,0,0,0,0,0
Nolan McLean,690997,NYM,SP,0,0,0,0,0,0,0,0,0,0,0,0,0,0,0,0,0,0,0,0,0
Nolan Schubart,702278,CLE,LF,0,0,0,0,0,0,0,0,0,0,0,0,0,0,0,0,0,0,0,0,0
Oliver Gonzalez,823860,LAD,SP,0,0,0,0,0,0,0,0,0,0,0,0,0,0,0,0,0,0,0,0,0
Omar Cruz,678316,SDP,DH,0,0,0,0,0,0,0,0,0,0,0,0,0,0,0,0,0,0,0,0,0
Omar Montano,828786,MIN,RP,0,0,0,0,0,0,0,0,0,0,0,0,0,0,0,0,0,0,0,0,0
Orlando Ribalta,687377,WSN,DH,0,0,0,0,0,0,0,0,0,0,0,0,0,0,0,0,0,0,0,0,0
Ovis Portes,802086,CIN,DH,0,0,0,0,0,0,0,0,0,0,0,0,0,0,0,0,0,0,0,0,0
Owen Hall,815157,DET,SP,0,0,0,0,0,0,0,0,0,0,0,0,0,0,0,0,0,0,0,0,0
Owen Murphy,702566,ATL,SP,0,0,0,0,0,0,0,0,0,0,0,0,0,0,0,0,0,0,0,0,0
Owen White,669391,CHW,SP,0,0,0,0,0,0,0,0,0,0,0,0,0,0,0,0,0,0,0,0,0
Owen Wild,801643,TBR,SP,0,0,0,0,0,0,0,0,0,0,0,0,0,0,0,0,0,0,0,0,0
Parker Messick,800048,CLE,SP,0,0,0,0,0,0,0,0,0,0,0,0,0,0,0,0,0,0,0,0,0
Parker Smith,809789,HOU,RP,0,0,0,0,0,0,0,0,0,0,0,0,0,0,0,0,0,0,0,0,0
Patrick Copen,814527,LAD,DH,0,0,0,0,0,0,0,0,0,0,0,0,0,0,0,0,0,0,0,0,0
Patrick Forbes,804467,ARI,SP,0,0,0,0,0,0,0,0,0,0,0,0,0,0,0,0,0,0,0,0,0
Patrick Monteverde,687287,MIA,SP,0,0,0,0,0,0,0,0,0,0,0,0,0,0,0,0,0,0,0,0,0
Patrick Reilly,694345,BAL,SP,0,0,0,0,0,0,0,0,0,0,0,0,0,0,0,0,0,0,0,0,0
Paul Bonzagni,805823,TEX,SP,0,0,0,0,0,0,0,0,0,0,0,0,0,0,0,0,0,0,0,0,0
Paul Gervase,801434,LAD,DH,0,0,0,0,0,0,0,0,0,0,0,0,0,0,0,0,0,0,0,0,0
Paul Wilson,800618,DET,SP,0,0,0,0,0,0,0,0,0,0,0,0,0,0,0,0,0,0,0,0,0
Payton Martin,806293,LAD,SP,0,0,0,0,0,0,0,0,0,0,0,0,0,0,0,0,0,0,0,0,0
Payton Tolle,801139,BOS,SP,0,0,0,0,0,0,0,0,0,0,0,0,0,0,0,0,0,0,0,0,0
Pedro Montero,829691,MIA,SP,0,0,0,0,0,0,0,0,0,0,0,0,0,0,0,0,0,0,0,0,0
Pete Hansen,677337,STL,SP,0,0,0,0,0,0,0,0,0,0,0,0,0,0,0,0,0,0,0,0,0
Peter Heubeck,695646,LAD,DH,0,0,0,0,0,0,0,0,0,0,0,0,0,0,0,0,0,0,0,0,0
Petey Halpin,690984,CLE,CF,0,0,0,0,0,0,0,0,0,0,0,0,0,0,0,0,0,0,0,0,0
Peyton Pallette,688883,CHW,DH,0,0,0,0,0,0,0,0,0,0,0,0,0,0,0,0,0,0,0,0,0
Pierce George,703670,CHW,DH,0,0,0,0,0,0,0,0,0,0,0,0,0,0,0,0,0,0,0,0,0
Pierson Ohl,701487,MIN,SP,0,0,0,0,0,0,0,0,0,0,0,0,0,0,0,0,0,0,0,0,0
Po-Yu Chen,696040,PIT,SP,0,0,0,0,0,0,0,0,0,0,0,0,0,0,0,0,0,0,0,0,0
Quentin Young,815839,MIN,3B,0,0,0,0,0,0,0,0,0,0,0,0,0,0,0,0,0,0,0,0,0
Quinn Mathews,687273,STL,SP,0,0,0,0,0,0,0,0,0,0,0,0,0,0,0,0,0,0,0,0,0
Rafael Flores,804668,PIT,C,0,0,0,0,0,0,0,0,0,0,0,0,0,0,0,0,0,0,0,0,0
Raimon Gomez,703148,BAL,DH,0,0,0,0,0,0,0,0,0,0,0,0,0,0,0,0,0,0,0,0,0
Ramon Marquez,827408,PHI,P,0,0,0,0,0,0,0,0,0,0,0,0,0,0,0,0,0,0,0,0,0
Randel Clemente,695003,STL,DH,0,0,0,0,0,0,0,0,0,0,0,0,0,0,0,0,0,0,0,0,0
Raudy Reyes,829909,ATL,DH,0,0,0,0,0,0,0,0,0,0,0,0,0,0,0,0,0,0,0,0,0
Reiner Lopez,806996,STL,SP,0,0,0,0,0,0,0,0,0,0,0,0,0,0,0,0,0,0,0,0,0
Reinold Navarro,821116,PIT,DH,0,0,0,0,0,0,0,0,0,0,0,0,0,0,0,0,0,0,0,0,0
Reynaldo Yean,702905,LAD,DH,0,0,0,0,0,0,0,0,0,0,0,0,0,0,0,0,0,0,0,0,0
Rhett Lowder,695076,CIN,SP,0,0,0,0,0,0,0,0,0,0,0,0,0,0,0,0,0,0,0,0,0
Ricardo Yan,700282,ARI,SP,0,0,0,0,0,0,0,0,0,0,0,0,0,0,0,0,0,0,0,0,0
Richard Fernandez,803370,ATH,DH,0,0,0,0,0,0,0,0,0,0,0,0,0,0,0,0,0,0,0,0,0
Ricky Tiedemann,694357,TOR,SP,0,0,0,0,0,0,0,0,0,0,0,0,0,0,0,0,0,0,0,0,0
Riley Cornelio,683000,WSN,DH,0,0,0,0,0,0,0,0,0,0,0,0,0,0,0,0,0,0,0,0,0
Riley Martin,702303,CHC,DH,0,0,0,0,0,0,0,0,0,0,0,0,0,0,0,0,0,0,0,0,0
Riley Quick,804981,MIN,SP,0,0,0,0,0,0,0,0,0,0,0,0,0,0,0,0,0,0,0,0,0
River Ryan,689981,LAD,SP,0,0,0,0,0,0,0,0,0,0,0,0,0,0,0,0,0,0,0,0,0
RJ Petit,696275,DET,DH,0,0,0,0,0,0,0,0,0,0,0,0,0,0,0,0,0,0,0,0,0
Robby Ahlstrom,695239,TEX,DH,0,0,0,0,0,0,0,0,0,0,0,0,0,0,0,0,0,0,0,0,0
Robby Snelling,702281,MIA,SP,0,0,0,0,0,0,0,0,0,0,0,0,0,0,0,0,0,0,0,0,0
Robert Arias,815897,CLE,CF,0,0,0,0,0,0,0,0,0,0,0,0,0,0,0,0,0,0,0,0,0
Robert Gasser,688107,MIL,SP,0,0,0,0,0,0,0,0,0,0,0,0,0,0,0,0,0,0,0,0,0
Rolddy Muñoz,691548,ATL,DH,0,0,0,0,0,0,0,0,0,0,0,0,0,0,0,0,0,0,0,0,0
Roman Angelo,809109,ARI,RP,0,0,0,0,0,0,0,0,0,0,0,0,0,0,0,0,0,0,0,0,0
Ronan Kopp,691947,LAD,DH,0,0,0,0,0,0,0,0,0,0,0,0,0,0,0,0,0,0,0,0,0
Ryan Birchard,804670,MIL,RP,0,0,0,0,0,0,0,0,0,0,0,0,0,0,0,0,0,0,0,0,0
Ryan Forcucci,801573,HOU,SP,0,0,0,0,0,0,0,0,0,0,0,0,0,0,0,0,0,0,0,0,0
Ryan Gallagher,801594,MIN,SP,0,0,0,0,0,0,0,0,0,0,0,0,0,0,0,0,0,0,0,0,0
Ryan Ignoffo,813883,MIA,C,0,0,0,0,0,0,0,0,0,0,0,0,0,0,0,0,0,0,0,0,0
Ryan Jennings,688214,TOR,DH,0,0,0,0,0,0,0,0,0,0,0,0,0,0,0,0,0,0,0,0,0
Ryan Johnson,696270,LAA,RP,0,0,0,0,0,0,0,0,0,0,0,0,0,0,0,0,0,0,0,0,0
Ryan Lambert,822038,NYM,DH,0,0,0,0,0,0,0,0,0,0,0,0,0,0,0,0,0,0,0,0,0
Ryan Lobus,815590,TEX,DH,0,0,0,0,0,0,0,0,0,0,0,0,0,0,0,0,0,0,0,0,0
Ryan Mitchell,815829,STL,SS,0,0,0,0,0,0,0,0,0,0,0,0,0,0,0,0,0,0,0,0,0
Ryan Sloan,815549,SEA,SP,0,0,0,0,0,0,0,0,0,0,0,0,0,0,0,0,0,0,0,0,0
Sabier Marte,800239,NYY,SP,0,0,0,0,0,0,0,0,0,0,0,0,0,0,0,0,0,0,0,0,0
Sadbiel Delzine,829094,BOS,SP,0,0,0,0,0,0,0,0,0,0,0,0,0,0,0,0,0,0,0,0,0
Sam Aldegheri,691951,LAA,SP,0,0,0,0,0,0,0,0,0,0,0,0,0,0,0,0,0,0,0,0,0
Sam Antonacci,803011,CWS,2B,0,0,0,0,0,0,0,0,0,0,0,0,0,0,0,0,0,0,0,0,0
Sam Knowlton,681060,ARI,DH,0,0,0,0,0,0,0,0,0,0,0,0,0,0,0,0,0,0,0,0,0
Sam Shaw,802511,TOR,LF,0,0,0,0,0,0,0,0,0,0,0,0,0,0,0,0,0,0,0,0,0
Sam Stuhr,702023,ATH,SP,0,0,0,0,0,0,0,0,0,0,0,0,0,0,0,0,0,0,0,0,0
Samuel Sanchez,808247,LAD,SP,0,0,0,0,0,0,0,0,0,0,0,0,0,0,0,0,0,0,0,0,0
Samy Natera Jr.,696519,LAA,DH,0,0,0,0,0,0,0,0,0,0,0,0,0,0,0,0,0,0,0,0,0
Sandy Ozuna,814252,COL,SP,0,0,0,0,0,0,0,0,0,0,0,0,0,0,0,0,0,0,0,0,0
Santiago Castellanos,829764,MIN,SP,0,0,0,0,0,0,0,0,0,0,0,0,0,0,0,0,0,0,0,0,0
Santiago Suarez,800571,TBR,SP,0,0,0,0,0,0,0,0,0,0,0,0,0,0,0,0,0,0,0,0,0
Sean Episcope,834243,MIL,RP,0,0,0,0,0,0,0,0,0,0,0,0,0,0,0,0,0,0,0,0,0
Sean Gamble,815819,KC,OF,0,0,0,0,0,0,0,0,0,0,0,0,0,0,0,0,0,0,0,0,0
Sean Paul Liñan,800344,WSN,SP,0,0,0,0,0,0,0,0,0,0,0,0,0,0,0,0,0,0,0,0,0
Sean Sullivan,807743,COL,RP,0,0,0,0,0,0,0,0,0,0,0,0,0,0,0,0,0,0,0,0,0
Sem Robberse,691828,STL,RP,0,0,0,0,0,0,0,0,0,0,0,0,0,0,0,0,0,0,0,0,0
Seth Hernandez,815825,PIT,P,0,0,0,0,0,0,0,0,0,0,0,0,0,0,0,0,0,0,0,0,0
Seth Johnson,686751,PHI,DH,0,0,0,0,0,0,0,0,0,0,0,0,0,0,0,0,0,0,0,0,0
Seth Keener,803143,CHW,DH,0,0,0,0,0,0,0,0,0,0,0,0,0,0,0,0,0,0,0,0,0
Shane Drohan,675660,BOS,RP,0,0,0,0,0,0,0,0,0,0,0,0,0,0,0,0,0,0,0,0,0
Shane Panzini,695556,KCR,DH,0,0,0,0,0,0,0,0,0,0,0,0,0,0,0,0,0,0,0,0,0
Shay Whitcomb,694376,HOU,2B,0,0,0,0,0,0,0,0,0,0,0,0,0,0,0,0,0,0,0,0,0
Skylar Hales,813766,STL,DH,0,0,0,0,0,0,0,0,0,0,0,0,0,0,0,0,0,0,0,0,0
Slater de Brun,828173,BAL,OF,0,0,0,0,0,0,0,0,0,0,0,0,0,0,0,0,0,0,0,0,0
Spencer Giesting,801517,ARI,RP,0,0,0,0,0,0,0,0,0,0,0,0,0,0,0,0,0,0,0,0,0
Spencer Miles,693686,SFG,DH,0,0,0,0,0,0,0,0,0,0,0,0,0,0,0,0,0,0,0,0,0
Steele Hall,829162,CIN,SS,0,0,0,0,0,0,0,0,0,0,0,0,0,0,0,0,0,0,0,0,0
Sterling Patick,814507,LAD,RP,0,0,0,0,0,0,0,0,0,0,0,0,0,0,0,0,0,0,0,0,0
Steven Echavarria,806064,ATH,SP,0,0,0,0,0,0,0,0,0,0,0,0,0,0,0,0,0,0,0,0,0
Steven Pérez,682897,CLE,DH,0,0,0,0,0,0,0,0,0,0,0,0,0,0,0,0,0,0,0,0,0
Steven Zobac,686632,KCR,SP,0,0,0,0,0,0,0,0,0,0,0,0,0,0,0,0,0,0,0,0,0
Stevie Emanuels,669434,ATH,DH,0,0,0,0,0,0,0,0,0,0,0,0,0,0,0,0,0,0,0,0,0
Tanner Franklin,815119,STL,SP,0,0,0,0,0,0,0,0,0,0,0,0,0,0,0,0,0,0,0,0,0
Tanner Kohlhepp,681289,DET,DH,0,0,0,0,0,0,0,0,0,0,0,0,0,0,0,0,0,0,0,0,0
Tanner McDougal,701780,CHW,SP,0,0,0,0,0,0,0,0,0,0,0,0,0,0,0,0,0,0,0,0,0
Tate Kuehner,804249,MIL,RP,0,0,0,0,0,0,0,0,0,0,0,0,0,0,0,0,0,0,0,0,0
Tate Southisene,816111,ATL,SS,0,0,0,0,0,0,0,0,0,0,0,0,0,0,0,0,0,0,0,0,0
Teddy McGraw,803141,SEA,RP,0,0,0,0,0,0,0,0,0,0,0,0,0,0,0,0,0,0,0,0,0
Tekoah Roby,694358,STL,RP,0,0,0,0,0,0,0,0,0,0,0,0,0,0,0,0,0,0,0,0,0
Thatcher Hurd,695765,NYY,RP,0,0,0,0,0,0,0,0,0,0,0,0,0,0,0,0,0,0,0,0,0
Thomas  Balboni Jr.,693647,NYY,DH,0,0,0,0,0,0,0,0,0,0,0,0,0,0,0,0,0,0,0,0,0
Thomas Harrington,802419,PIT,SP,0,0,0,0,0,0,0,0,0,0,0,0,0,0,0,0,0,0,0,0,0
Thomas White,806258,MIA,SP,0,0,0,0,0,0,0,0,0,0,0,0,0,0,0,0,0,0,0,0,0
Tink Hence,693311,STL,SP,0,0,0,0,0,0,0,0,0,0,0,0,0,0,0,0,0,0,0,0,0
Tirso Ornelas,672359,SDP,LF,0,0,0,0,0,0,0,0,0,0,0,0,0,0,0,0,0,0,0,0,0
T.J. Brock,697813,TOR,DH,0,0,0,0,0,0,0,0,0,0,0,0,0,0,0,0,0,0,0,0,0
T.J. Nichols,694375,TBR,RP,0,0,0,0,0,0,0,0,0,0,0,0,0,0,0,0,0,0,0,0,0
Tony Blanco,433592,PIT,1B,0,0,0,0,0,0,0,0,0,0,0,0,0,0,0,0,0,0,0,0,0
Trace Bright,687238,BAL,SP,0,0,0,0,0,0,0,0,0,0,0,0,0,0,0,0,0,0,0,0,0
Travis Adams,701519,MIN,SP,0,0,0,0,0,0,0,0,0,0,0,0,0,0,0,0,0,0,0,0,0
Travis Sykora,805809,WSN,SP,0,0,0,0,0,0,0,0,0,0,0,0,0,0,0,0,0,0,0,0,0
Trent Harris,805345,SFG,DH,0,0,0,0,0,0,0,0,0,0,0,0,0,0,0,0,0,0,0,0,0
Trevor Harrison,807314,TBR,SP,0,0,0,0,0,0,0,0,0,0,0,0,0,0,0,0,0,0,0,0,0
Trevor Martin,694680,TBR,SP,0,0,0,0,0,0,0,0,0,0,0,0,0,0,0,0,0,0,0,0,0
Trevor McDonald,686790,SFG,SP,0,0,0,0,0,0,0,0,0,0,0,0,0,0,0,0,0,0,0,0,0
Trey Gibson,694346,BAL,SP,0,0,0,0,0,0,0,0,0,0,0,0,0,0,0,0,0,0,0,0,0
Trey Gregory-Alford,807281,LAA,SP,0,0,0,0,0,0,0,0,0,0,0,0,0,0,0,0,0,0,0,0,0
Trey Yesavage,702056,TOR,SP,0,0,0,0,0,0,0,0,0,0,0,0,0,0,0,0,0,0,0,0,0
Twine Palmer,828520,BAL,RP,0,0,0,0,0,0,0,0,0,0,0,0,0,0,0,0,0,0,0,0,0
Ty Floyd,692226,CIN,SP,0,0,0,0,0,0,0,0,0,0,0,0,0,0,0,0,0,0,0,0,0
Ty Harvey,829210,SDP,C,0,0,0,0,0,0,0,0,0,0,0,0,0,0,0,0,0,0,0,0,0
Ty Johnson,694494,TBR,SP,0,0,0,0,0,0,0,0,0,0,0,0,0,0,0,0,0,0,0,0,0
Tyler Bremner,803285,LAA,SP,0,0,0,0,0,0,0,0,0,0,0,0,0,0,0,0,0,0,0,0,0
Tyler Gough,702640,SEA,SP,0,0,0,0,0,0,0,0,0,0,0,0,0,0,0,0,0,0,0,0,0
Tyler Mattison,694331,DET,DH,0,0,0,0,0,0,0,0,0,0,0,0,0,0,0,0,0,0,0,0,0
Tyler Owens,687074,DET,DH,0,0,0,0,0,0,0,0,0,0,0,0,0,0,0,0,0,0,0,0,0
Tyler Renz,815868,MIL,P,0,0,0,0,0,0,0,0,0,0,0,0,0,0,0,0,0,0,0,0,0
Tyler Schweitzer,805326,CHW,SP,0,0,0,0,0,0,0,0,0,0,0,0,0,0,0,0,0,0,0,0,0
Tyler Stuart,701603,WSN,SP,0,0,0,0,0,0,0,0,0,0,0,0,0,0,0,0,0,0,0,0,0
Tyler Uberstine,700413,BOS,RP,0,0,0,0,0,0,0,0,0,0,0,0,0,0,0,0,0,0,0,0,0
Ty Madden,680744,DET,SP,0,0,0,0,0,0,0,0,0,0,0,0,0,0,0,0,0,0,0,0,0
Tyson Guerrero,694553,KCR,DH,0,0,0,0,0,0,0,0,0,0,0,0,0,0,0,0,0,0,0,0,0
Tyson Hardin,824620,MIL,SP,0,0,0,0,0,0,0,0,0,0,0,0,0,0,0,0,0,0,0,0,0
Tyson Neighbors,695695,BAL,DH,0,0,0,0,0,0,0,0,0,0,0,0,0,0,0,0,0,0,0,0,0
Ubaldo Soto,808161,LAA,SP,0,0,0,0,0,0,0,0,0,0,0,0,0,0,0,0,0,0,0,0,0
Victor Arias,692478,TOR,CF,0,0,0,0,0,0,0,0,0,0,0,0,0,0,0,0,0,0,0,0,0
Victor Lizarraga,694205,SDP,SP,0,0,0,0,0,0,0,0,0,0,0,0,0,0,0,0,0,0,0,0,0
Walbert Urena,700712,LAA,DH,0,0,0,0,0,0,0,0,0,0,0,0,0,0,0,0,0,0,0,0,0
Warren Calcaño,829071,KCR,SS,0,0,0,0,0,0,0,0,0,0,0,0,0,0,0,0,0,0,0,0,0
Wei-En Lin,827734,ATH,SP,0,0,0,0,0,0,0,0,0,0,0,0,0,0,0,0,0,0,0,0,0
Welinton Herrera,700327,COL,DH,0,0,0,0,0,0,0,0,0,0,0,0,0,0,0,0,0,0,0,0,0
Wellington Aracena,800286,BAL,DH,0,0,0,0,0,0,0,0,0,0,0,0,0,0,0,0,0,0,0,0,0
Wen-Hui Pan,808207,PHI,DH,0,0,0,0,0,0,0,0,0,0,0,0,0,0,0,0,0,0,0,0,0
Wikelman González,682790,CHW,RP,0,0,0,0,0,0,0,0,0,0,0,0,0,0,0,0,0,0,0,0,0
Wilian Bormie,693781,TEX,DH,0,0,0,0,0,0,0,0,0,0,0,0,0,0,0,0,0,0,0,0,0
Will Dion,702021,CLE,SP,0,0,0,0,0,0,0,0,0,0,0,0,0,0,0,0,0,0,0,0,0
William Kempner,687531,MIA,DH,0,0,0,0,0,0,0,0,0,0,0,0,0,0,0,0,0,0,0,0,0
Will Johnston,690658,ATH,SP,0,0,0,0,0,0,0,0,0,0,0,0,0,0,0,0,0,0,0,0,0
Will Watson,814492,NYM,RP,0,0,0,0,0,0,0,0,0,0,0,0,0,0,0,0,0,0,0,0,0
Wilmy Sanchez,804522,HOU,DH,0,0,0,0,0,0,0,0,0,0,0,0,0,0,0,0,0,0,0,0,0
Winston Santos,692437,TEX,SP,0,0,0,0,0,0,0,0,0,0,0,0,0,0,0,0,0,0,0,0,0
Wyatt Crowell,694573,LAD,SP,0,0,0,0,0,0,0,0,0,0,0,0,0,0,0,0,0,0,0,0,0
Xavier Neyens,815832,HOU,3B,0,0,0,0,0,0,0,0,0,0,0,0,0,0,0,0,0,0,0,0,0
Yairo Padilla,821107,STL,SS,0,0,0,0,0,0,0,0,0,0,0,0,0,0,0,0,0,0,0,0,0
Yaqui Rivera,700072,BAL,DH,0,0,0,0,0,0,0,0,0,0,0,0,0,0,0,0,0,0,0,0,0
Yeferson Vargas,814279,LAA,DH,0,0,0,0,0,0,0,0,0,0,0,0,0,0,0,0,0,0,0,0,0
Yendy Gomez,700365,LAA,DH,0,0,0,0,0,0,0,0,0,0,0,0,0,0,0,0,0,0,0,0,0
Yeremy Cabrera,800393,TEX,CF,0,0,0,0,0,0,0,0,0,0,0,0,0,0,0,0,0,0,0,0,0
Yereny Teus,806711,TBR,RP,0,0,0,0,0,0,0,0,0,0,0,0,0,0,0,0,0,0,0,0,0
Yeri Perez,805615,KCR,DH,0,0,0,0,0,0,0,0,0,0,0,0,0,0,0,0,0,0,0,0,0
Yerlin Rodriguez,693750,MIL,DH,0,0,0,0,0,0,0,0,0,0,0,0,0,0,0,0,0,0,0,0,0
Yhoiker Fajardo,823369,BOS,SP,0,0,0,0,0,0,0,0,0,0,0,0,0,0,0,0,0,0,0,0,0
Yilber Díaz,700270,ARI,DH,0,0,0,0,0,0,0,0,0,0,0,0,0,0,0,0,0,0,0,0,0
Yoel Roque,821050,MIN,DH,0,0,0,0,0,0,0,0,0,0,0,0,0,0,0,0,0,0,0,0,0
Yoel Tejeda Jr.,701347,WSN,SP,0,0,0,0,0,0,0,0,0,0,0,0,0,0,0,0,0,0,0,0,0
Yohanfer Santana,808690,MIA,SP,0,0,0,0,0,0,0,0,0,0,0,0,0,0,0,0,0,0,0,0,0
Yoniel Curet,692414,TBR,SP,0,0,0,0,0,0,0,0,0,0,0,0,0,0,0,0,0,0,0,0,0
Yordanny Monegro,694057,BOS,DH,0,0,0,0,0,0,0,0,0,0,0,0,0,0,0,0,0,0,0,0,0
Yordin Chalas,808054,ARI,SP,0,0,0,0,0,0,0,0,0,0,0,0,0,0,0,0,0,0,0,0,0
Yordy Herrera,800277,STL,DH,0,0,0,0,0,0,0,0,0,0,0,0,0,0,0,0,0,0,0,0,0
Yorman Gómez,691414,CLE,DH,0,0,0,0,0,0,0,0,0,0,0,0,0,0,0,0,0,0,0,0,0
Yosber Sanchez,681458,DET,DH,0,0,0,0,0,0,0,0,0,0,0,0,0,0,0,0,0,0,0,0,0
Yosver Zulueta,691172,CIN,DH,0,0,0,0,0,0,0,0,0,0,0,0,0,0,0,0,0,0,0,0,0
Yujanyer Herrera,692632,COL,DH,0,0,0,0,0,0,0,0,0,0,0,0,0,0,0,0,0,0,0,0,0
Yu-Min Lin,801179,ARI,SP,0,0,0,0,0,0,0,0,0,0,0,0,0,0,0,0,0,0,0,0,0
Yunior Marte,805074,SFG,SP,0,0,0,0,0,0,0,0,0,0,0,0,0,0,0,0,0,0,0,0,0
Yunior Tur,814305,ATH,DH,0,0,0,0,0,0,0,0,0,0,0,0,0,0,0,0,0,0,0,0,0
Zach Fruit,688396,BAL,SP,0,0,0,0,0,0,0,0,0,0,0,0,0,0,0,0,0,0,0,0,0
Zach Maxwell,687209,CIN,DH,0,0,0,0,0,0,0,0,0,0,0,0,0,0,0,0,0,0,0,0,0
Zach Root,702539,LAD,SP,0,0,0,0,0,0,0,0,0,0,0,0,0,0,0,0,0,0,0,0,0
Zac Leigh,684949,CHC,DH,0,0,0,0,0,0,0,0,0,0,0,0,0,0,0,0,0,0,0,0,0
Zac Veen,691728,COL,RF,0,0,0,0,0,0,0,0,0,0,0,0,0,0,0,0,0,0,0,0,0
Zak Kent,687849,CLE,DH,0,0,0,0,0,0,0,0,0,0,0,0,0,0,0,0,0,0,0,0,0
Zander Mueth,805800,PIT,DH,0,0,0,0,0,0,0,0,0,0,0,0,0,0,0,0,0,0,0,0,0
Zane Taylor,823990,ATH,DH,0,0,0,0,0,0,0,0,0,0,0,0,0,0,0,0,0,0,0,0,0
