player_name,organization,position,age,fv,fb_grade,sl_grade,cb_grade,ch_grade,cmd_grade,import_date,is_pitcher,predicted_ops
Angel Guzman,SFG,LF,19.8916666,35,0.0,0.0,0.0,0.0,0.0,2025-10-09 12:29:09.376297,0,0.8523042163691942
Ky Bush,CHW,SP,25.9,40,0.0,0.0,0.0,0.0,0.0,2025-10-09 12:29:09.376297,1,0.8036720191219082
Marcelo Perez,SEA,SP,25.8888888,40,0.0,0.0,0.0,0.0,0.0,2025-10-09 12:29:09.376297,1,0.8036720191219082
Carlos Pacheco,ATH,CF,20.9305555,40,0.0,0.0,0.0,0.0,0.0,2025-10-09 12:29:09.376297,0,0.792354167417697
Marvin Alcantara,BOS,SS,20.9277777,40,0.0,0.0,0.0,0.0,0.0,2025-10-09 12:29:09.376297,0,0.792354167417697
Jeral Perez,CHW,2B,20.9166666,40,0.0,0.0,0.0,0.0,0.0,2025-10-09 12:29:09.376297,0,0.792354167417697
Alexander Albertus,CHW,3B,20.9416666,40,0.0,0.0,0.0,0.0,0.0,2025-10-09 12:29:09.376297,0,0.7921148592768373
Kendall George,LAD,CF,20.9361111,40,0.0,0.0,0.0,0.0,0.0,2025-10-09 12:29:09.376297,0,0.7921148592768373
Rolddy Muñoz,ATL,SIRP,25.4777777,40,0.0,0.0,0.0,0.0,0.0,2025-10-09 12:29:09.376297,1,0.784494573276592
Andrew Baker,PHI,SIRP,25.5333333,40,0.0,0.0,0.0,0.0,0.0,2025-10-09 12:29:09.376297,1,0.784494573276592
Elis Cuevas,BAL,CF,20.8833333,40,0.0,0.0,0.0,0.0,0.0,2025-10-09 12:29:09.376297,0,0.7805606135885039
Alberto Barriga,ARI,C,20.8916666,40,0.0,0.0,0.0,0.0,0.0,2025-10-09 12:29:09.376297,0,0.7805606135885039
Tyler Stuart,WSN,SP,25.9944444,40,0.0,0.0,0.0,0.0,0.0,2025-10-09 12:29:09.376297,1,0.7768003235803005
Connor Cooke,TOR,SIRP,25.9277777,40,0.0,0.0,0.0,0.0,0.0,2025-10-09 12:29:09.376297,1,0.7756436434931121
RJ Petit,DET,SIRP,26.0361111,40,0.0,0.0,0.0,0.0,0.0,2025-10-09 12:29:09.376297,1,0.7733926789043745
Duncan Davitt,CHW,SP,26.0361111,40,0.0,0.0,0.0,0.0,0.0,2025-10-09 12:29:09.376297,1,0.7733926789043745
Blake Wolters,KCR,SP,20.9472222,40,0.0,0.0,0.0,0.0,0.0,2025-10-09 12:29:09.376297,1,0.7646633466089549
Bryan Balzer,SDP,SP,20.9416666,40,0.0,0.0,0.0,0.0,0.0,2025-10-09 12:29:09.376297,1,0.7646633466089549
Davis Polo,ATL,SP,20.9416666,40,0.0,0.0,0.0,0.0,0.0,2025-10-09 12:29:09.376297,1,0.7646633466089549
Fernando Perez,TOR,SP,21.65,40,0.0,0.0,0.0,0.0,0.0,2025-10-09 12:29:09.376297,1,0.764602055693098
Cam Leiter,LAD,SP,21.6888888,40,0.0,0.0,0.0,0.0,0.0,2025-10-09 12:29:09.376297,1,0.7642422489321429
Cade Crossland,STL,SP,21.6805555,40,0.0,0.0,0.0,0.0,0.0,2025-10-09 12:29:09.376297,1,0.7642422489321429
Zach Root,LAD,SP,21.6666666,40,0.0,0.0,0.0,0.0,0.0,2025-10-09 12:29:09.376297,1,0.7642422489321429
Sabier Marte,NYY,SP,21.6555555,40,0.0,0.0,0.0,0.0,0.0,2025-10-09 12:29:09.376297,1,0.7642422489321429
Aiden May,MIA,MIRP,22.4555555,40,0.0,0.0,0.0,0.0,0.0,2025-10-09 12:29:09.376297,1,0.758506240363395
Michael Massey,DET,SIRP,22.5027777,40,0.0,0.0,0.0,0.0,0.0,2025-10-09 12:29:09.376297,1,0.758506240363395
Griffin Herring,COL,SP,22.4138888,40,0.0,0.0,0.0,0.0,0.0,2025-10-09 12:29:09.376297,1,0.758506240363395
Isaiah Lowe,SDP,SP,22.4138888,40,0.0,0.0,0.0,0.0,0.0,2025-10-09 12:29:09.376297,1,0.758506240363395
Josh Hartle,CLE,SP,22.5333333,40,0.0,0.0,0.0,0.0,0.0,2025-10-09 12:29:09.376297,1,0.7582729417522839
Michael Knorr,HOU,SIRP,25.4,40,0.0,0.0,0.0,0.0,0.0,2025-10-09 12:29:09.376297,1,0.7572195252854605
Brett Sears,ATL,SP,25.4277777,40,0.0,0.0,0.0,0.0,0.0,2025-10-09 12:29:09.376297,1,0.7572195252854605
Andre Granillo,STL,SIRP,25.4,40,0.0,0.0,0.0,0.0,0.0,2025-10-09 12:29:09.376297,1,0.7572195252854605
Franco Aleman,CLE,SIRP,25.2777777,40,0.0,0.0,0.0,0.0,0.0,2025-10-09 12:29:09.376297,1,0.7571476444984234
Brody McCullough,CHC,SP,25.2666666,40,0.0,0.0,0.0,0.0,0.0,2025-10-09 12:29:09.376297,1,0.7571476444984234
Dante Nori,PHI,CF,20.9972222,40,0.0,0.0,0.0,0.0,0.0,2025-10-09 12:29:09.376297,0,0.7553575777241303
Dillon Head,MIA,CF,20.9861111,40,0.0,0.0,0.0,0.0,0.0,2025-10-09 12:29:09.376297,0,0.7553575777241303
William Bergolla,CHW,SS,20.9888888,40,0.0,0.0,0.0,0.0,0.0,2025-10-09 12:29:09.376297,0,0.7553575777241303
Sean Paul Liñan,WSN,SP,20.9138888,40,0.0,0.0,0.0,0.0,0.0,2025-10-09 12:29:09.376297,1,0.7541459845646844
Darell Morel,PIT,3B,18.0583333,40,0.0,0.0,0.0,0.0,0.0,2025-10-09 12:29:09.376297,0,0.7456681640365005
Marconi German,WSN,SS,18.075,40,0.0,0.0,0.0,0.0,0.0,2025-10-09 12:29:09.376297,0,0.7456681640365005
Wilfri De La Cruz,BAL,3B,18.0583333,40,0.0,0.0,0.0,0.0,0.0,2025-10-09 12:29:09.376297,0,0.7456681640365005
Pierson Ohl,MIN,SP,26.0722222,40,0.0,0.0,0.0,0.0,0.0,2025-10-09 12:29:09.376297,1,0.7453313556712641
Mason Black,SFG,SIRP,25.8222222,40,0.0,0.0,0.0,0.0,0.0,2025-10-09 12:29:09.376297,1,0.7453001836600265
Ryan Gallagher,MIN,SP,22.7138888,40,0.0,0.0,0.0,0.0,0.0,2025-10-09 12:29:09.376297,1,0.7435607650609426
Grant Rogers,TOR,SP,24.3722222,40,0.0,0.0,0.0,0.0,0.0,2025-10-09 12:29:09.376297,1,0.7430209242491667
Felipe De La Cruz,NYM,SIRP,24.3611111,40,0.0,0.0,0.0,0.0,0.0,2025-10-09 12:29:09.376297,1,0.7430209242491667
Ben Peoples,CHW,SIRP,24.4305555,40,0.0,0.0,0.0,0.0,0.0,2025-10-09 12:29:09.376297,1,0.7430209242491667
Yosber Sanchez,DET,SIRP,24.3722222,40,0.0,0.0,0.0,0.0,0.0,2025-10-09 12:29:09.376297,1,0.7430209242491667
Gavin Collyer,TEX,SIRP,24.4,40,0.0,0.0,0.0,0.0,0.0,2025-10-09 12:29:09.376297,1,0.7430209242491667
Peyton Pallette,CHW,SIRP,24.4083333,40,0.0,0.0,0.0,0.0,0.0,2025-10-09 12:29:09.376297,1,0.7430209242491667
Eiberson Castellano,PHI,SIRP,24.4083333,40,0.0,0.0,0.0,0.0,0.0,2025-10-09 12:29:09.376297,1,0.7430209242491667
Dylan Ray,ARI,SP,24.4083333,40,0.0,0.0,0.0,0.0,0.0,2025-10-09 12:29:09.376297,1,0.7430209242491667
Dahian  Santos,TOR,MIRP,22.6111111,40,0.0,0.0,0.0,0.0,0.0,2025-10-09 12:29:09.376297,1,0.7423636392978169
Jackson Kent,WSN,SP,22.6555555,40,0.0,0.0,0.0,0.0,0.0,2025-10-09 12:29:09.376297,1,0.7423541777593553
Drew Beam,KCR,SP,22.6444444,40,0.0,0.0,0.0,0.0,0.0,2025-10-09 12:29:09.376297,1,0.7423541777593553
Yeri Perez,KCR,SIRP,20.9722222,40,0.0,0.0,0.0,0.0,0.0,2025-10-09 12:29:09.376297,1,0.7412950795700223
Christian McGowan,PHI,SIRP,25.5805555,40,0.0,0.0,0.0,0.0,0.0,2025-10-09 12:29:09.376297,1,0.740093767301843
Jonathan Santucci,NYM,SIRP,22.7722222,40,0.0,0.0,0.0,0.0,0.0,2025-10-09 12:29:09.376297,1,0.7396785491223846
Luke Holman,CIN,SP,22.75,40,0.0,0.0,0.0,0.0,0.0,2025-10-09 12:29:09.376297,1,0.7396785491223846
Jhancarlos  Lara,ATL,SIRP,22.725,40,0.0,0.0,0.0,0.0,0.0,2025-10-09 12:29:09.376297,1,0.7396785491223846
Andry Lara,WSN,SP,22.75,40,0.0,0.0,0.0,0.0,0.0,2025-10-09 12:29:09.376297,1,0.7396785491223846
Thatcher Hurd,NYY,MIRP,22.825,40,0.0,0.0,0.0,0.0,0.0,2025-10-09 12:29:09.376297,1,0.7396523143665029
Cole Peschl,MIN,SP,22.8611111,40,0.0,0.0,0.0,0.0,0.0,2025-10-09 12:29:09.376297,1,0.7396523143665029
Anthony Solometo,PIT,SP,22.8444444,40,0.0,0.0,0.0,0.0,0.0,2025-10-09 12:29:09.376297,1,0.7396523143665029
Luke Hayden,CIN,MIRP,22.8361111,40,0.0,0.0,0.0,0.0,0.0,2025-10-09 12:29:09.376297,1,0.7396523143665029
Joey Volini,MIA,SP,22.7833333,40,0.0,0.0,0.0,0.0,0.0,2025-10-09 12:29:09.376297,1,0.7394357889728119
Brian Curley,ARI,SIRP,22.3472222,40,0.0,0.0,0.0,0.0,0.0,2025-10-09 12:29:09.376297,1,0.7367977504793904
Jakob Wright,LAD,MIRP,22.35,40,0.0,0.0,0.0,0.0,0.0,2025-10-09 12:29:09.376297,1,0.7367977504793904
Pierce George,CHW,SIRP,22.3222222,40,0.0,0.0,0.0,0.0,0.0,2025-10-09 12:29:09.376297,1,0.7367977504793904
Hyun-Seok Jang,LAD,SP,21.5611111,40,0.0,0.0,0.0,0.0,0.0,2025-10-09 12:29:09.376297,1,0.7363312160003969
Roynier Hernandez,COL,3B,20.8333333,40,0.0,0.0,0.0,0.0,0.0,2025-10-09 12:29:09.376297,0,0.7360711576879764
Jose Davila,STL,SP,22.9083333,40,0.0,0.0,0.0,0.0,0.0,2025-10-09 12:29:09.376297,1,0.7358644147678887
Jose Acuna,CIN,SP,22.9611111,40,0.0,0.0,0.0,0.0,0.0,2025-10-09 12:29:09.376297,1,0.7358644147678887
Luke Sinnard,ATL,SP,22.9583333,40,0.0,0.0,0.0,0.0,0.0,2025-10-09 12:29:09.376297,1,0.7358644147678887
Yorman Gómez,CLE,SIRP,22.9055555,40,0.0,0.0,0.0,0.0,0.0,2025-10-09 12:29:09.376297,1,0.7358644147678887
Frank Cairone,MIL,SP,18.0611111,40,0.0,0.0,0.0,0.0,0.0,2025-10-09 12:29:09.376297,1,0.7353154192868462
Garrett McDaniels,LAD,SIRP,25.8083333,40,0.0,0.0,0.0,0.0,0.0,2025-10-09 12:29:09.376297,1,0.7352183951524555
Landon Beidelschies,ATL,SP,21.5222222,40,0.0,0.0,0.0,0.0,0.0,2025-10-09 12:29:09.376297,1,0.7346984593160091
Joseph Dzierwa,BAL,SP,21.5138888,40,0.0,0.0,0.0,0.0,0.0,2025-10-09 12:29:09.376297,1,0.7337994095639244
Yordy Herrera,STL,SIRP,20.8444444,40,0.0,0.0,0.0,0.0,0.0,2025-10-09 12:29:09.376297,1,0.7318118939217945
Michael Forret,BAL,MIRP,21.5,40,0.0,0.0,0.0,0.0,0.0,2025-10-09 12:29:09.376297,1,0.7302215514824527
Warel Solano,TBR,SS,18.0472222,40,0.0,0.0,0.0,0.0,0.0,2025-10-09 12:29:09.376297,0,0.7291467896519382
Colin Houck,NYM,SS,21.0166666,40,0.0,0.0,0.0,0.0,0.0,2025-10-09 12:29:09.376297,0,0.7281847335828445
Mitch Voit,NYM,2B,21.0166666,40,0.0,0.0,0.0,0.0,0.0,2025-10-09 12:29:09.376297,0,0.7281847335828445
Brady  Ebel,MIL,SS,18.1972222,40,0.0,0.0,0.0,0.0,0.0,2025-10-09 12:29:09.376297,0,0.7271602263089078
Johan Rodriguez,CLE,SS,18.1888888,40,0.0,0.0,0.0,0.0,0.0,2025-10-09 12:29:09.376297,0,0.7271602263089078
Stiven Martinez,BAL,RF,18.1611111,40,0.0,0.0,0.0,0.0,0.0,2025-10-09 12:29:09.376297,0,0.7271602263089078
Joendry Vargas,LAD,SS,19.9111111,45,0.0,0.0,0.0,0.0,0.0,2025-10-09 12:29:09.376297,0,0.7265334583841082
Caleb Bonemer,CHW,3B,20.0027777,45,0.0,0.0,0.0,0.0,0.0,2025-10-09 12:29:09.376297,0,0.7263655192437378
Nelson Rada,LAA,CF,20.1138888,45,0.0,0.0,0.0,0.0,0.0,2025-10-09 12:29:09.376297,0,0.7261401260334427
Devin Fitz-Gerald,TEX,3B,20.1361111,45,0.0,0.0,0.0,0.0,0.0,2025-10-09 12:29:09.376297,0,0.7261401260334427
Yoeilin Cespedes,BOS,2B,20.0777777,45,0.0,0.0,0.0,0.0,0.0,2025-10-09 12:29:09.376297,0,0.7261401260334427
Luke Dickerson,WSN,2B,20.1583333,45,0.0,0.0,0.0,0.0,0.0,2025-10-09 12:29:09.376297,0,0.7261401260334427
Kyle Bischoff,MIN,SIRP,26.1861111,40,0.0,0.0,0.0,0.0,0.0,2025-10-09 12:29:09.376297,1,0.7257527743631732
T.J. Brock,TOR,SIRP,26.1555555,40,0.0,0.0,0.0,0.0,0.0,2025-10-09 12:29:09.376297,1,0.7257527743631732
Andrew Moore,SDP,SIRP,26.1527777,40,0.0,0.0,0.0,0.0,0.0,2025-10-09 12:29:09.376297,1,0.7257527743631732
Luis Carias,LAD,SP,21.0166666,40,0.0,0.0,0.0,0.0,0.0,2025-10-09 12:29:09.376297,1,0.7250492757686026
Hayden Mullins,BOS,SIRP,25.0611111,40,0.0,0.0,0.0,0.0,0.0,2025-10-09 12:29:09.376297,1,0.7240841719286224
Dylan Ross,NYM,SIRP,25.0972222,40,0.0,0.0,0.0,0.0,0.0,2025-10-09 12:29:09.376297,1,0.7240841719286224
Gerelmi Maldonado,SFG,SIRP,21.7916666,40,0.0,0.0,0.0,0.0,0.0,2025-10-09 12:29:09.376297,1,0.7237309129326586
Connor Noland,CHC,SP,26.2111111,40,0.0,0.0,0.0,0.0,0.0,2025-10-09 12:29:09.376297,1,0.7223551270638299
Adam Mazur,MIA,SP,24.4611111,40,0.0,0.0,0.0,0.0,0.0,2025-10-09 12:29:09.376297,1,0.7218325532034195
Tyler Uberstine,BOS,MIRP,26.3472222,40,0.0,0.0,0.0,0.0,0.0,2025-10-09 12:29:09.376297,1,0.7216875351741305
Evan Reifert,TBR,SIRP,26.3944444,40,0.0,0.0,0.0,0.0,0.0,2025-10-09 12:29:09.376297,1,0.7216875351741305
Michael Morales,SEA,SP,23.1472222,40,0.0,0.0,0.0,0.0,0.0,2025-10-09 12:29:09.376297,1,0.7216709046106491
Royber Salinas,ATL,MIRP,24.4888888,40,0.0,0.0,0.0,0.0,0.0,2025-10-09 12:29:09.376297,1,0.7215111817295327
Jack Choate,SFG,MIRP,24.4666666,40,0.0,0.0,0.0,0.0,0.0,2025-10-09 12:29:09.376297,1,0.7215111817295327
Brock Selvidge,NYY,SP,23.1055555,40,0.0,0.0,0.0,0.0,0.0,2025-10-09 12:29:09.376297,1,0.7214667065667072
Carter Holton,ATL,SP,23.0888888,40,0.0,0.0,0.0,0.0,0.0,2025-10-09 12:29:09.376297,1,0.7214667065667072
Micah Ashman,BAL,MIRP,23.1222222,40,0.0,0.0,0.0,0.0,0.0,2025-10-09 12:29:09.376297,1,0.7214667065667072
Jagger Haynes,SDP,MIRP,23.0444444,40,0.0,0.0,0.0,0.0,0.0,2025-10-09 12:29:09.376297,1,0.7214667065667072
Ryan Lambert,NYM,SIRP,23.0944444,40,0.0,0.0,0.0,0.0,0.0,2025-10-09 12:29:09.376297,1,0.7214667065667072
Wen-Hui Pan,PHI,SIRP,23.0472222,40,0.0,0.0,0.0,0.0,0.0,2025-10-09 12:29:09.376297,1,0.7214667065667072
Jaison Chourio,CLE,CF,20.3805555,45,0.0,0.0,0.0,0.0,0.0,2025-10-09 12:29:09.376297,0,0.720519716208894
Ralphy Velazquez,CLE,1B,20.3555555,45,0.0,0.0,0.0,0.0,0.0,2025-10-09 12:29:09.376297,0,0.720519716208894
Brady Basso,ATH,SP,27.9944444,40,0.0,0.0,0.0,0.0,0.0,2025-10-09 12:29:09.376297,1,0.7200481146460483
Omar Cruz,SDP,SIRP,26.6944444,40,0.0,0.0,0.0,0.0,0.0,2025-10-09 12:29:09.376297,1,0.7200481146460483
Anthony Maldonado,ATH,SIRP,27.6666666,40,0.0,0.0,0.0,0.0,0.0,2025-10-09 12:29:09.376297,1,0.7200481146460483
Tyson Guerrero,KCR,SIRP,26.6388888,40,0.0,0.0,0.0,0.0,0.0,2025-10-09 12:29:09.376297,1,0.7200481146460483
Austin Love,STL,SIRP,26.6944444,40,0.0,0.0,0.0,0.0,0.0,2025-10-09 12:29:09.376297,1,0.7200481146460483
Zac Leigh,CHC,SIRP,27.8944444,40,0.0,0.0,0.0,0.0,0.0,2025-10-09 12:29:09.376297,1,0.7200481146460483
Trent Harris,SFG,SIRP,26.7055555,40,0.0,0.0,0.0,0.0,0.0,2025-10-09 12:29:09.376297,1,0.7200481146460483
Seth Johnson,PHI,SIRP,27.0472222,40,0.0,0.0,0.0,0.0,0.0,2025-10-09 12:29:09.376297,1,0.7200481146460483
Orlando Ribalta,WSN,SIRP,27.5861111,40,0.0,0.0,0.0,0.0,0.0,2025-10-09 12:29:09.376297,1,0.7200481146460483
Kade Strowd,BAL,SIRP,28.0527777,40,0.0,0.0,0.0,0.0,0.0,2025-10-09 12:29:09.376297,1,0.7200481146460483
Michael Darrell-Hicks,LAA,SIRP,27.8972222,40,0.0,0.0,0.0,0.0,0.0,2025-10-09 12:29:09.376297,1,0.7200481146460483
Carson Coleman,NYY,SIRP,27.4972222,40,0.0,0.0,0.0,0.0,0.0,2025-10-09 12:29:09.376297,1,0.7200481146460483
Carson Ragsdale,SFG,SP,27.3638888,40,0.0,0.0,0.0,0.0,0.0,2025-10-09 12:29:09.376297,1,0.7200481146460483
Jake Eder,WSN,SP,26.9916666,40,0.0,0.0,0.0,0.0,0.0,2025-10-09 12:29:09.376297,1,0.7200481146460483
Austin Vernon,TBR,SIRP,26.6611111,40,0.0,0.0,0.0,0.0,0.0,2025-10-09 12:29:09.376297,1,0.7200481146460483
Clayton Beeter,WSN,SIRP,26.9916666,40,0.0,0.0,0.0,0.0,0.0,2025-10-09 12:29:09.376297,1,0.7200481146460483
Justin Hagenman,NYM,SP,28.9972222,40,0.0,0.0,0.0,0.0,0.0,2025-10-09 12:29:09.376297,1,0.7200481146460483
Kevin Abel,CIN,MIRP,26.6305555,40,0.0,0.0,0.0,0.0,0.0,2025-10-09 12:29:09.376297,1,0.7200481146460483
Hiro Wyatt,KCR,SP,21.1138888,40,0.0,0.0,0.0,0.0,0.0,2025-10-09 12:29:09.376297,1,0.7198531005319095
Nick Montgomery,ATL,C,19.9138888,40,0.0,0.0,0.0,0.0,0.0,2025-10-09 12:29:09.376297,0,0.71982805903417
Andres Valor,MIA,CF,19.9111111,40,0.0,0.0,0.0,0.0,0.0,2025-10-09 12:29:09.376297,0,0.71982805903417
Tyson Neighbors,BAL,SIRP,22.9916666,40,0.0,0.0,0.0,0.0,0.0,2025-10-09 12:29:09.376297,1,0.7197893948593516
Joe Elbis,ARI,SP,23.0333333,40,0.0,0.0,0.0,0.0,0.0,2025-10-09 12:29:09.376297,1,0.7197893948593516
Cade Kuehler,ATL,SIRP,23.3666666,40,0.0,0.0,0.0,0.0,0.0,2025-10-09 12:29:09.376297,1,0.7195516909129281
Caden Grice,ARI,SP,23.3083333,40,0.0,0.0,0.0,0.0,0.0,2025-10-09 12:29:09.376297,1,0.7193887119458973
Joseph Montalvo,DET,SP,23.4222222,40,0.0,0.0,0.0,0.0,0.0,2025-10-09 12:29:09.376297,1,0.7191957577293073
Alonzo Tredwell,HOU,MIRP,23.4111111,40,0.0,0.0,0.0,0.0,0.0,2025-10-09 12:29:09.376297,1,0.7191957577293073
Hancel Rincon,STL,SP,23.4388888,40,0.0,0.0,0.0,0.0,0.0,2025-10-09 12:29:09.376297,1,0.7191957577293073
Douglas Orellana,NYM,SIRP,23.4305555,40,0.0,0.0,0.0,0.0,0.0,2025-10-09 12:29:09.376297,1,0.7191957577293073
Kiefer Lord,BAL,SIRP,23.2888888,40,0.0,0.0,0.0,0.0,0.0,2025-10-09 12:29:09.376297,1,0.7190568527296417
T.J. Nichols,TBR,MIRP,23.2833333,40,0.0,0.0,0.0,0.0,0.0,2025-10-09 12:29:09.376297,1,0.7190568527296417
Starlyn Caba,MIA,SS,19.8333333,45,0.0,0.0,0.0,0.0,0.0,2025-10-09 12:29:09.376297,0,0.7189706819775021
Wyatt Sanford,PIT,SS,19.8666666,45,0.0,0.0,0.0,0.0,0.0,2025-10-09 12:29:09.376297,0,0.7189706819775021
Yordanny Monegro,BOS,SIRP,22.9777777,40,0.0,0.0,0.0,0.0,0.0,2025-10-09 12:29:09.376297,1,0.7188968236834011
Yeiker Reyes,COL,CF,19.9694444,40,0.0,0.0,0.0,0.0,0.0,2025-10-09 12:29:09.376297,0,0.7186524850515776
Esmil Valencia,MIA,LF,19.9611111,40,0.0,0.0,0.0,0.0,0.0,2025-10-09 12:29:09.376297,0,0.7186524850515776
Sean Sullivan,COL,MIRP,23.2055555,40,0.0,0.0,0.0,0.0,0.0,2025-10-09 12:29:09.376297,1,0.7186105671416665
John Holobetz,BOS,SP,23.1833333,40,0.0,0.0,0.0,0.0,0.0,2025-10-09 12:29:09.376297,1,0.7186105671416665
Peter Heubeck,LAD,SIRP,23.2055555,40,0.0,0.0,0.0,0.0,0.0,2025-10-09 12:29:09.376297,1,0.7186105671416665
Owen Wild,TBR,SP,23.1833333,40,0.0,0.0,0.0,0.0,0.0,2025-10-09 12:29:09.376297,1,0.7186105671416665
Jarold Rosado,CHW,SIRP,23.2305555,40,0.0,0.0,0.0,0.0,0.0,2025-10-09 12:29:09.376297,1,0.7186105671416665
Asbel Gonzalez,KCR,CF,19.7611111,45,0.0,0.0,0.0,0.0,0.0,2025-10-09 12:29:09.376297,0,0.7185971192863706
Julian Aguiar,CIN,SP,24.3388888,40,0.0,0.0,0.0,0.0,0.0,2025-10-09 12:29:09.376297,1,0.718424666618367
Daniel  Jose Lopez,KCR,CF,20.0611111,40,0.0,0.0,0.0,0.0,0.0,2025-10-09 12:29:09.376297,0,0.7184204001863154
Griffin Burkholder,PHI,CF,20.1,40,0.0,0.0,0.0,0.0,0.0,2025-10-09 12:29:09.376297,0,0.7179696137657249
Yahil Melendez,CHC,SS,20.0861111,40,0.0,0.0,0.0,0.0,0.0,2025-10-09 12:29:09.376297,0,0.7179696137657249
Daiverson Gutierrez,NYM,C,20.0694444,40,0.0,0.0,0.0,0.0,0.0,2025-10-09 12:29:09.376297,0,0.7179696137657249
Brando Mayea,NYY,CF,20.0666666,40,0.0,0.0,0.0,0.0,0.0,2025-10-09 12:29:09.376297,0,0.7179696137657249
Welbyn Francisca,CLE,2B,19.3861111,45,0.0,0.0,0.0,0.0,0.0,2025-10-09 12:29:09.376297,0,0.7178263715529728
Michael Mercado,PHI,MIRP,26.475,40,0.0,0.0,0.0,0.0,0.0,2025-10-09 12:29:09.376297,1,0.717600859019798
Jackson Lancaster,TBR,SIRP,26.5388888,40,0.0,0.0,0.0,0.0,0.0,2025-10-09 12:29:09.376297,1,0.717600859019798
Yeremy Cabrera,TEX,CF,20.2611111,40,0.0,0.0,0.0,0.0,0.0,2025-10-09 12:29:09.376297,0,0.7173279299378289
Dom Hamel,NYM,MIRP,26.5944444,40,0.0,0.0,0.0,0.0,0.0,2025-10-09 12:29:09.376297,1,0.7171043446054647
JoJo Parker,TOR,3B,19.1611111,45,0.0,0.0,0.0,0.0,0.0,2025-10-09 12:29:09.376297,0,0.7162835643358837
Jared Spencer,TOR,SIRP,22.2638888,40,0.0,0.0,0.0,0.0,0.0,2025-10-09 12:29:09.376297,1,0.7151651877767234
Leandro Arias,BAL,SS,20.6694444,40,0.0,0.0,0.0,0.0,0.0,2025-10-09 12:29:09.376297,0,0.7150137127149953
Emilio Sanchez,BAL,SS,18.4805555,40,0.0,0.0,0.0,0.0,0.0,2025-10-09 12:29:09.376297,0,0.7143690871357505
Leonardo Pineda,TBR,CF,18.4583333,40,0.0,0.0,0.0,0.0,0.0,2025-10-09 12:29:09.376297,0,0.7143690871357505
Franklin Rojas,TOR,C,18.5444444,40,0.0,0.0,0.0,0.0,0.0,2025-10-09 12:29:09.376297,0,0.7143690871357505
Chris Suero,NYM,C,21.6916666,40,0.0,0.0,0.0,0.0,0.0,2025-10-09 12:29:09.376297,0,0.7130376984640043
Bryan Rincon,PHI,SS,21.6611111,40,0.0,0.0,0.0,0.0,0.0,2025-10-09 12:29:09.376297,0,0.7130376984640043
Jancel Villarroel,HOU,UTIL,20.7194444,40,0.0,0.0,0.0,0.0,0.0,2025-10-09 12:29:09.376297,0,0.7128007519328583
Cristofer Torin,ARI,2B,20.3611111,40,0.0,0.0,0.0,0.0,0.0,2025-10-09 12:29:09.376297,0,0.7127204460021388
Byron Chourio,MIN,CF,20.3777777,40,0.0,0.0,0.0,0.0,0.0,2025-10-09 12:29:09.376297,0,0.7127204460021388
Raymer Medina,TBR,2B,17.9333333,40,0.0,0.0,0.0,0.0,0.0,2025-10-09 12:29:09.376297,0,0.7126028712514983
Gabriel Davalillo,LAA,C,17.9166666,40,0.0,0.0,0.0,0.0,0.0,2025-10-09 12:29:09.376297,0,0.7126028712514983
Sammy Stafura,PIT,SS,19.8777777,40,0.0,0.0,0.0,0.0,0.0,2025-10-09 12:29:09.376297,0,0.712265262759349
Eric Bitonti,MIL,1B,19.8861111,40,0.0,0.0,0.0,0.0,0.0,2025-10-09 12:29:09.376297,0,0.712265262759349
Yophery Rodriguez,BOS,CF,19.8361111,40,0.0,0.0,0.0,0.0,0.0,2025-10-09 12:29:09.376297,0,0.712265262759349
Dario Laverde,LAA,C,20.6111111,40,0.0,0.0,0.0,0.0,0.0,2025-10-09 12:29:09.376297,0,0.7118568270008715
Jake Miller,DET,MIRP,24.275,40,0.0,0.0,0.0,0.0,0.0,2025-10-09 12:29:09.376297,1,0.7103388991902868
Spencer Giesting,ARI,MIRP,24.2611111,40,0.0,0.0,0.0,0.0,0.0,2025-10-09 12:29:09.376297,1,0.7103388991902868
Brycen Mautz,STL,SP,24.2194444,40,0.0,0.0,0.0,0.0,0.0,2025-10-09 12:29:09.376297,1,0.7102253607287484
Matt Jachec,CLE,MIRP,24.1972222,40,0.0,0.0,0.0,0.0,0.0,2025-10-09 12:29:09.376297,1,0.7102253607287484
Jack Mahoney,COL,SP,24.1472222,40,0.0,0.0,0.0,0.0,0.0,2025-10-09 12:29:09.376297,1,0.7102253607287484
Carlos Duran,ATH,SIRP,24.1833333,40,0.0,0.0,0.0,0.0,0.0,2025-10-09 12:29:09.376297,1,0.7102253607287484
Juan Flores,LAA,C,19.6472222,40,0.0,0.0,0.0,0.0,0.0,2025-10-09 12:29:09.376297,0,0.7099738381903721
Heriberto Rincon,NYM,CF,19.6388888,40,0.0,0.0,0.0,0.0,0.0,2025-10-09 12:29:09.376297,0,0.7099738381903721
Dashyll Tejeda,WSN,CF,19.5555555,40,0.0,0.0,0.0,0.0,0.0,2025-10-09 12:29:09.376297,0,0.7099738381903721
Pedro Catuy,ARI,CF,19.675,40,0.0,0.0,0.0,0.0,0.0,2025-10-09 12:29:09.376297,0,0.7099738381903721
Kendry Martínez,SEA,2B,18.0111111,40,0.0,0.0,0.0,0.0,0.0,2025-10-09 12:29:09.376297,0,0.7099682337641356
Kenny Fenelon,MIL,CF,18.0166666,40,0.0,0.0,0.0,0.0,0.0,2025-10-09 12:29:09.376297,0,0.7099682337641356
Malachi Witherspoon,DET,SIRP,21.15,40,0.0,0.0,0.0,0.0,0.0,2025-10-09 12:29:09.376297,1,0.7098626904040938
Yassel Soler,ARI,3B,19.6944444,40,0.0,0.0,0.0,0.0,0.0,2025-10-09 12:29:09.376297,0,0.7097269442020075
Boston Baro,NYM,SS,21.1194444,40,0.0,0.0,0.0,0.0,0.0,2025-10-09 12:29:09.376297,0,0.7096569651294483
Trace Bright,BAL,SP,24.9444444,40,0.0,0.0,0.0,0.0,0.0,2025-10-09 12:29:09.376297,1,0.7093464803478899
Liam Simon,SFG,SIRP,24.9722222,40,0.0,0.0,0.0,0.0,0.0,2025-10-09 12:29:09.376297,1,0.7093464803478899
Eric Adler,CHW,SIRP,24.9833333,40,0.0,0.0,0.0,0.0,0.0,2025-10-09 12:29:09.376297,1,0.7093464803478899
Steven Zobac,KCR,SP,24.9777777,40,0.0,0.0,0.0,0.0,0.0,2025-10-09 12:29:09.376297,1,0.7093464803478899
Rayner Arias,SFG,CF,19.4361111,40,0.0,0.0,0.0,0.0,0.0,2025-10-09 12:29:09.376297,0,0.7089384375208008
Kenedy Corona,HOU,CF,25.5416666,40,0.0,0.0,0.0,0.0,0.0,2025-10-09 12:29:09.376297,0,0.7087938711167151
Nate George,BAL,CF,19.3388888,40,0.0,0.0,0.0,0.0,0.0,2025-10-09 12:29:09.376297,0,0.7080925318229735
John Gil,ATL,SS,19.3944444,40,0.0,0.0,0.0,0.0,0.0,2025-10-09 12:29:09.376297,0,0.7080925318229735
Warren Calcaño,KCR,SS,17.9694444,40,0.0,0.0,0.0,0.0,0.0,2025-10-09 12:29:09.376297,0,0.7079833967709623
Jackson  Humphries,CLE,MIRP,21.2111111,40,0.0,0.0,0.0,0.0,0.0,2025-10-09 12:29:09.376297,1,0.7075542296829173
Blake Wehunt,BOS,MIRP,24.9083333,40,0.0,0.0,0.0,0.0,0.0,2025-10-09 12:29:09.376297,1,0.7073110966861095
Cooper Flemming,TBR,3B,19.1694444,40,0.0,0.0,0.0,0.0,0.0,2025-10-09 12:29:09.376297,0,0.7071215622318361
Yorger Bautista,SEA,CF,18.0472222,45,0.0,0.0,0.0,0.0,0.0,2025-10-09 12:29:09.376297,0,0.7070123037479389
Nathan Flewelling,TBR,C,18.9027777,40,0.0,0.0,0.0,0.0,0.0,2025-10-09 12:29:09.376297,0,0.7068599151730125
Paulino Santana,TEX,RF,18.8861111,40,0.0,0.0,0.0,0.0,0.0,2025-10-09 12:29:09.376297,0,0.7068599151730125
Josh Hartshorn,CHC,LF,18.6777777,40,0.0,0.0,0.0,0.0,0.0,2025-10-09 12:29:09.376297,0,0.7068599151730125
Edgar Montero,ATH,SS,18.875,40,0.0,0.0,0.0,0.0,0.0,2025-10-09 12:29:09.376297,0,0.7068599151730125
Andres Arias,TOR,RF,19.0,40,0.0,0.0,0.0,0.0,0.0,2025-10-09 12:29:09.376297,0,0.7068599151730125
Joswa Lugo,LAA,SS,18.7,40,0.0,0.0,0.0,0.0,0.0,2025-10-09 12:29:09.376297,0,0.7068599151730125
José Anderson,MIL,RF,18.8555555,40,0.0,0.0,0.0,0.0,0.0,2025-10-09 12:29:09.376297,0,0.7068599151730125
Jose Castro,MIA,RF,18.9333333,40,0.0,0.0,0.0,0.0,0.0,2025-10-09 12:29:09.376297,0,0.7068599151730125
Edward Lantigua,NYM,LF,18.925,40,0.0,0.0,0.0,0.0,0.0,2025-10-09 12:29:09.376297,0,0.7068599151730125
Yovanny Rodriguez,NYM,C,18.9138888,40,0.0,0.0,0.0,0.0,0.0,2025-10-09 12:29:09.376297,0,0.7068599151730125
Wilberson De Pena,NYY,RF,18.9055555,40,0.0,0.0,0.0,0.0,0.0,2025-10-09 12:29:09.376297,0,0.7068599151730125
Capri Ortiz,LAA,SS,20.5138888,40,0.0,0.0,0.0,0.0,0.0,2025-10-09 12:29:09.376297,0,0.7064797086279859
Francis Pena,SDP,SIRP,24.6972222,40,0.0,0.0,0.0,0.0,0.0,2025-10-09 12:29:09.376297,1,0.7064029516905089
Seong-Jun Kim,TEX,TWP,18.4305555,40,0.0,0.0,0.0,0.0,0.0,2025-10-09 12:29:09.376297,1,0.7060448589772105
Johnny Slawinski,LAA,SP,18.6111111,40,0.0,0.0,0.0,0.0,0.0,2025-10-09 12:29:09.376297,1,0.7060448589772105
Jared Karros,LAD,SP,24.8888888,40,0.0,0.0,0.0,0.0,0.0,2025-10-09 12:29:09.376297,1,0.7056976376248006
Jose Franco,CIN,SIRP,24.8638888,40,0.0,0.0,0.0,0.0,0.0,2025-10-09 12:29:09.376297,1,0.7056976376248006
Will Johnston,ATH,SP,24.8166666,40,0.0,0.0,0.0,0.0,0.0,2025-10-09 12:29:09.376297,1,0.7056976376248006
Mitch Farris,LAA,SP,24.6444444,40,0.0,0.0,0.0,0.0,0.0,2025-10-09 12:29:09.376297,1,0.7056106075772296
Darren Bowen,MIN,SIRP,24.675,40,0.0,0.0,0.0,0.0,0.0,2025-10-09 12:29:09.376297,1,0.7056106075772296
Tate Kuehner,MIL,MIRP,24.6638888,40,0.0,0.0,0.0,0.0,0.0,2025-10-09 12:29:09.376297,1,0.7056106075772296
Jared Johnson,ATH,SIRP,24.5583333,40,0.0,0.0,0.0,0.0,0.0,2025-10-09 12:29:09.376297,1,0.7055886750792437
Elian De La Cruz,ARI,RF,18.0305555,40,0.0,0.0,0.0,0.0,0.0,2025-10-09 12:29:09.376297,0,0.705382196597801
Juan Sanchez,TOR,SS,18.025,40,0.0,0.0,0.0,0.0,0.0,2025-10-09 12:29:09.376297,0,0.705382196597801
Maykel Coret,TBR,RF,18.0333333,40,0.0,0.0,0.0,0.0,0.0,2025-10-09 12:29:09.376297,0,0.705382196597801
Enrique Segura,TEX,SP,20.7972222,40,0.0,0.0,0.0,0.0,0.0,2025-10-09 12:29:09.376297,1,0.7053476453858925
Jhoan De La Cruz,SDP,SS,17.8888888,40,0.0,0.0,0.0,0.0,0.0,2025-10-09 12:29:09.376297,0,0.7051949494376494
Luichi Casilla,COL,SIRP,20.7777777,40,0.0,0.0,0.0,0.0,0.0,2025-10-09 12:29:09.376297,1,0.7042470623331044
Dylan Jordan,LAA,SP,19.975,40,0.0,0.0,0.0,0.0,0.0,2025-10-09 12:29:09.376297,1,0.7034182154629378
Nate Payne,MIA,SP,20.1305555,40,0.0,0.0,0.0,0.0,0.0,2025-10-09 12:29:09.376297,1,0.7034182154629378
Boston Bateman,BAL,SP,20.0444444,40,0.0,0.0,0.0,0.0,0.0,2025-10-09 12:29:09.376297,1,0.7034182154629378
Luis Arestigueta,ATL,SP,19.9777777,40,0.0,0.0,0.0,0.0,0.0,2025-10-09 12:29:09.376297,1,0.7034182154629378
Leonel Sequera,STL,SP,20.1666666,40,0.0,0.0,0.0,0.0,0.0,2025-10-09 12:29:09.376297,1,0.7027765316350418
Zander Mueth,PIT,SIRP,20.2888888,40,0.0,0.0,0.0,0.0,0.0,2025-10-09 12:29:09.376297,1,0.7027765316350418
Jacob Bresnahan,SFG,SP,20.275,40,0.0,0.0,0.0,0.0,0.0,2025-10-09 12:29:09.376297,1,0.7027765316350418
James Ellwanger,MIN,SP,21.3916666,40,0.0,0.0,0.0,0.0,0.0,2025-10-09 12:29:09.376297,1,0.7023861549702866
Chase Shores,LAA,SIRP,21.375,40,0.0,0.0,0.0,0.0,0.0,2025-10-09 12:29:09.376297,1,0.7023861549702866
Luis Lara,MIL,CF,20.8861111,45,0.0,0.0,0.0,0.0,0.0,2025-10-09 12:29:09.376297,0,0.7023008349639609
Ben Jacobs,DET,SP,21.3194444,40,0.0,0.0,0.0,0.0,0.0,2025-10-09 12:29:09.376297,1,0.702047240894902
Ty Floyd,CIN,SP,24.1055555,40,0.0,0.0,0.0,0.0,0.0,2025-10-09 12:29:09.376297,1,0.7019871319324632
Gabriel Hughes,COL,SP,24.1222222,40,0.0,0.0,0.0,0.0,0.0,2025-10-09 12:29:09.376297,1,0.7019871319324632
Ty Madden,DET,SP,25.625,40,0.0,0.0,0.0,0.0,0.0,2025-10-09 12:29:09.376297,1,0.7018895946939389
Mason Adams,CHW,SP,25.6194444,40,0.0,0.0,0.0,0.0,0.0,2025-10-09 12:29:09.376297,1,0.7018895946939389
Jhonny Level,SFG,2B,18.5194444,45,0.0,0.0,0.0,0.0,0.0,2025-10-09 12:29:09.376297,0,0.7010464919332223
Anderson Brito,HOU,SIRP,21.2472222,40,0.0,0.0,0.0,0.0,0.0,2025-10-09 12:29:09.376297,1,0.7010112150614596
Ethan Schiefelbein,DET,SP,19.4861111,40,0.0,0.0,0.0,0.0,0.0,2025-10-09 12:29:09.376297,1,0.699139243151781
Listher Sosa,ARI,SIRP,24.0833333,40,0.0,0.0,0.0,0.0,0.0,2025-10-09 12:29:09.376297,1,0.6990026422758069
Caden Favors,CLE,SIRP,24.1027777,40,0.0,0.0,0.0,0.0,0.0,2025-10-09 12:29:09.376297,1,0.6990026422758069
Raimon Gomez,BAL,SIRP,24.0833333,40,0.0,0.0,0.0,0.0,0.0,2025-10-09 12:29:09.376297,1,0.6990026422758069
Keeler Morfe,BAL,SP,19.325,40,0.0,0.0,0.0,0.0,0.0,2025-10-09 12:29:09.376297,1,0.6989892361767455
Chase Mobley,CLE,SP,19.3361111,40,0.0,0.0,0.0,0.0,0.0,2025-10-09 12:29:09.376297,1,0.6989892361767455
Kelvis Salcedo,DET,SP,19.7027777,40,0.0,0.0,0.0,0.0,0.0,2025-10-09 12:29:09.376297,1,0.698785629782709
Ethan Bagwell,ATL,SP,19.6166666,40,0.0,0.0,0.0,0.0,0.0,2025-10-09 12:29:09.376297,1,0.698785629782709
Janero Miller,MIA,SIRP,19.7388888,40,0.0,0.0,0.0,0.0,0.0,2025-10-09 12:29:09.376297,1,0.698778904120467
Conrad Cason,BOS,SP,19.1638888,40,0.0,0.0,0.0,0.0,0.0,2025-10-09 12:29:09.376297,1,0.6985792948576098
Levi Sterling,PIT,SP,19.0944444,40,0.0,0.0,0.0,0.0,0.0,2025-10-09 12:29:09.376297,1,0.6985356870144724
River Hamilton,DET,SP,19.0055555,40,0.0,0.0,0.0,0.0,0.0,2025-10-09 12:29:09.376297,1,0.6985356870144724
Reinold Navarro,PIT,SIRP,18.9583333,40,0.0,0.0,0.0,0.0,0.0,2025-10-09 12:29:09.376297,1,0.6985356870144724
David Shields,KCR,SP,19.075,40,0.0,0.0,0.0,0.0,0.0,2025-10-09 12:29:09.376297,1,0.6985356870144724
Shotaro Morii,ATH,TWP,18.8083333,40,0.0,0.0,0.0,0.0,0.0,2025-10-09 12:29:09.376297,1,0.6985356870144724
Patrick Reilly,BAL,SP,23.9972222,40,0.0,0.0,0.0,0.0,0.0,2025-10-09 12:29:09.376297,1,0.6982444843676644
Skylar Hales,STL,SIRP,23.95,40,0.0,0.0,0.0,0.0,0.0,2025-10-09 12:29:09.376297,1,0.6982444843676644
Seth Keener,CHW,SIRP,24.0055555,40,0.0,0.0,0.0,0.0,0.0,2025-10-09 12:29:09.376297,1,0.6982444843676644
JB Middleton,COL,MIRP,21.8666666,40,0.0,0.0,0.0,0.0,0.0,2025-10-09 12:29:09.376297,1,0.6979164085783155
Marlon Nieves,LAD,SP,20.3222222,40,0.0,0.0,0.0,0.0,0.0,2025-10-09 12:29:09.376297,1,0.697867747758982
Sterling Patick,LAD,MIRP,20.325,40,0.0,0.0,0.0,0.0,0.0,2025-10-09 12:29:09.376297,1,0.697867747758982
Miguel Bleis,BOS,CF,21.5972222,40,0.0,0.0,0.0,0.0,0.0,2025-10-09 12:29:09.376297,0,0.6968513312249595
Kolton Curtis,TEX,SP,21.4194444,40,0.0,0.0,0.0,0.0,0.0,2025-10-09 12:29:09.376297,1,0.6967842134600307
Kane Kepley,CHC,CF,21.6444444,40,0.0,0.0,0.0,0.0,0.0,2025-10-09 12:29:09.376297,0,0.6963825865814378
Josh Stephan,TEX,SP,23.9305555,40,0.0,0.0,0.0,0.0,0.0,2025-10-09 12:29:09.376297,1,0.6958093724131187
Teddy McGraw,SEA,MIRP,23.9333333,40,0.0,0.0,0.0,0.0,0.0,2025-10-09 12:29:09.376297,1,0.6958093724131187
Michael Arias,NYY,MIRP,23.8916666,40,0.0,0.0,0.0,0.0,0.0,2025-10-09 12:29:09.376297,1,0.6958093724131187
Xavier Neyens,HOU,3B,18.9361111,45,0.0,0.0,0.0,0.0,0.0,2025-10-09 12:29:09.376297,0,0.6948503506902414
Dax Kilby,NYY,RF,18.8861111,45,0.0,0.0,0.0,0.0,0.0,2025-10-09 12:29:09.376297,0,0.6948503506902414
Ethan Hedges,COL,3B,21.7138888,40,0.0,0.0,0.0,0.0,0.0,2025-10-09 12:29:09.376297,0,0.694538108145946
Mason Neville,CIN,CF,21.7305555,40,0.0,0.0,0.0,0.0,0.0,2025-10-09 12:29:09.376297,0,0.6943938154810869
Elian Peña,NYM,3B,17.9638888,45,0.0,0.0,0.0,0.0,0.0,2025-10-09 12:29:09.376297,0,0.6936330889179291
Keiner Delgado,PIT,SS,21.7527777,40,0.0,0.0,0.0,0.0,0.0,2025-10-09 12:29:09.376297,0,0.6928497978169527
Cole Miller,ATH,SP,20.4277777,40,0.0,0.0,0.0,0.0,0.0,2025-10-09 12:29:09.376297,1,0.6916414863021746
Cam Collier,CIN,3B,20.8777777,45,0.0,0.0,0.0,0.0,0.0,2025-10-09 12:29:09.376297,0,0.6911456397594445
Jacob Gonzalez,CHW,SS,23.35,40,0.0,0.0,0.0,0.0,0.0,2025-10-09 12:29:09.376297,0,0.6904076667227911
Mike Boeve,MIL,3B,23.4194444,40,0.0,0.0,0.0,0.0,0.0,2025-10-09 12:29:09.376297,0,0.6904076667227911
Petey Halpin,CLE,CF,23.3611111,40,0.0,0.0,0.0,0.0,0.0,2025-10-09 12:29:09.376297,0,0.6904076667227911
Leandro Pineda,PHI,RF,23.3388888,40,0.0,0.0,0.0,0.0,0.0,2025-10-09 12:29:09.376297,0,0.6902446877557602
Nelly Taylor,BOS,CF,22.7055555,40,0.0,0.0,0.0,0.0,0.0,2025-10-09 12:29:09.376297,0,0.6902164202835458
Zach Ehrhard,LAD,RF,22.7083333,40,0.0,0.0,0.0,0.0,0.0,2025-10-09 12:29:09.376297,0,0.6902164202835458
Jeral Toledo,PIT,2B,22.7055555,40,0.0,0.0,0.0,0.0,0.0,2025-10-09 12:29:09.376297,0,0.6902164202835458
Najer Victor,LAA,SIRP,23.8555555,40,0.0,0.0,0.0,0.0,0.0,2025-10-09 12:29:09.376297,1,0.6899458460726248
Carlos Rodriguez,MIL,SP,23.8583333,40,0.0,0.0,0.0,0.0,0.0,2025-10-09 12:29:09.376297,1,0.6899458460726248
Brock Wilken,MIL,3B,23.3027777,40,0.0,0.0,0.0,0.0,0.0,2025-10-09 12:29:09.376297,0,0.6899128285395048
Ryan Lasko,ATH,CF,23.2833333,40,0.0,0.0,0.0,0.0,0.0,2025-10-09 12:29:09.376297,0,0.6899128285395048
Kala'i Rosario,MIN,RF,23.2611111,40,0.0,0.0,0.0,0.0,0.0,2025-10-09 12:29:09.376297,0,0.6896281925241792
Eddinson Paulino,TOR,3B,23.2611111,40,0.0,0.0,0.0,0.0,0.0,2025-10-09 12:29:09.376297,0,0.6896281925241792
John Peck,DET,SS,23.2166666,40,0.0,0.0,0.0,0.0,0.0,2025-10-09 12:29:09.376297,0,0.6896281925241792
Sabin Ceballos,SFG,3B,23.1361111,40,0.0,0.0,0.0,0.0,0.0,2025-10-09 12:29:09.376297,0,0.6882101667754181
Kemp Alderman,MIA,LF,23.1277777,40,0.0,0.0,0.0,0.0,0.0,2025-10-09 12:29:09.376297,0,0.6882101667754181
Kevin Made,WSN,SS,23.0722222,40,0.0,0.0,0.0,0.0,0.0,2025-10-09 12:29:09.376297,0,0.6876758852137645
Kavares Tears,SDP,RF,23.1138888,40,0.0,0.0,0.0,0.0,0.0,2025-10-09 12:29:09.376297,0,0.6876758852137645
Payton Green,MIA,SS,22.7194444,40,0.0,0.0,0.0,0.0,0.0,2025-10-09 12:29:09.376297,0,0.6874938697860197
Christian Cerda,ARI,C,22.775,40,0.0,0.0,0.0,0.0,0.0,2025-10-09 12:29:09.376297,0,0.6874938697860197
Cade McGee,STL,3B,22.7333333,40,0.0,0.0,0.0,0.0,0.0,2025-10-09 12:29:09.376297,0,0.6874938697860197
Blaze Jordan,STL,1B,22.7972222,40,0.0,0.0,0.0,0.0,0.0,2025-10-09 12:29:09.376297,0,0.6874938697860197
Frederick Bencosme,BAL,SS,22.7805555,40,0.0,0.0,0.0,0.0,0.0,2025-10-09 12:29:09.376297,0,0.6874938697860197
Jose Salas,MIN,2B,22.4444444,40,0.0,0.0,0.0,0.0,0.0,2025-10-09 12:29:09.376297,0,0.6870121252671318
Kevin Bazzell,WSN,C,22.5194444,40,0.0,0.0,0.0,0.0,0.0,2025-10-09 12:29:09.376297,0,0.6867788266560207
Émilien Pitre,TBR,2B,23.0055555,40,0.0,0.0,0.0,0.0,0.0,2025-10-09 12:29:09.376297,0,0.6864220867418281
Gage Workman,DET,3B,25.95,40,0.0,0.0,0.0,0.0,0.0,2025-10-09 12:29:09.376297,0,0.6846993580910107
Charlie Szykowny,SFG,3B,25.2666666,40,0.0,0.0,0.0,0.0,0.0,2025-10-09 12:29:09.376297,0,0.6843973064586729
Maximo Acosta,MIA,SS,22.9361111,40,0.0,0.0,0.0,0.0,0.0,2025-10-09 12:29:09.376297,0,0.6838471958140094
Noah Miller,LAD,SS,22.9,40,0.0,0.0,0.0,0.0,0.0,2025-10-09 12:29:09.376297,0,0.6838471958140094
T.J. Rumfield,NYY,1B,25.3861111,40,0.0,0.0,0.0,0.0,0.0,2025-10-09 12:29:09.376297,0,0.6827452880208162
Wade Meckler,SFG,CF,25.4583333,40,0.0,0.0,0.0,0.0,0.0,2025-10-09 12:29:09.376297,0,0.6827452880208162
Paul Bonzagni,TEX,SP,23.5138888,40,0.0,0.0,0.0,0.0,0.0,2025-10-09 12:29:09.376297,1,0.6813396773391025
Aidan Foeller,LAD,SP,23.5277777,40,0.0,0.0,0.0,0.0,0.0,2025-10-09 12:29:09.376297,1,0.6813396773391025
Josh Knoth,MIL,SP,20.1555555,45,0.0,0.0,0.0,0.0,0.0,2025-10-09 12:29:09.376297,1,0.6804818778887629
Owen Hall,DET,SP,19.8944444,45,0.0,0.0,0.0,0.0,0.0,2025-10-09 12:29:09.376297,1,0.6804818778887629
Steven Echavarria,ATH,SP,20.1666666,45,0.0,0.0,0.0,0.0,0.0,2025-10-09 12:29:09.376297,1,0.6804818778887629
Yohanfer Santana,MIA,SP,19.9805555,45,0.0,0.0,0.0,0.0,0.0,2025-10-09 12:29:09.376297,1,0.6804818778887629
Alex Lodise,ATL,SS,21.5722222,40,0.0,0.0,0.0,0.0,0.0,2025-10-09 12:29:09.376297,0,0.6801003117194075
Daniel Susac,ATH,C,24.3944444,40,0.0,0.0,0.0,0.0,0.0,2025-10-09 12:29:09.376297,0,0.6793535765526855
Tirso Ornelas,SDP,LF,25.5694444,40,0.0,0.0,0.0,0.0,0.0,2025-10-09 12:29:09.376297,0,0.6779873151987381
Matthew Fisher,PHI,SP,19.5611111,45,0.0,0.0,0.0,0.0,0.0,2025-10-09 12:29:09.376297,1,0.6762449499018603
Juan Valera,BOS,SP,19.3833333,45,0.0,0.0,0.0,0.0,0.0,2025-10-09 12:29:09.376297,1,0.675977883463228
Keyner Benitez,MIA,SP,19.3694444,45,0.0,0.0,0.0,0.0,0.0,2025-10-09 12:29:09.376297,1,0.675977883463228
Josh Kuroda-Grauer,ATH,2B,22.6833333,40,0.0,0.0,0.0,0.0,0.0,2025-10-09 12:29:09.376297,0,0.6752785563173265
Brandon Birdsell,CHC,SP,25.5361111,45,0.0,0.0,0.0,0.0,0.0,2025-10-09 12:29:09.376297,1,0.6752266587414212
Landon Harmon,WSN,SP,19.075,45,0.0,0.0,0.0,0.0,0.0,2025-10-09 12:29:09.376297,1,0.6751620532095116
Max Belyeu,COL,RF,21.8083333,40,0.0,0.0,0.0,0.0,0.0,2025-10-09 12:29:09.376297,0,0.6735413838712705
Daniel Dickinson,MIL,2B,21.8361111,40,0.0,0.0,0.0,0.0,0.0,2025-10-09 12:29:09.376297,0,0.6735413838712705
Adonys Guzman,PIT,C,21.8388888,40,0.0,0.0,0.0,0.0,0.0,2025-10-09 12:29:09.376297,0,0.6735413838712705
Pablo Aliendo,CHC,C,24.3527777,40,0.0,0.0,0.0,0.0,0.0,2025-10-09 12:29:09.376297,0,0.672020715129193
Humberto Cruz,SDP,SP,18.8,45,0.0,0.0,0.0,0.0,0.0,2025-10-09 12:29:09.376297,1,0.6693673065008903
Brailyn Antunez,MIL,CF,17.85,40,0.0,0.0,0.0,0.0,0.0,2025-10-09 12:29:09.376297,0,0.6685760065205925
Camden Minacci,LAA,SIRP,23.7277777,40,0.0,0.0,0.0,0.0,0.0,2025-10-09 12:29:09.376297,1,0.6679316501415052
Jairo Iriarte,CHW,SP,23.8083333,40,0.0,0.0,0.0,0.0,0.0,2025-10-09 12:29:09.376297,1,0.6679316501415052
Drew Dowd,TBR,SP,23.7583333,40,0.0,0.0,0.0,0.0,0.0,2025-10-09 12:29:09.376297,1,0.6679316501415052
Kyle Lodise,CHW,SS,21.9694444,40,0.0,0.0,0.0,0.0,0.0,2025-10-09 12:29:09.376297,0,0.665211559392369
Brandon Compton,MIA,LF,21.9416666,40,0.0,0.0,0.0,0.0,0.0,2025-10-09 12:29:09.376297,0,0.665211559392369
Korbyn Dickerson,SEA,CF,21.9333333,40,0.0,0.0,0.0,0.0,0.0,2025-10-09 12:29:09.376297,0,0.665211559392369
Andrew Pintar,MIA,CF,24.5361111,40,0.0,0.0,0.0,0.0,0.0,2025-10-09 12:29:09.376297,0,0.6650776247540782
Deyvison De Los Santos,MIA,DH,22.2916666,40,0.0,0.0,0.0,0.0,0.0,2025-10-09 12:29:09.376297,0,0.66473307389793
Blake Burke,MIL,1B,22.3194444,40,0.0,0.0,0.0,0.0,0.0,2025-10-09 12:29:09.376297,0,0.66473307389793
Sean Keys,TOR,3B,22.3611111,40,0.0,0.0,0.0,0.0,0.0,2025-10-09 12:29:09.376297,0,0.66473307389793
James  Quinn-Irons,TBR,CF,22.2722222,40,0.0,0.0,0.0,0.0,0.0,2025-10-09 12:29:09.376297,0,0.66473307389793
Roberto Campos,DET,RF,22.3111111,40,0.0,0.0,0.0,0.0,0.0,2025-10-09 12:29:09.376297,0,0.66473307389793
Creed Willems,BAL,C,22.3388888,40,0.0,0.0,0.0,0.0,0.0,2025-10-09 12:29:09.376297,0,0.66473307389793
Gregory Barrios,TBR,SS,21.4944444,40,0.0,0.0,0.0,0.0,0.0,2025-10-09 12:29:09.376297,0,0.6628161522536394
Hendry Mendez,MIN,LF,21.9138888,40,0.0,0.0,0.0,0.0,0.0,2025-10-09 12:29:09.376297,0,0.6627597619274139
Easton Carmichael,PIT,C,21.925,40,0.0,0.0,0.0,0.0,0.0,2025-10-09 12:29:09.376297,0,0.6625432365337232
Christian Cairo,CLE,SS,24.3194444,40,0.0,0.0,0.0,0.0,0.0,2025-10-09 12:29:09.376297,0,0.6615366845583691
Santiago Castellanos,MIN,SP,17.2194444,40,0.0,0.0,0.0,0.0,0.0,2025-10-09 12:29:09.376297,1,0.6610810736746947
Tanner Murray,TBR,2B,26.0916666,40,0.0,0.0,0.0,0.0,0.0,2025-10-09 12:29:09.376297,0,0.6593582321914954
José Peña,BAL,SS,17.1388888,40,0.0,0.0,0.0,0.0,0.0,2025-10-09 12:29:09.376297,0,0.6587380018421823
Cesar Acosta,NYM,C,17.1861111,40,0.0,0.0,0.0,0.0,0.0,2025-10-09 12:29:09.376297,0,0.6587380018421823
Royelny Strop,STL,CF,17.3388888,40,0.0,0.0,0.0,0.0,0.0,2025-10-09 12:29:09.376297,0,0.6587380018421823
Aroon Escobar,PHI,2B,20.7638888,45,0.0,0.0,0.0,0.0,0.0,2025-10-09 12:29:09.376297,0,0.658260942455022
Juan Burgos,ARI,MIRP,25.7888888,40,0.0,0.0,0.0,0.0,0.0,2025-10-09 12:29:09.376297,1,0.657732135830858
Demetrio Crisantes,ARI,2B,21.0861111,45,0.0,0.0,0.0,0.0,0.0,2025-10-09 12:29:09.376297,0,0.6577132931837403
Nate Furman,SFG,2B,24.2027777,40,0.0,0.0,0.0,0.0,0.0,2025-10-09 12:29:09.376297,0,0.6570444414273674
Tsung-Che Cheng,PIT,SS,24.25,40,0.0,0.0,0.0,0.0,0.0,2025-10-09 12:29:09.376297,0,0.6570444414273674
Will Simpson,TBR,1B,24.1055555,40,0.0,0.0,0.0,0.0,0.0,2025-10-09 12:29:09.376297,0,0.6565594352068538
Ethan Petry,WSN,1B,21.3027777,40,0.0,0.0,0.0,0.0,0.0,2025-10-09 12:29:09.376297,0,0.6556659350581848
Samuel Zavala,CHW,CF,21.225,40,0.0,0.0,0.0,0.0,0.0,2025-10-09 12:29:09.376297,0,0.6556465858385198
Alfonsin Rosario,CLE,RF,21.2916666,40,0.0,0.0,0.0,0.0,0.0,2025-10-09 12:29:09.376297,0,0.6551404567620599
Drew Romo,COL,C,24.1027777,40,0.0,0.0,0.0,0.0,0.0,2025-10-09 12:29:09.376297,0,0.6546935524667744
Andy Perez,COL,SS,21.3416666,40,0.0,0.0,0.0,0.0,0.0,2025-10-09 12:29:09.376297,0,0.6535465405323909
Tavian Josenberger,BAL,CF,23.9527777,40,0.0,0.0,0.0,0.0,0.0,2025-10-09 12:29:09.376297,0,0.6531953222003088
Javier Vaz,KCR,2B,25.0388888,40,0.0,0.0,0.0,0.0,0.0,2025-10-09 12:29:09.376297,0,0.6529420878163296
Tyler Black,MIL,1B,25.1944444,40,0.0,0.0,0.0,0.0,0.0,2025-10-09 12:29:09.376297,0,0.6526505613365788
Ryan Ignoffo,MIA,C,25.2083333,40,0.0,0.0,0.0,0.0,0.0,2025-10-09 12:29:09.376297,0,0.6526505613365788
McCade Brown,COL,SP,25.3916666,45,0.0,0.0,0.0,0.0,0.0,2025-10-09 12:29:09.376297,1,0.6525415292225077
Aaron Walton,CLE,CF,21.3944444,40,0.0,0.0,0.0,0.0,0.0,2025-10-09 12:29:09.376297,0,0.6517027294191114
Travis Adams,MIN,SP,25.7138888,40,0.0,0.0,0.0,0.0,0.0,2025-10-09 12:29:09.376297,1,0.6512912308129367
Chase Davis,STL,CF,23.8361111,40,0.0,0.0,0.0,0.0,0.0,2025-10-09 12:29:09.376297,0,0.6503783288965703
Jorge Barrosa,ARI,CF,24.6361111,40,0.0,0.0,0.0,0.0,0.0,2025-10-09 12:29:09.376297,0,0.6491550982355744
Jack Brannigan,PIT,SS,24.5694444,40,0.0,0.0,0.0,0.0,0.0,2025-10-09 12:29:09.376297,0,0.6491550982355744
Gabriel Rincones Jr.,PHI,LF,24.5916666,40,0.0,0.0,0.0,0.0,0.0,2025-10-09 12:29:09.376297,0,0.6491550982355744
Brandon Valenzuela,TOR,C,25.0111111,40,0.0,0.0,0.0,0.0,0.0,2025-10-09 12:29:09.376297,0,0.6474445910385658
Rafael Flores,PIT,C,24.9138888,40,0.0,0.0,0.0,0.0,0.0,2025-10-09 12:29:09.376297,0,0.6470035448337429
Carlos D. Rodriguez,ATL,CF,24.8305555,40,0.0,0.0,0.0,0.0,0.0,2025-10-09 12:29:09.376297,0,0.6468167443125323
George Valera,CLE,RF,24.8972222,40,0.0,0.0,0.0,0.0,0.0,2025-10-09 12:29:09.376297,0,0.6468167443125323
Benjamin Cowles,CHC,SS,25.6416666,40,0.0,0.0,0.0,0.0,0.0,2025-10-09 12:29:09.376297,0,0.6455070274454009
Juan Matheus,NYY,SS,21.4361111,40,0.0,0.0,0.0,0.0,0.0,2025-10-09 12:29:09.376297,0,0.6453347209555186
A.J. Ewing,NYM,CF,21.1555555,45,0.0,0.0,0.0,0.0,0.0,2025-10-09 12:29:09.376297,0,0.6448128186821073
Mikey Romero,BOS,3B,21.7333333,45,0.0,0.0,0.0,0.0,0.0,2025-10-09 12:29:09.376297,0,0.643908440896297
Luke Adams,MIL,1B,21.45,40,0.0,0.0,0.0,0.0,0.0,2025-10-09 12:29:09.376297,0,0.6437202757949412
Dean Curley,CLE,3B,21.475,40,0.0,0.0,0.0,0.0,0.0,2025-10-09 12:29:09.376297,0,0.6437202757949412
Devin Taylor,ATH,LF,21.75,45,0.0,0.0,0.0,0.0,0.0,2025-10-09 12:29:09.376297,0,0.6435224364802633
Jack Wenninger,NYM,SP,23.5611111,40,0.0,0.0,0.0,0.0,0.0,2025-10-09 12:29:09.376297,1,0.6411729218217787
Wikelman González,CHW,MIRP,23.5305555,40,0.0,0.0,0.0,0.0,0.0,2025-10-09 12:29:09.376297,1,0.6411729218217787
Yerlin Rodriguez,MIL,SIRP,23.5388888,40,0.0,0.0,0.0,0.0,0.0,2025-10-09 12:29:09.376297,1,0.6411729218217787
Jackson Nezuh,HOU,SP,23.6527777,40,0.0,0.0,0.0,0.0,0.0,2025-10-09 12:29:09.376297,1,0.640992349172206
Juaron Watts-Brown,BAL,MIRP,23.6194444,40,0.0,0.0,0.0,0.0,0.0,2025-10-09 12:29:09.376297,1,0.640992349172206
Josh Hansell,KCR,SIRP,23.6638888,40,0.0,0.0,0.0,0.0,0.0,2025-10-09 12:29:09.376297,1,0.640992349172206
Ryan Birchard,MIL,MIRP,22.2333333,40,0.0,0.0,0.0,0.0,0.0,2025-10-09 12:29:09.376297,1,0.6404754935944088
Yu-Min Lin,ARI,SP,22.2333333,40,0.0,0.0,0.0,0.0,0.0,2025-10-09 12:29:09.376297,1,0.6404754935944088
Jack Hostetler,MIL,SIRP,22.1777777,40,0.0,0.0,0.0,0.0,0.0,2025-10-09 12:29:09.376297,1,0.6396266333596614
Cade Obermueller,PHI,SP,22.1888888,40,0.0,0.0,0.0,0.0,0.0,2025-10-09 12:29:09.376297,1,0.6396266333596614
Jacob Steinmetz,ARI,SP,22.2138888,40,0.0,0.0,0.0,0.0,0.0,2025-10-09 12:29:09.376297,1,0.6396266333596614
Yujanyer Herrera,COL,SIRP,22.1361111,40,0.0,0.0,0.0,0.0,0.0,2025-10-09 12:29:09.376297,1,0.639323361857675
Ismael Agreda,TEX,MIRP,21.9944444,40,0.0,0.0,0.0,0.0,0.0,2025-10-09 12:29:09.376297,1,0.6391995319010261
Gavin Kilen,SFG,SS,21.5222222,45,0.0,0.0,0.0,0.0,0.0,2025-10-09 12:29:09.376297,0,0.6370544682297387
Gabriel Gonzalez,MIN,RF,21.7555555,45,0.0,0.0,0.0,0.0,0.0,2025-10-09 12:29:09.376297,0,0.6348253836835815
Murf Gray,PIT,3B,21.7666666,45,0.0,0.0,0.0,0.0,0.0,2025-10-09 12:29:09.376297,0,0.6348253836835815
Christian Zazueta,LAD,SP,20.9972222,45,0.0,0.0,0.0,0.0,0.0,2025-10-09 12:29:09.376297,1,0.63351387452688
Jace LaViolette,CLE,CF,21.8388888,45,0.0,0.0,0.0,0.0,0.0,2025-10-09 12:29:09.376297,0,0.6323306345549874
Sal Stewart,CIN,3B,21.8305555,45,0.0,0.0,0.0,0.0,0.0,2025-10-09 12:29:09.376297,0,0.6323306345549874
Billy Cook,PIT,CF,26.7472222,40,0.0,0.0,0.0,0.0,0.0,2025-10-09 12:29:09.376297,0,0.6322495759049901
Blake Dunn,CIN,CF,27.0861111,40,0.0,0.0,0.0,0.0,0.0,2025-10-09 12:29:09.376297,0,0.6322495759049901
Shay Whitcomb,HOU,2B,27.0222222,40,0.0,0.0,0.0,0.0,0.0,2025-10-09 12:29:09.376297,0,0.6322495759049901
Hunter Feduccia,TBR,C,28.3361111,40,0.0,0.0,0.0,0.0,0.0,2025-10-09 12:29:09.376297,0,0.6322495759049901
Matt Koperniak,STL,LF,27.6611111,40,0.0,0.0,0.0,0.0,0.0,2025-10-09 12:29:09.376297,0,0.6322495759049901
Tanner Schobel,MIN,SS,24.3388888,45,0.0,0.0,0.0,0.0,0.0,2025-10-09 12:29:09.376297,0,0.6316246467948666
Kahlil Watson,CLE,CF,22.4722222,45,0.0,0.0,0.0,0.0,0.0,2025-10-09 12:29:09.376297,0,0.6314944432682356
Seaver King,WSN,SS,22.4472222,45,0.0,0.0,0.0,0.0,0.0,2025-10-09 12:29:09.376297,0,0.6314944432682356
Cooper Hjerpe,STL,SP,24.5555555,45,0.0,0.0,0.0,0.0,0.0,2025-10-09 12:29:09.376297,1,0.6307782139565324
Caden Bodine,BAL,C,21.8444444,45,0.0,0.0,0.0,0.0,0.0,2025-10-09 12:29:09.376297,0,0.6302953563151484
Jair Camargo,MIN,C,26.2638888,40,0.0,0.0,0.0,0.0,0.0,2025-10-09 12:29:09.376297,0,0.630073098870095
César Prieto,STL,2B,26.4055555,40,0.0,0.0,0.0,0.0,0.0,2025-10-09 12:29:09.376297,0,0.630073098870095
Luis Perales,BOS,SIRP,22.4777777,45,0.0,0.0,0.0,0.0,0.0,2025-10-09 12:29:09.376297,1,0.6294338561080711
Luis De León,BAL,SP,22.4777777,45,0.0,0.0,0.0,0.0,0.0,2025-10-09 12:29:09.376297,1,0.6294338561080711
Tanner McDougal,CHW,SP,22.5083333,45,0.0,0.0,0.0,0.0,0.0,2025-10-09 12:29:09.376297,1,0.6294338561080711
Robert Gasser,MIL,SP,26.35,45,0.0,0.0,0.0,0.0,0.0,2025-10-09 12:29:09.376297,1,0.6289612370995564
Jamie Arnold,ATH,SP,21.5416666,45,0.0,0.0,0.0,0.0,0.0,2025-10-09 12:29:09.376297,1,0.6284841127928936
Dylan Beavers,BAL,CF,24.1527777,45,0.0,0.0,0.0,0.0,0.0,2025-10-09 12:29:09.376297,0,0.6274726783464599
Cade Cavalli,WSN,SP,27.1444444,45,0.0,0.0,0.0,0.0,0.0,2025-10-09 12:29:09.376297,1,0.6274580663041863
Gunnar Hoglund,ATH,SP,25.8027777,45,0.0,0.0,0.0,0.0,0.0,2025-10-09 12:29:09.376297,1,0.6272871028079287
Sterlin Thompson,COL,LF,24.2777777,45,0.0,0.0,0.0,0.0,0.0,2025-10-09 12:29:09.376297,0,0.62713238379565
Pete Hansen,STL,SP,25.1888888,45,0.0,0.0,0.0,0.0,0.0,2025-10-09 12:29:09.376297,1,0.6269398157250673
Joe Rock,TBR,SP,25.1861111,45,0.0,0.0,0.0,0.0,0.0,2025-10-09 12:29:09.376297,1,0.6269398157250673
Kohl Drake,ARI,SP,25.2194444,45,0.0,0.0,0.0,0.0,0.0,2025-10-09 12:29:09.376297,1,0.6269398157250673
Jedixson Paez,BOS,SP,21.7194444,45,0.0,0.0,0.0,0.0,0.0,2025-10-09 12:29:09.376297,1,0.6268456858809831
Roc Riggio,COL,2B,23.3194444,45,0.0,0.0,0.0,0.0,0.0,2025-10-09 12:29:09.376297,0,0.6259826094027766
Owen Caissie,CHC,RF,23.2444444,45,0.0,0.0,0.0,0.0,0.0,2025-10-09 12:29:09.376297,0,0.6255826395648864
Moisés Ballesteros,CHC,C,21.9111111,45,0.0,0.0,0.0,0.0,0.0,2025-10-09 12:29:09.376297,0,0.6255577293694875
Marek Houston,MIN,SS,21.4777777,45,0.0,0.0,0.0,0.0,0.0,2025-10-09 12:29:09.376297,0,0.6247008288332311
Juan Brito,CLE,2B,24.0333333,45,0.0,0.0,0.0,0.0,0.0,2025-10-09 12:29:09.376297,0,0.624544734727022
Kevin Defrank,MIA,SP,17.1527777,45,0.0,0.0,0.0,0.0,0.0,2025-10-09 12:29:09.376297,1,0.6242914706413268
Termarr Johnson,PIT,2B,21.3194444,45,0.0,0.0,0.0,0.0,0.0,2025-10-09 12:29:09.376297,0,0.6235512488179773
Dominic Keegan,TBR,1B,25.1805555,45,0.0,0.0,0.0,0.0,0.0,2025-10-09 12:29:09.376297,0,0.6234661888996058
Ethan Conrad,CHC,CF,21.2527777,45,0.0,0.0,0.0,0.0,0.0,2025-10-09 12:29:09.376297,0,0.6234588626038743
Andrew Fischer,MIL,3B,21.3638888,45,0.0,0.0,0.0,0.0,0.0,2025-10-09 12:29:09.376297,0,0.6228981782371843
James Tibbs III,LAD,RF,23.0138888,45,0.0,0.0,0.0,0.0,0.0,2025-10-09 12:29:09.376297,0,0.622782118589129
Walker Janek,HOU,C,23.0333333,45,0.0,0.0,0.0,0.0,0.0,2025-10-09 12:29:09.376297,0,0.622782118589129
Enrique Bradfield Jr.,BAL,CF,23.8444444,45,0.0,0.0,0.0,0.0,0.0,2025-10-09 12:29:09.376297,0,0.6217039459570567
Vance Honeycutt,BAL,CF,22.3861111,45,0.0,0.0,0.0,0.0,0.0,2025-10-09 12:29:09.376297,0,0.620967365888547
Nathan Martorella,MIA,1B,24.6333333,45,0.0,0.0,0.0,0.0,0.0,2025-10-09 12:29:09.376297,0,0.6200858483943148
Drew Gilbert,SFG,CF,25.025,45,0.0,0.0,0.0,0.0,0.0,2025-10-09 12:29:09.376297,0,0.6195544155899081
James Triantos,CHC,2B,22.6861111,45,0.0,0.0,0.0,0.0,0.0,2025-10-09 12:29:09.376297,0,0.6191282752083153
Griff O'Ferrall,BAL,SS,22.6777777,45,0.0,0.0,0.0,0.0,0.0,2025-10-09 12:29:09.376297,0,0.6191282752083153
Cooper Kinney,TBR,2B,22.6916666,45,0.0,0.0,0.0,0.0,0.0,2025-10-09 12:29:09.376297,0,0.6191282752083153
Thomas Harrington,PIT,SP,24.2333333,45,0.0,0.0,0.0,0.0,0.0,2025-10-09 12:29:09.376297,1,0.6190488858300797
Mick Abel,MIN,SP,24.1333333,45,0.0,0.0,0.0,0.0,0.0,2025-10-09 12:29:09.376297,1,0.6189731935223873
Chase Hampton,NYY,SP,24.1638888,45,0.0,0.0,0.0,0.0,0.0,2025-10-09 12:29:09.376297,1,0.6189731935223873
Jose Corniell,TEX,SP,22.2888888,45,0.0,0.0,0.0,0.0,0.0,2025-10-09 12:29:09.376297,1,0.6188039929583486
Christian Franklin,WSN,CF,25.85,45,0.0,0.0,0.0,0.0,0.0,2025-10-09 12:29:09.376297,0,0.618660534564083
Carson Palmquist,COL,SP,24.9694444,45,0.0,0.0,0.0,0.0,0.0,2025-10-09 12:29:09.376297,1,0.6174962831442374
Hunter Cranton,ARI,SIRP,24.95,45,0.0,0.0,0.0,0.0,0.0,2025-10-09 12:29:09.376297,1,0.6174962831442374
Braxton Bragg,BAL,SP,24.9388888,45,0.0,0.0,0.0,0.0,0.0,2025-10-09 12:29:09.376297,1,0.6174962831442374
Mason Barnett,ATH,SP,24.9138888,45,0.0,0.0,0.0,0.0,0.0,2025-10-09 12:29:09.376297,1,0.6170552369394144
Trevor McDonald,SFG,SP,24.6111111,45,0.0,0.0,0.0,0.0,0.0,2025-10-09 12:29:09.376297,1,0.6158618337100522
Jake Bennett,WSN,SP,24.8444444,45,0.0,0.0,0.0,0.0,0.0,2025-10-09 12:29:09.376297,1,0.6157308070612627
Luinder Avila,KCR,SP,24.125,45,0.0,0.0,0.0,0.0,0.0,2025-10-09 12:29:09.376297,1,0.6155732085131468
Lucas Braun,ATL,SP,24.1111111,45,0.0,0.0,0.0,0.0,0.0,2025-10-09 12:29:09.376297,1,0.6155732085131468
Ben Kudrna,KCR,SP,22.6833333,45,0.0,0.0,0.0,0.0,0.0,2025-10-09 12:29:09.376297,1,0.6140675952800584
Gage Wood,PHI,SP,21.8083333,45,0.0,0.0,0.0,0.0,0.0,2025-10-09 12:29:09.376297,1,0.6136628473830671
Colin Yeaman,BAL,SS,21.475,45,0.0,0.0,0.0,0.0,0.0,2025-10-09 12:29:09.376297,0,0.6127484448900492
Andrew Morris,MIN,SP,24.0972222,45,0.0,0.0,0.0,0.0,0.0,2025-10-09 12:29:09.376297,1,0.6125887188564904
Sam Aldegheri,LAA,SP,24.075,45,0.0,0.0,0.0,0.0,0.0,2025-10-09 12:29:09.376297,1,0.6123494971237444
Tekoah Roby,STL,MIRP,24.05,45,0.0,0.0,0.0,0.0,0.0,2025-10-09 12:29:09.376297,1,0.6123494971237444
C.J. Culpepper,MIN,SP,23.9277777,45,0.0,0.0,0.0,0.0,0.0,2025-10-09 12:29:09.376297,1,0.6123494971237444
Jean Cabrera,PHI,SP,23.9611111,45,0.0,0.0,0.0,0.0,0.0,2025-10-09 12:29:09.376297,1,0.6123494971237444
Dax Fulton,MIA,SP,23.9722222,45,0.0,0.0,0.0,0.0,0.0,2025-10-09 12:29:09.376297,1,0.6123494971237444
Mitch Bratt,ARI,SP,22.2583333,45,0.0,0.0,0.0,0.0,0.0,2025-10-09 12:29:09.376297,1,0.6093434860408867
Wellington Aracena,BAL,SIRP,20.775,45,0.0,0.0,0.0,0.0,0.0,2025-10-09 12:29:09.376297,1,0.6090812463568877
Cristian Mena,ARI,SP,22.7916666,45,0.0,0.0,0.0,0.0,0.0,2025-10-09 12:29:09.376297,1,0.6089751261567934
Kendry Rojas,MIN,SP,22.8611111,45,0.0,0.0,0.0,0.0,0.0,2025-10-09 12:29:09.376297,1,0.6089751261567934
Matt Wilkinson,CLE,SP,22.8222222,45,0.0,0.0,0.0,0.0,0.0,2025-10-09 12:29:09.376297,1,0.6089751261567934
Jose Olivares,MIN,SP,22.7166666,45,0.0,0.0,0.0,0.0,0.0,2025-10-09 12:29:09.376297,1,0.6089751261567934
Santiago Suarez,TBR,SP,20.7361111,45,0.0,0.0,0.0,0.0,0.0,2025-10-09 12:29:09.376297,1,0.6084616393943633
Haritzon Castillo,MIN,SS,17.5361111,40,0.0,0.0,0.0,0.0,0.0,2025-10-09 12:29:09.376297,0,0.6083570563400214
Yoniel Curet,TBR,SP,22.925,45,0.0,0.0,0.0,0.0,0.0,2025-10-09 12:29:09.376297,1,0.6079928598209786
Juan Cabada,CHC,SS,17.4333333,40,0.0,0.0,0.0,0.0,0.0,2025-10-09 12:29:09.376297,0,0.6073055909427651
Harold Rivas,BOS,CF,17.4055555,40,0.0,0.0,0.0,0.0,0.0,2025-10-09 12:29:09.376297,0,0.6073055909427651
Kash Mayfield,SDP,SP,20.6611111,45,0.0,0.0,0.0,0.0,0.0,2025-10-09 12:29:09.376297,1,0.607194090971196
Tommy Troy,ARI,SS,23.7194444,45,0.0,0.0,0.0,0.0,0.0,2025-10-09 12:29:09.376297,0,0.6057741468288307
David Davalillo,TEX,SP,23.125,45,0.0,0.0,0.0,0.0,0.0,2025-10-09 12:29:09.376297,1,0.6056902048377907
Jaden Hamm,DET,SP,23.0861111,45,0.0,0.0,0.0,0.0,0.0,2025-10-09 12:29:09.376297,1,0.6054860067938486
Jackson Baumeister,TBR,SP,23.2388888,45,0.0,0.0,0.0,0.0,0.0,2025-10-09 12:29:09.376297,1,0.6054351767153755
Marco Raya,MIN,MIRP,23.1638888,45,0.0,0.0,0.0,0.0,0.0,2025-10-09 12:29:09.376297,1,0.6054351767153755
LuJames Groover,ARI,3B,23.4722222,45,0.0,0.0,0.0,0.0,0.0,2025-10-09 12:29:09.376297,0,0.604387899707115
Nick Yorke,PIT,2B,23.5111111,45,0.0,0.0,0.0,0.0,0.0,2025-10-09 12:29:09.376297,0,0.604387899707115
Julio Carreras,COL,SS,25.7333333,40,0.0,0.0,0.0,0.0,0.0,2025-10-09 12:29:09.376297,0,0.5969641664310246
Andrew Salas,MIA,SS,17.5888888,45,0.0,0.0,0.0,0.0,0.0,2025-10-09 12:29:09.376297,0,0.5952009647262458
Dorian Soto,BOS,SS,17.6444444,45,0.0,0.0,0.0,0.0,0.0,2025-10-09 12:29:09.376297,0,0.5952009647262458
Micah Bucknam,TOR,SP,22.1111111,40,0.0,0.0,0.0,0.0,0.0,2025-10-09 12:29:09.376297,1,0.5910954556305632
Brice Matthews,HOU,2B,23.5555555,45,0.0,0.0,0.0,0.0,0.0,2025-10-09 12:29:09.376297,0,0.5906678232613184
Adrian  Pena,MIA,SP,17.4277777,45,0.0,0.0,0.0,0.0,0.0,2025-10-09 12:29:09.376297,1,0.5895259548783559
Cristopher Polanco,TOR,SS,17.7583333,45,0.0,0.0,0.0,0.0,0.0,2025-10-09 12:29:09.376297,0,0.5873830770085513
Diego Velasquez,SFG,SS,22.0138888,40,0.0,0.0,0.0,0.0,0.0,2025-10-09 12:29:09.376297,0,0.5858455290638339
Jake Cook,TOR,CF,22.2305555,40,0.0,0.0,0.0,0.0,0.0,2025-10-09 12:29:09.376297,0,0.584824137202678
Luis De La Torre,SFG,SIRP,22.0833333,40,0.0,0.0,0.0,0.0,0.0,2025-10-09 12:29:09.376297,1,0.5846478776074008
Jogly Garcia,CLE,SIRP,22.0777777,40,0.0,0.0,0.0,0.0,0.0,2025-10-09 12:29:09.376297,1,0.5846478776074008
Chalniel Arias,NYY,SP,22.0694444,40,0.0,0.0,0.0,0.0,0.0,2025-10-09 12:29:09.376297,1,0.5845178997453605
Winston Santos,TEX,SP,23.475,45,0.0,0.0,0.0,0.0,0.0,2025-10-09 12:29:09.376297,1,0.584119361346342
Zach Fruit,BAL,SP,23.4833333,45,0.0,0.0,0.0,0.0,0.0,2025-10-09 12:29:09.376297,1,0.584119361346342
Drue Hackenberg,ATL,SP,23.5138888,45,0.0,0.0,0.0,0.0,0.0,2025-10-09 12:29:09.376297,1,0.584119361346342
Cole Mathis,CHC,1B,22.1972222,40,0.0,0.0,0.0,0.0,0.0,2025-10-09 12:29:09.376297,0,0.5839752769679308
Michael Lombardi,KCR,SIRP,22.0444444,40,0.0,0.0,0.0,0.0,0.0,2025-10-09 12:29:09.376297,1,0.5826349041057992
Cris Rodriguez,DET,RF,17.6888888,45,0.0,0.0,0.0,0.0,0.0,2025-10-09 12:29:09.376297,0,0.5728897378302216
Ayden Johnson,ATH,3B,17.6472222,40,0.0,0.0,0.0,0.0,0.0,2025-10-09 12:29:09.376297,0,0.5714682582621201
Malcolm Moore,TEX,C,22.1833333,45,0.0,0.0,0.0,0.0,0.0,2025-10-09 12:29:09.376297,0,0.5687689145361101
Ryan Clifford,NYM,RF,22.2111111,45,0.0,0.0,0.0,0.0,0.0,2025-10-09 12:29:09.376297,0,0.5687689145361101
Nestor German,BAL,SP,23.6111111,45,0.0,0.0,0.0,0.0,0.0,2025-10-09 12:29:09.376297,1,0.5673089338587158
Hurston Waldrep,ATL,SP,23.5972222,45,0.0,0.0,0.0,0.0,0.0,2025-10-09 12:29:09.376297,1,0.5673089338587158
Bryce Mayer,HOU,SP,23.6527777,45,0.0,0.0,0.0,0.0,0.0,2025-10-09 12:29:09.376297,1,0.5673089338587158
JD Thompson,MIL,SP,22.0222222,45,0.0,0.0,0.0,0.0,0.0,2025-10-09 12:29:09.376297,1,0.5646187953891089
Elmer Rodriguez-Cruz,NYY,SP,22.1333333,45,0.0,0.0,0.0,0.0,0.0,2025-10-09 12:29:09.376297,1,0.5636385044538152
Michael Arroyo,SEA,2B,20.925,50,0.0,0.0,0.0,0.0,0.0,2025-10-09 12:29:09.376297,0,0.5588753420398076
Bryce Eldridge,SFG,1B,20.9611111,55,0.0,0.0,0.0,0.0,0.0,2025-10-09 12:29:09.376297,0,0.556489129646704
Khadim Diaw,MIN,C,22.1194444,40,0.0,0.0,0.0,0.0,0.0,2025-10-09 12:29:09.376297,0,0.5408656383865273
Eduardo Quintero,LAD,CF,20.0555555,50,0.0,0.0,0.0,0.0,0.0,2025-10-09 12:29:09.376297,0,0.5400366776977334
Felnin Celesten,SEA,SS,20.0583333,50,0.0,0.0,0.0,0.0,0.0,2025-10-09 12:29:09.376297,0,0.5400366776977334
Colt Emerson,SEA,SS,20.2111111,55,0.0,0.0,0.0,0.0,0.0,2025-10-09 12:29:09.376297,0,0.5400366776977334
Arjun Nimmala,TOR,SS,19.9722222,50,0.0,0.0,0.0,0.0,0.0,2025-10-09 12:29:09.376297,0,0.5400366776977334
Edwin Arroyo,CIN,SS,22.1138888,45,0.0,0.0,0.0,0.0,0.0,2025-10-09 12:29:09.376297,0,0.535092409447304
Josue De Paula,LAD,RF,20.3666666,55,0.0,0.0,0.0,0.0,0.0,2025-10-09 12:29:09.376297,0,0.5350081219024131
George Lombard Jr.,NYY,SS,20.3444444,55,0.0,0.0,0.0,0.0,0.0,2025-10-09 12:29:09.376297,0,0.5350081219024131
Kaeden Kent,NYY,SS,22.1027777,40,0.0,0.0,0.0,0.0,0.0,2025-10-09 12:29:09.376297,0,0.5344295546398677
Callan Moss,PIT,1B,22.1,40,0.0,0.0,0.0,0.0,0.0,2025-10-09 12:29:09.376297,0,0.5344295546398677
Marco Dinges,MIL,C,22.0861111,40,0.0,0.0,0.0,0.0,0.0,2025-10-09 12:29:09.376297,0,0.5344295546398677
Jesús Made,MIL,SS,18.4111111,65,0.0,0.0,0.0,0.0,0.0,2025-10-09 12:29:09.376297,0,0.534200704359482
Franklin Arias,BOS,SS,19.8805555,50,0.0,0.0,0.0,0.0,0.0,2025-10-09 12:29:09.376297,0,0.5324738615546976
Mason White,BOS,SS,22.0416666,40,0.0,0.0,0.0,0.0,0.0,2025-10-09 12:29:09.376297,0,0.5324165811382663
Alfredo Duno,CIN,C,19.7472222,55,0.0,0.0,0.0,0.0,0.0,2025-10-09 12:29:09.376297,0,0.532100298863566
Konnor Griffin,PIT,SS,19.45,65,0.0,0.0,0.0,0.0,0.0,2025-10-09 12:29:09.376297,0,0.532100298863566
Sebastian Walcott,TEX,SS,19.5611111,60,0.0,0.0,0.0,0.0,0.0,2025-10-09 12:29:09.376297,0,0.532100298863566
Ethan Salas,SDP,C,19.3472222,50,0.0,0.0,0.0,0.0,0.0,2025-10-09 12:29:09.376297,0,0.5317326107901715
Kayson Cunningham,ARI,2B,19.2805555,50,0.0,0.0,0.0,0.0,0.0,2025-10-09 12:29:09.376297,0,0.5306197932286099
Ethan Holliday,COL,3B,18.6194444,55,0.0,0.0,0.0,0.0,0.0,2025-10-09 12:29:09.376297,0,0.5305652526846653
Leo De Vries,ATH,SS,18.9861111,55,0.0,0.0,0.0,0.0,0.0,2025-10-09 12:29:09.376297,0,0.5305325775423353
Cam Cannarella,MIA,CF,22.0833333,45,0.0,0.0,0.0,0.0,0.0,2025-10-09 12:29:09.376297,0,0.5286563257006445
Jefferson Rojas,CHC,SS,20.4472222,50,0.0,0.0,0.0,0.0,0.0,2025-10-09 12:29:09.376297,0,0.5273753497746259
Josuar De Jesus Gonzalez,SFG,SS,17.9722222,50,0.0,0.0,0.0,0.0,0.0,2025-10-09 12:29:09.376297,0,0.5260605156099655
Edward Florentino,PIT,1B,18.9027777,50,0.0,0.0,0.0,0.0,0.0,2025-10-09 12:29:09.376297,0,0.5243690717052545
Luis Peña,MIL,SS,18.8972222,50,0.0,0.0,0.0,0.0,0.0,2025-10-09 12:29:09.376297,0,0.5243690717052545
Rainiel Rodriguez,STL,C,18.7555555,50,0.0,0.0,0.0,0.0,0.0,2025-10-09 12:29:09.376297,0,0.5243690717052545
Max Clark,DET,CF,20.7916666,60,0.0,0.0,0.0,0.0,0.0,2025-10-09 12:29:09.376297,0,0.5240489327362184
Walker Jenkins,MIN,LF,20.6305555,50,0.0,0.0,0.0,0.0,0.0,2025-10-09 12:29:09.376297,0,0.5238578729342032
Josue Briceño,DET,C,21.0361111,50,0.0,0.0,0.0,0.0,0.0,2025-10-09 12:29:09.376297,0,0.523542385804534
Jonny Farmelo,SEA,CF,21.075,50,0.0,0.0,0.0,0.0,0.0,2025-10-09 12:29:09.376297,0,0.5230008839730322
Zyhir Hope,LAD,RF,20.7138888,50,0.0,0.0,0.0,0.0,0.0,2025-10-09 12:29:09.376297,0,0.5228471137864911
Eli Willits,WSN,SS,17.825,50,0.0,0.0,0.0,0.0,0.0,2025-10-09 12:29:09.376297,0,0.5227457475522758
Cooper Pratt,MIL,SS,21.1333333,50,0.0,0.0,0.0,0.0,0.0,2025-10-09 12:29:09.376297,0,0.5217332427307507
Kevin McGonigle,DET,2B,21.1333333,60,0.0,0.0,0.0,0.0,0.0,2025-10-09 12:29:09.376297,0,0.5217332427307507
Samuel Basallo,BAL,C,21.1472222,60,0.0,0.0,0.0,0.0,0.0,2025-10-09 12:29:09.376297,0,0.5217332427307507
Jacob Reimer,NYM,3B,21.6222222,50,0.0,0.0,0.0,0.0,0.0,2025-10-09 12:29:09.376297,0,0.5188331927681401
Leonardo Bernal,STL,C,21.6472222,50,0.0,0.0,0.0,0.0,0.0,2025-10-09 12:29:09.376297,0,0.5188331927681401
Jett Williams,NYM,CF,21.925,50,0.0,0.0,0.0,0.0,0.0,2025-10-09 12:29:09.376297,0,0.5160947000149676
Aidan Miller,PHI,SS,21.325,55,0.0,0.0,0.0,0.0,0.0,2025-10-09 12:29:09.376297,0,0.5118949690740195
Angel Genao,CLE,SS,21.3805555,50,0.0,0.0,0.0,0.0,0.0,2025-10-09 12:29:09.376297,0,0.5096617317270673
Jackson Ferris,LAD,SP,21.725,50,0.0,0.0,0.0,0.0,0.0,2025-10-09 12:29:09.376297,1,0.45044843848363786
Jarlin Susana,WSN,SP,21.5361111,55,0.0,0.0,0.0,0.0,0.0,2025-10-09 12:29:09.376297,1,0.4453271563174566
Didier Fuentes,ATL,SP,20.3027777,50,0.0,0.0,0.0,0.0,0.0,2025-10-09 12:29:09.376297,1,0.44446288706474296
Robby Snelling,MIA,SP,21.7972222,50,0.0,0.0,0.0,0.0,0.0,2025-10-09 12:29:09.376297,1,0.4422232590958605
Thomas White,MIA,SP,21.0194444,55,0.0,0.0,0.0,0.0,0.0,2025-10-09 12:29:09.376297,1,0.44179627557175144
Kyson Witherspoon,BOS,SP,21.15,50,0.0,0.0,0.0,0.0,0.0,2025-10-09 12:29:09.376297,1,0.44109556655079435
Liam Doyle,STL,SP,21.3416666,55,0.0,0.0,0.0,0.0,0.0,2025-10-09 12:29:09.376297,1,0.4395671603682472
Kade Anderson,SEA,SP,21.25,50,0.0,0.0,0.0,0.0,0.0,2025-10-09 12:29:09.376297,1,0.4395211875666278
Travis Sykora,WSN,SP,21.4388888,50,0.0,0.0,0.0,0.0,0.0,2025-10-09 12:29:09.376297,1,0.43548810787211484
Tyler Bremner,LAA,SP,21.4611111,50,0.0,0.0,0.0,0.0,0.0,2025-10-09 12:29:09.376297,1,0.4342023959478798
Aiva Arquette,MIA,SS,21.9694444,50,0.0,0.0,0.0,0.0,0.0,2025-10-09 12:29:09.376297,0,0.4149064940748744
Alex Freeland,LAD,SS,24.1166666,50,0.0,0.0,0.0,0.0,0.0,2025-10-09 12:29:09.376297,0,0.3397249774833295
Carson Benge,NYM,CF,22.7111111,50,0.0,0.0,0.0,0.0,0.0,2025-10-09 12:29:09.376297,0,0.33936907262036714
Tre' Morgan,TBR,1B,23.2222222,50,0.0,0.0,0.0,0.0,0.0,2025-10-09 12:29:09.376297,0,0.3392610130788691
Kevin Alcántara,CHC,CF,23.2333333,50,0.0,0.0,0.0,0.0,0.0,2025-10-09 12:29:09.376297,0,0.3392610130788691
Braden Montgomery,CHW,RF,22.4722222,50,0.0,0.0,0.0,0.0,0.0,2025-10-09 12:29:09.376297,0,0.33913654445934366
Jimmy Crooks,STL,C,24.2138888,50,0.0,0.0,0.0,0.0,0.0,2025-10-09 12:29:09.376297,0,0.33912585786661964
JJ Wetherholt,STL,2B,23.0722222,55,0.0,0.0,0.0,0.0,0.0,2025-10-09 12:29:09.376297,0,0.33909080343526316
Travis Bazzana,CLE,2B,23.1055555,50,0.0,0.0,0.0,0.0,0.0,2025-10-09 12:29:09.376297,0,0.33909080343526316
Jeferson Quero,MIL,C,22.9944444,50,0.0,0.0,0.0,0.0,0.0,2025-10-09 12:29:09.376297,0,0.3386917777625134
Ryan Waldschmidt,ARI,LF,22.9972222,50,0.0,0.0,0.0,0.0,0.0,2025-10-09 12:29:09.376297,0,0.3386917777625134
Joe Mack,MIA,C,22.775,50,0.0,0.0,0.0,0.0,0.0,2025-10-09 12:29:09.376297,0,0.3386917777625134
Chase DeLauter,CLE,RF,23.9944444,50,0.0,0.0,0.0,0.0,0.0,2025-10-09 12:29:09.376297,0,0.337535795597951
Emmanuel Rodriguez,MIN,CF,22.6,50,0.0,0.0,0.0,0.0,0.0,2025-10-09 12:29:09.376297,0,0.3363526043663989
Harry Ford,SEA,C,22.625,50,0.0,0.0,0.0,0.0,0.0,2025-10-09 12:29:09.376297,0,0.3363526043663989
Carson Williams,TBR,SS,22.2805555,55,0.0,0.0,0.0,0.0,0.0,2025-10-09 12:29:09.376297,0,0.3289858961497741
Thayron Liranzo,DET,C,22.2527777,50,0.0,0.0,0.0,0.0,0.0,2025-10-09 12:29:09.376297,0,0.32116967563575727
Carter Jensen,KCR,C,22.2583333,50,0.0,0.0,0.0,0.0,0.0,2025-10-09 12:29:09.376297,0,0.32116967563575727
Cooper Ingle,CLE,C,23.6194444,50,0.0,0.0,0.0,0.0,0.0,2025-10-09 12:29:09.376297,0,0.3064062565889998
Chase Petty,CIN,SP,22.5055555,50,0.0,0.0,0.0,0.0,0.0,2025-10-09 12:29:09.376297,1,0.2649664656513273
Andrew Painter,PHI,SP,22.4888888,55,0.0,0.0,0.0,0.0,0.0,2025-10-09 12:29:09.376297,1,0.2649664656513273
Brandon Clarke,BOS,SP,22.4888888,50,0.0,0.0,0.0,0.0,0.0,2025-10-09 12:29:09.376297,1,0.2649664656513273
Gage Jump,ATH,SP,22.4833333,50,0.0,0.0,0.0,0.0,0.0,2025-10-09 12:29:09.376297,1,0.2649664656513273
Jake Bloss,TOR,SP,24.2861111,50,0.0,0.0,0.0,0.0,0.0,2025-10-09 12:29:09.376297,1,0.2644434510948425
Nolan McLean,NYM,SP,24.2,55,0.0,0.0,0.0,0.0,0.0,2025-10-09 12:29:09.376297,1,0.264433989556381
Brandon Sproat,NYM,SP,25.0527777,50,0.0,0.0,0.0,0.0,0.0,2025-10-09 12:29:09.376297,1,0.2630237308542967
River Ryan,LAD,SP,27.1361111,50,0.0,0.0,0.0,0.0,0.0,2025-10-09 12:29:09.376297,1,0.26252795502912946
Jaxon Wiggins,CHC,SP,24.0083333,50,0.0,0.0,0.0,0.0,0.0,2025-10-09 12:29:09.376297,1,0.2603923213988542
Payton Tolle,BOS,SP,22.9305555,50,0.0,0.0,0.0,0.0,0.0,2025-10-09 12:29:09.376297,1,0.25907354276954164
Khal Stephen,CLE,SP,22.7916666,50,0.0,0.0,0.0,0.0,0.0,2025-10-09 12:29:09.376297,1,0.25907354276954164
Trey Gibson,BAL,SP,23.3833333,50,0.0,0.0,0.0,0.0,0.0,2025-10-09 12:29:09.376297,1,0.25880300236337067
Ricky Tiedemann,TOR,SP,23.1333333,50,0.0,0.0,0.0,0.0,0.0,2025-10-09 12:29:09.376297,1,0.25864002339633985
Tink Hence,STL,SP,23.1666666,50,0.0,0.0,0.0,0.0,0.0,2025-10-09 12:29:09.376297,1,0.25864002339633985
Bubba Chandler,PIT,SP,23.0611111,60,0.0,0.0,0.0,0.0,0.0,2025-10-09 12:29:09.376297,1,0.25853792437436884
Luis Morales,ATH,SP,23.0333333,50,0.0,0.0,0.0,0.0,0.0,2025-10-09 12:29:09.376297,1,0.25810396613614234
Quinn Mathews,STL,SP,25.0055555,50,0.0,0.0,0.0,0.0,0.0,2025-10-09 12:29:09.376297,1,0.256619831419254
Carson Whisenhunt,SFG,SP,24.9611111,50,0.0,0.0,0.0,0.0,0.0,2025-10-09 12:29:09.376297,1,0.256619831419254
Parker Messick,CLE,SP,24.9444444,50,0.0,0.0,0.0,0.0,0.0,2025-10-09 12:29:09.376297,1,0.256619831419254
Connor Prielipp,MIN,SP,24.7388888,50,0.0,0.0,0.0,0.0,0.0,2025-10-09 12:29:09.376297,1,0.2560931976592217
Jonah Tong,NYM,SP,22.325,50,0.0,0.0,0.0,0.0,0.0,2025-10-09 12:29:09.376297,1,0.25479433779080646
Jurrangelo Cijntje,SEA,SP,22.35,50,0.0,0.0,0.0,0.0,0.0,2025-10-09 12:29:09.376297,1,0.25479433779080646
Moisés Chace,PHI,SP,22.325,50,0.0,0.0,0.0,0.0,0.0,2025-10-09 12:29:09.376297,1,0.25479433779080646
Trey Yesavage,TOR,SP,22.1888888,50,0.0,0.0,0.0,0.0,0.0,2025-10-09 12:29:09.376297,1,0.24546106348428884
Hagen Smith,CHW,SP,22.1305555,50,0.0,0.0,0.0,0.0,0.0,2025-10-09 12:29:09.376297,1,0.24546106348428884
Noah Schultz,CHW,SP,22.1694444,55,0.0,0.0,0.0,0.0,0.0,2025-10-09 12:29:09.376297,1,0.24546106348428884
Brody Hopkins,TBR,SP,23.7166666,50,0.0,0.0,0.0,0.0,0.0,2025-10-09 12:29:09.376297,1,0.24254395186771105
George Klassen,LAA,SP,23.6944444,50,0.0,0.0,0.0,0.0,0.0,2025-10-09 12:29:09.376297,1,0.24162491109057338
Logan Henderson,MIL,SP,23.5944444,50,0.0,0.0,0.0,0.0,0.0,2025-10-09 12:29:09.376297,1,0.22425513943359301
Rhett Lowder,CIN,SP,23.5777777,50,0.0,0.0,0.0,0.0,0.0,2025-10-09 12:29:09.376297,1,0.22425513943359301
